GRN_ID,PO_ID,Vendor_ID,Item_ID,GRN_Date,Received_Qty
GRN2025000001,PO2025000001,V020,SKU0041,2025-09-30,37
GRN2025000002,PO2025000002,V021,SKU0075,2026-03-15,161
GRN2025000003,PO2025000003,V023,SKU0075,2025-03-04,100
GRN2025000004,PO2025000004,V039,SKU0074,2025-11-22,8
GRN2025000005,PO2025000005,V001,SKU0078,2025-04-28,111
GRN2025000006,PO2025000006,V034,SKU0021,2026-05-09,117
GRN2025000007,PO2025000007,V025,SKU0010,2025-08-28,170
GRN2025000008,PO2025000008,V010,SKU0068,2026-05-18,240
GRN2025000009,PO2025000009,V033,SKU0074,2025-04-21,229
GRN2025000010,PO2025000010,V005,SKU0016,2025-04-20,208
GRN2025000011,PO2025000011,V013,SKU0059,2026-07-09,199
GRN2025000012,PO2025000012,V010,SKU0076,2025-09-14,72
GRN2025000013,PO2025000013,V034,SKU0056,2025-03-11,223
GRN2025000014,PO2025000014,V025,SKU0063,2026-04-20,35
GRN2025000015,PO2025000015,V028,SKU0052,2025-06-07,68
GRN2025000016,PO2025000016,V021,SKU0030,2026-04-02,83
GRN2025000017,PO2025000017,V035,SKU0039,2026-04-21,67
GRN2025000018,PO2025000018,V003,SKU0024,2025-05-01,184
GRN2025000019,PO2025000019,V026,SKU0008,2026-02-08,110
GRN2025000020,PO2025000020,V018,SKU0063,2026-09-18,199
GRN2025000021,PO2025000021,V007,SKU0014,2025-04-06,142
GRN2025000022,PO2025000022,V021,SKU0040,2025-06-13,151
GRN2025000023,PO2025000023,V030,SKU0034,2026-08-04,194
GRN2025000024,PO2025000024,V032,SKU0030,2025-11-24,80
GRN2025000025,PO2025000025,V006,SKU0059,2025-04-23,103
GRN2025000026,PO2025000026,V016,SKU0001,2026-04-06,171
GRN2025000027,PO2025000027,V024,SKU0044,2025-01-20,25
GRN2025000028,PO2025000028,V018,SKU0042,2026-07-18,196
GRN2025000029,PO2025000029,V002,SKU0009,2026-02-27,250
GRN2025000030,PO2025000030,V019,SKU0012,2026-06-28,158
GRN2025000031,PO2025000031,V040,SKU0065,2026-08-28,61
GRN2025000032,PO2025000032,V034,SKU0056,2026-05-20,210
GRN2025000033,PO2025000033,V022,SKU0051,2025-02-25,213
GRN2025000034,PO2025000034,V021,SKU0079,2026-04-05,154
GRN2025000035,PO2025000035,V017,SKU0014,2025-08-30,25
GRN2025000036,PO2025000036,V035,SKU0046,2025-10-11,38
GRN2025000037,PO2025000037,V018,SKU0076,2025-04-30,38
GRN2025000038,PO2025000038,V012,SKU0008,2025-07-16,155
GRN2025000039,PO2025000039,V017,SKU0076,2026-01-03,151
GRN2025000040,PO2025000040,V010,SKU0029,2025-12-30,148
GRN2025000041,PO2025000041,V032,SKU0016,2025-10-07,133
GRN2025000042,PO2025000042,V036,SKU0069,2025-11-17,184
GRN2025000043,PO2025000043,V003,SKU0006,2026-06-29,211
GRN2025000044,PO2025000044,V003,SKU0060,2026-07-23,3
GRN2025000045,PO2025000045,V021,SKU0030,2025-11-14,240
GRN2025000046,PO2025000046,V031,SKU0032,2026-08-07,161
GRN2025000047,PO2025000047,V034,SKU0074,2026-09-12,251
GRN2025000048,PO2025000048,V014,SKU0007,2026-06-17,190
GRN2025000049,PO2025000049,V038,SKU0004,2026-02-14,59
GRN2025000050,PO2025000050,V010,SKU0068,2026-06-15,214
GRN2025000051,PO2025000051,V003,SKU0060,2025-12-05,221
GRN2025000052,PO2025000052,V035,SKU0035,2026-07-24,77
GRN2025000053,PO2025000053,V001,SKU0032,2026-09-03,230
GRN2025000054,PO2025000054,V028,SKU0036,2025-09-25,78
GRN2025000055,PO2025000055,V029,SKU0079,2026-05-21,156
GRN2025000056,PO2025000056,V025,SKU0063,2025-10-29,217
GRN2025000057,PO2025000057,V017,SKU0078,2025-03-31,247
GRN2025000058,PO2025000058,V002,SKU0041,2026-05-03,241
GRN2025000059,PO2025000059,V010,SKU0033,2025-03-01,199
GRN2025000060,PO2025000060,V010,SKU0003,2025-02-26,94
GRN2025000061,PO2025000061,V001,SKU0070,2026-04-19,186
GRN2025000062,PO2025000062,V018,SKU0001,2026-08-23,130
GRN2025000063,PO2025000063,V011,SKU0020,2025-09-29,143
GRN2025000064,PO2025000064,V022,SKU0071,2026-06-25,48
GRN2025000065,PO2025000065,V026,SKU0024,2026-04-24,103
GRN2025000066,PO2025000066,V003,SKU0032,2025-11-03,229
GRN2025000067,PO2025000067,V023,SKU0002,2025-07-16,114
GRN2025000068,PO2025000068,V021,SKU0044,2026-09-05,72
GRN2025000069,PO2025000069,V040,SKU0060,2025-06-02,149
GRN2025000070,PO2025000070,V035,SKU0001,2025-07-06,12
GRN2025000071,PO2025000071,V040,SKU0021,2026-06-03,169
GRN2025000072,PO2025000072,V005,SKU0026,2026-08-19,196
GRN2025000073,PO2025000073,V005,SKU0046,2025-02-21,247
GRN2025000074,PO2025000074,V005,SKU0063,2025-02-24,225
GRN2025000075,PO2025000075,V017,SKU0034,2026-06-13,42
GRN2025000076,PO2025000076,V018,SKU0038,2026-06-05,133
GRN2025000077,PO2025000077,V028,SKU0060,2025-08-13,63
GRN2025000078,PO2025000078,V007,SKU0002,2026-07-17,24
GRN2025000079,PO2025000079,V025,SKU0008,2025-12-29,59
GRN2025000080,PO2025000080,V036,SKU0062,2026-09-24,157
GRN2025000081,PO2025000081,V025,SKU0007,2025-08-29,145
GRN2025000082,PO2025000082,V017,SKU0066,2025-02-19,216
GRN2025000083,PO2025000083,V030,SKU0025,2026-04-05,207
GRN2025000084,PO2025000084,V006,SKU0005,2025-04-29,199
GRN2025000085,PO2025000085,V040,SKU0032,2025-04-10,144
GRN2025000086,PO2025000086,V011,SKU0011,2025-07-16,87
GRN2025000087,PO2025000087,V010,SKU0068,2025-06-20,156
GRN2025000088,PO2025000088,V030,SKU0022,2026-05-02,180
GRN2025000089,PO2025000089,V032,SKU0035,2025-09-10,235
GRN2025000090,PO2025000090,V006,SKU0022,2025-04-25,109
GRN2025000091,PO2025000091,V030,SKU0052,2025-09-02,104
GRN2025000092,PO2025000092,V032,SKU0073,2026-03-05,217
GRN2025000093,PO2025000093,V040,SKU0031,2026-05-23,181
GRN2025000094,PO2025000094,V016,SKU0033,2025-01-10,151
GRN2025000095,PO2025000095,V031,SKU0011,2025-07-24,42
GRN2025000096,PO2025000096,V031,SKU0047,2026-06-30,87
GRN2025000097,PO2025000097,V019,SKU0011,2025-02-10,4
GRN2025000098,PO2025000098,V005,SKU0011,2025-07-18,75
GRN2025000099,PO2025000099,V015,SKU0077,2026-01-02,19
GRN2025000100,PO2025000100,V030,SKU0050,2025-09-15,137
GRN2025000101,PO2025000101,V021,SKU0059,2026-04-01,75
GRN2025000102,PO2025000102,V025,SKU0076,2025-09-17,32
GRN2025000103,PO2025000103,V027,SKU0034,2025-02-12,114
GRN2025000104,PO2025000104,V022,SKU0043,2026-03-18,63
GRN2025000105,PO2025000105,V014,SKU0042,2025-07-12,124
GRN2025000106,PO2025000106,V039,SKU0008,2025-11-14,209
GRN2025000107,PO2025000107,V011,SKU0013,2026-07-23,2
GRN2025000108,PO2025000108,V022,SKU0068,2026-09-16,37
GRN2025000109,PO2025000109,V037,SKU0045,2025-02-09,234
GRN2025000110,PO2025000110,V032,SKU0017,2026-07-30,134
GRN2025000111,PO2025000111,V012,SKU0023,2026-07-01,17
GRN2025000112,PO2025000112,V007,SKU0074,2026-02-08,81
GRN2025000113,PO2025000113,V025,SKU0077,2025-12-11,87
GRN2025000114,PO2025000114,V012,SKU0072,2026-04-20,188
GRN2025000115,PO2025000115,V029,SKU0030,2026-03-30,185
GRN2025000116,PO2025000116,V014,SKU0034,2025-05-08,163
GRN2025000117,PO2025000117,V027,SKU0011,2026-02-21,184
GRN2025000118,PO2025000118,V032,SKU0061,2025-06-17,229
GRN2025000119,PO2025000119,V012,SKU0074,2026-07-16,186
GRN2025000120,PO2025000120,V025,SKU0025,2026-01-26,17
GRN2025000121,PO2025000121,V001,SKU0057,2026-07-04,215
GRN2025000122,PO2025000122,V022,SKU0036,2026-01-30,188
GRN2025000123,PO2025000123,V040,SKU0080,2026-05-01,60
GRN2025000124,PO2025000124,V026,SKU0025,2025-06-22,116
GRN2025000125,PO2025000125,V015,SKU0001,2025-02-11,51
GRN2025000126,PO2025000126,V019,SKU0080,2025-07-05,49
GRN2025000127,PO2025000127,V026,SKU0006,2026-08-08,36
GRN2025000128,PO2025000128,V034,SKU0047,2025-04-29,40
GRN2025000129,PO2025000129,V027,SKU0002,2026-09-15,9
GRN2025000130,PO2025000130,V013,SKU0026,2025-07-11,116
GRN2025000131,PO2025000131,V028,SKU0067,2026-07-14,206
GRN2025000132,PO2025000132,V009,SKU0072,2025-06-22,37
GRN2025000133,PO2025000133,V003,SKU0019,2025-01-13,23
GRN2025000134,PO2025000134,V002,SKU0012,2025-02-21,216
GRN2025000135,PO2025000135,V022,SKU0060,2026-01-08,66
GRN2025000136,PO2025000136,V017,SKU0018,2026-02-05,53
GRN2025000137,PO2025000137,V002,SKU0066,2025-03-03,101
GRN2025000138,PO2025000138,V008,SKU0071,2026-08-21,244
GRN2025000139,PO2025000139,V011,SKU0059,2025-01-16,119
GRN2025000140,PO2025000140,V015,SKU0039,2026-01-17,66
GRN2025000141,PO2025000141,V031,SKU0022,2025-04-07,131
GRN2025000142,PO2025000142,V024,SKU0072,2026-05-08,120
GRN2025000143,PO2025000143,V019,SKU0047,2025-11-01,50
GRN2025000144,PO2025000144,V021,SKU0015,2025-02-26,35
GRN2025000145,PO2025000145,V014,SKU0022,2026-08-08,142
GRN2025000146,PO2025000146,V025,SKU0033,2025-04-06,39
GRN2025000147,PO2025000147,V018,SKU0004,2025-06-01,79
GRN2025000148,PO2025000148,V014,SKU0040,2025-12-10,124
GRN2025000149,PO2025000149,V013,SKU0018,2025-05-02,246
GRN2025000150,PO2025000150,V017,SKU0065,2026-02-14,96
GRN2025000151,PO2025000151,V019,SKU0031,2025-10-26,74
GRN2025000152,PO2025000152,V013,SKU0014,2025-11-21,182
GRN2025000153,PO2025000153,V022,SKU0067,2026-09-09,232
GRN2025000154,PO2025000154,V005,SKU0074,2026-08-09,146
GRN2025000155,PO2025000155,V007,SKU0069,2025-06-11,125
GRN2025000156,PO2025000156,V040,SKU0030,2026-06-15,142
GRN2025000157,PO2025000157,V010,SKU0078,2025-03-11,241
GRN2025000158,PO2025000158,V005,SKU0009,2025-09-11,203
GRN2025000159,PO2025000159,V038,SKU0030,2025-03-22,93
GRN2025000160,PO2025000160,V003,SKU0002,2026-08-12,131
GRN2025000161,PO2025000161,V032,SKU0050,2025-04-17,11
GRN2025000162,PO2025000162,V020,SKU0028,2025-05-01,26
GRN2025000163,PO2025000163,V033,SKU0020,2025-03-07,147
GRN2025000164,PO2025000164,V018,SKU0030,2026-09-23,121
GRN2025000165,PO2025000165,V037,SKU0061,2026-05-30,140
GRN2025000166,PO2025000166,V037,SKU0057,2025-09-08,206
GRN2025000167,PO2025000167,V008,SKU0078,2025-05-16,25
GRN2025000168,PO2025000168,V034,SKU0050,2026-06-21,71
GRN2025000169,PO2025000169,V036,SKU0036,2026-03-19,192
GRN2025000170,PO2025000170,V029,SKU0007,2025-12-16,156
GRN2025000171,PO2025000171,V012,SKU0079,2026-05-17,53
GRN2025000172,PO2025000172,V003,SKU0012,2025-05-15,38
GRN2025000173,PO2025000173,V009,SKU0070,2026-02-02,164
GRN2025000174,PO2025000174,V010,SKU0050,2026-08-10,213
GRN2025000175,PO2025000175,V013,SKU0014,2026-02-26,42
GRN2025000176,PO2025000176,V038,SKU0066,2025-03-20,148
GRN2025000177,PO2025000177,V040,SKU0042,2025-10-30,231
GRN2025000178,PO2025000178,V026,SKU0002,2025-11-05,125
GRN2025000179,PO2025000179,V026,SKU0073,2025-10-05,115
GRN2025000180,PO2025000180,V027,SKU0075,2026-08-19,133
GRN2025000181,PO2025000181,V019,SKU0048,2026-04-05,89
GRN2025000182,PO2025000182,V036,SKU0046,2025-04-01,26
GRN2025000183,PO2025000183,V022,SKU0059,2026-04-27,44
GRN2025000184,PO2025000184,V006,SKU0020,2025-07-12,97
GRN2025000185,PO2025000185,V020,SKU0047,2026-04-22,19
GRN2025000186,PO2025000186,V008,SKU0028,2025-09-04,181
GRN2025000187,PO2025000187,V006,SKU0057,2025-07-14,216
GRN2025000188,PO2025000188,V020,SKU0002,2026-07-07,143
GRN2025000189,PO2025000189,V029,SKU0002,2026-01-02,120
GRN2025000190,PO2025000190,V040,SKU0009,2026-03-28,55
GRN2025000191,PO2025000191,V006,SKU0033,2026-04-26,47
GRN2025000192,PO2025000192,V008,SKU0060,2025-02-28,130
GRN2025000193,PO2025000193,V008,SKU0079,2025-07-04,231
GRN2025000194,PO2025000194,V010,SKU0028,2026-08-20,141
GRN2025000195,PO2025000195,V032,SKU0047,2025-09-09,185
GRN2025000196,PO2025000196,V040,SKU0072,2025-12-03,183
GRN2025000197,PO2025000197,V015,SKU0014,2025-05-11,115
GRN2025000198,PO2025000198,V040,SKU0053,2025-09-27,62
GRN2025000199,PO2025000199,V004,SKU0011,2025-05-09,45
GRN2025000200,PO2025000200,V037,SKU0051,2025-06-20,151
GRN2025000201,PO2025000201,V017,SKU0033,2026-06-12,159
GRN2025000202,PO2025000202,V032,SKU0032,2026-08-04,154
GRN2025000203,PO2025000203,V035,SKU0008,2026-02-01,125
GRN2025000204,PO2025000204,V018,SKU0015,2025-12-07,247
GRN2025000205,PO2025000205,V005,SKU0025,2025-11-16,169
GRN2025000206,PO2025000206,V037,SKU0062,2026-04-12,74
GRN2025000207,PO2025000207,V039,SKU0066,2026-08-07,41
GRN2025000208,PO2025000208,V024,SKU0033,2026-01-27,155
GRN2025000209,PO2025000209,V010,SKU0062,2025-05-30,85
GRN2025000210,PO2025000210,V037,SKU0057,2025-07-27,142
GRN2025000211,PO2025000211,V017,SKU0076,2026-06-28,14
GRN2025000212,PO2025000212,V012,SKU0018,2025-12-21,134
GRN2025000213,PO2025000213,V018,SKU0057,2025-03-11,160
GRN2025000214,PO2025000214,V013,SKU0017,2025-02-04,223
GRN2025000215,PO2025000215,V007,SKU0073,2026-02-26,231
GRN2025000216,PO2025000216,V003,SKU0005,2026-08-30,18
GRN2025000217,PO2025000217,V026,SKU0025,2026-02-08,111
GRN2025000218,PO2025000218,V017,SKU0064,2026-05-12,66
GRN2025000219,PO2025000219,V026,SKU0069,2026-07-11,21
GRN2025000220,PO2025000220,V005,SKU0024,2026-09-01,143
GRN2025000221,PO2025000221,V037,SKU0011,2025-08-04,174
GRN2025000222,PO2025000222,V018,SKU0007,2026-09-19,57
GRN2025000223,PO2025000223,V002,SKU0061,2026-08-28,119
GRN2025000224,PO2025000224,V026,SKU0049,2026-09-19,185
GRN2025000225,PO2025000225,V023,SKU0038,2026-08-25,241
GRN2025000226,PO2025000226,V015,SKU0062,2025-12-19,184
GRN2025000227,PO2025000227,V026,SKU0016,2025-08-04,100
GRN2025000228,PO2025000228,V037,SKU0013,2026-04-28,124
GRN2025000229,PO2025000229,V011,SKU0052,2026-01-15,188
GRN2025000230,PO2025000230,V035,SKU0026,2025-05-19,96
GRN2025000231,PO2025000231,V040,SKU0074,2026-07-27,146
GRN2025000232,PO2025000232,V023,SKU0047,2026-02-04,104
GRN2025000233,PO2025000233,V006,SKU0043,2026-06-15,247
GRN2025000234,PO2025000234,V001,SKU0009,2025-05-05,65
GRN2025000235,PO2025000235,V024,SKU0009,2025-04-20,131
GRN2025000236,PO2025000236,V033,SKU0011,2025-01-13,138
GRN2025000237,PO2025000237,V009,SKU0012,2026-04-03,50
GRN2025000238,PO2025000238,V020,SKU0060,2025-05-20,184
GRN2025000239,PO2025000239,V018,SKU0020,2026-01-27,159
GRN2025000240,PO2025000240,V020,SKU0056,2025-06-01,46
GRN2025000241,PO2025000241,V008,SKU0046,2026-07-25,110
GRN2025000242,PO2025000242,V039,SKU0058,2026-09-06,50
GRN2025000243,PO2025000243,V034,SKU0076,2026-01-21,121
GRN2025000244,PO2025000244,V004,SKU0015,2026-06-14,132
GRN2025000245,PO2025000245,V006,SKU0059,2025-02-02,93
GRN2025000246,PO2025000246,V004,SKU0018,2026-08-16,140
GRN2025000247,PO2025000247,V004,SKU0056,2026-02-14,247
GRN2025000248,PO2025000248,V020,SKU0061,2026-04-13,27
GRN2025000249,PO2025000249,V018,SKU0021,2026-02-05,49
GRN2025000250,PO2025000250,V007,SKU0011,2025-02-06,137
GRN2025000251,PO2025000251,V021,SKU0035,2025-02-05,172
GRN2025000252,PO2025000252,V001,SKU0027,2025-10-17,82
GRN2025000253,PO2025000253,V024,SKU0061,2025-08-10,198
GRN2025000254,PO2025000254,V025,SKU0073,2025-07-13,182
GRN2025000255,PO2025000255,V018,SKU0043,2025-04-09,199
GRN2025000256,PO2025000256,V034,SKU0001,2025-11-13,39
GRN2025000257,PO2025000257,V038,SKU0064,2025-11-08,10
GRN2025000258,PO2025000258,V039,SKU0021,2026-06-26,127
GRN2025000259,PO2025000259,V014,SKU0043,2026-07-17,245
GRN2025000260,PO2025000260,V029,SKU0055,2025-10-23,47
GRN2025000261,PO2025000261,V019,SKU0038,2026-02-11,91
GRN2025000262,PO2025000262,V030,SKU0004,2025-12-28,125
GRN2025000263,PO2025000263,V037,SKU0075,2025-06-05,153
GRN2025000264,PO2025000264,V021,SKU0067,2025-11-28,196
GRN2025000265,PO2025000265,V011,SKU0061,2025-06-04,85
GRN2025000266,PO2025000266,V016,SKU0079,2025-08-04,87
GRN2025000267,PO2025000267,V031,SKU0029,2026-08-03,13
GRN2025000268,PO2025000268,V031,SKU0039,2026-07-12,30
GRN2025000269,PO2025000269,V004,SKU0036,2026-04-19,11
GRN2025000270,PO2025000270,V032,SKU0042,2026-06-11,88
GRN2025000271,PO2025000271,V018,SKU0078,2025-09-08,213
GRN2025000272,PO2025000272,V018,SKU0060,2025-11-14,14
GRN2025000273,PO2025000273,V015,SKU0045,2025-09-12,129
GRN2025000274,PO2025000274,V032,SKU0047,2026-06-01,43
GRN2025000275,PO2025000275,V024,SKU0014,2026-07-26,236
GRN2025000276,PO2025000276,V024,SKU0001,2025-02-24,128
GRN2025000277,PO2025000277,V038,SKU0021,2025-05-03,66
GRN2025000278,PO2025000278,V029,SKU0080,2026-05-01,115
GRN2025000279,PO2025000279,V038,SKU0053,2026-08-10,87
GRN2025000280,PO2025000280,V008,SKU0069,2025-06-22,120
GRN2025000281,PO2025000281,V014,SKU0036,2025-03-22,121
GRN2025000282,PO2025000282,V015,SKU0038,2025-07-04,210
GRN2025000283,PO2025000283,V008,SKU0025,2026-01-28,84
GRN2025000284,PO2025000284,V016,SKU0022,2026-08-27,44
GRN2025000285,PO2025000285,V028,SKU0065,2025-10-11,6
GRN2025000286,PO2025000286,V021,SKU0067,2026-07-01,150
GRN2025000287,PO2025000287,V035,SKU0057,2025-06-02,40
GRN2025000288,PO2025000288,V014,SKU0025,2025-05-09,174
GRN2025000289,PO2025000289,V012,SKU0014,2026-03-24,148
GRN2025000290,PO2025000290,V030,SKU0077,2026-04-13,248
GRN2025000291,PO2025000291,V018,SKU0063,2025-11-26,134
GRN2025000292,PO2025000292,V016,SKU0061,2025-08-11,38
GRN2025000293,PO2025000293,V037,SKU0003,2025-09-12,189
GRN2025000294,PO2025000294,V017,SKU0040,2026-06-10,88
GRN2025000295,PO2025000295,V034,SKU0030,2025-12-23,143
GRN2025000296,PO2025000296,V001,SKU0058,2025-01-09,11
GRN2025000297,PO2025000297,V030,SKU0019,2025-10-16,103
GRN2025000298,PO2025000298,V021,SKU0033,2025-04-23,144
GRN2025000299,PO2025000299,V027,SKU0062,2025-06-21,208
GRN2025000300,PO2025000300,V014,SKU0062,2025-06-13,172
GRN2025000301,PO2025000301,V028,SKU0008,2025-05-30,110
GRN2025000302,PO2025000302,V040,SKU0009,2025-02-28,213
GRN2025000303,PO2025000303,V024,SKU0078,2025-06-13,100
GRN2025000304,PO2025000304,V032,SKU0038,2026-07-19,99
GRN2025000305,PO2025000305,V014,SKU0044,2026-03-16,228
GRN2025000306,PO2025000306,V005,SKU0079,2025-11-21,36
GRN2025000307,PO2025000307,V007,SKU0073,2026-08-11,182
GRN2025000308,PO2025000308,V036,SKU0058,2026-06-27,147
GRN2025000309,PO2025000309,V017,SKU0035,2026-02-16,190
GRN2025000310,PO2025000310,V034,SKU0046,2025-02-24,14
GRN2025000311,PO2025000311,V008,SKU0052,2025-06-26,198
GRN2025000312,PO2025000312,V034,SKU0043,2026-08-30,219
GRN2025000313,PO2025000313,V036,SKU0067,2025-09-07,149
GRN2025000314,PO2025000314,V015,SKU0042,2025-06-21,93
GRN2025000315,PO2025000315,V016,SKU0041,2026-08-27,60
GRN2025000316,PO2025000316,V033,SKU0065,2025-12-22,21
GRN2025000317,PO2025000317,V026,SKU0042,2026-09-03,104
GRN2025000318,PO2025000318,V020,SKU0067,2026-03-16,66
GRN2025000319,PO2025000319,V028,SKU0034,2026-06-25,31
GRN2025000320,PO2025000320,V037,SKU0044,2026-09-19,55
GRN2025000321,PO2025000321,V018,SKU0013,2026-08-25,184
GRN2025000322,PO2025000322,V022,SKU0002,2025-01-31,168
GRN2025000323,PO2025000323,V001,SKU0035,2025-12-05,86
GRN2025000324,PO2025000324,V016,SKU0036,2025-04-25,155
GRN2025000325,PO2025000325,V026,SKU0027,2025-07-10,138
GRN2025000326,PO2025000326,V002,SKU0050,2026-03-09,30
GRN2025000327,PO2025000327,V019,SKU0053,2025-03-07,249
GRN2025000328,PO2025000328,V007,SKU0050,2025-06-14,175
GRN2025000329,PO2025000329,V015,SKU0007,2026-04-07,50
GRN2025000330,PO2025000330,V004,SKU0033,2026-06-27,193
GRN2025000331,PO2025000331,V020,SKU0008,2025-09-04,74
GRN2025000332,PO2025000332,V020,SKU0003,2025-03-24,37
GRN2025000333,PO2025000333,V037,SKU0066,2025-11-24,124
GRN2025000334,PO2025000334,V023,SKU0066,2026-07-27,145
GRN2025000335,PO2025000335,V029,SKU0045,2025-08-23,87
GRN2025000336,PO2025000336,V022,SKU0051,2026-03-19,131
GRN2025000337,PO2025000337,V029,SKU0058,2026-06-09,127
GRN2025000338,PO2025000338,V001,SKU0054,2025-04-21,212
GRN2025000339,PO2025000339,V037,SKU0075,2025-05-27,100
GRN2025000340,PO2025000340,V037,SKU0032,2025-12-26,57
GRN2025000341,PO2025000341,V013,SKU0050,2025-12-21,113
GRN2025000342,PO2025000342,V032,SKU0066,2026-03-08,167
GRN2025000343,PO2025000343,V032,SKU0060,2025-08-21,61
GRN2025000344,PO2025000344,V003,SKU0071,2025-06-13,247
GRN2025000345,PO2025000345,V038,SKU0070,2026-06-22,173
GRN2025000346,PO2025000346,V021,SKU0072,2025-07-29,59
GRN2025000347,PO2025000347,V034,SKU0012,2025-02-02,216
GRN2025000348,PO2025000348,V021,SKU0041,2026-07-28,203
GRN2025000349,PO2025000349,V013,SKU0011,2025-04-26,99
GRN2025000350,PO2025000350,V023,SKU0022,2026-01-04,116
GRN2025000351,PO2025000351,V034,SKU0043,2025-05-06,35
GRN2025000352,PO2025000352,V020,SKU0003,2026-04-08,116
GRN2025000353,PO2025000353,V028,SKU0046,2025-12-04,110
GRN2025000354,PO2025000354,V003,SKU0041,2025-10-16,25
GRN2025000355,PO2025000355,V032,SKU0013,2025-02-18,56
GRN2025000356,PO2025000356,V020,SKU0010,2026-05-05,27
GRN2025000357,PO2025000357,V029,SKU0044,2025-12-31,136
GRN2025000358,PO2025000358,V030,SKU0065,2026-06-16,22
GRN2025000359,PO2025000359,V031,SKU0001,2025-10-31,153
GRN2025000360,PO2025000360,V014,SKU0064,2025-04-28,187
GRN2025000361,PO2025000361,V002,SKU0042,2025-07-07,128
GRN2025000362,PO2025000362,V003,SKU0078,2026-09-09,233
GRN2025000363,PO2025000363,V030,SKU0069,2025-10-15,138
GRN2025000364,PO2025000364,V026,SKU0042,2025-08-18,154
GRN2025000365,PO2025000365,V010,SKU0030,2026-01-01,222
GRN2025000366,PO2025000366,V016,SKU0025,2026-05-22,85
GRN2025000367,PO2025000367,V030,SKU0079,2025-09-24,172
GRN2025000368,PO2025000368,V005,SKU0053,2025-12-29,76
GRN2025000369,PO2025000369,V001,SKU0074,2025-03-20,221
GRN2025000370,PO2025000370,V008,SKU0008,2025-07-20,138
GRN2025000371,PO2025000371,V016,SKU0009,2026-03-23,34
GRN2025000372,PO2025000372,V030,SKU0008,2025-09-11,244
GRN2025000373,PO2025000373,V013,SKU0012,2025-09-26,250
GRN2025000374,PO2025000374,V016,SKU0046,2026-01-14,177
GRN2025000375,PO2025000375,V010,SKU0021,2026-06-20,221
GRN2025000376,PO2025000376,V025,SKU0005,2025-04-26,148
GRN2025000377,PO2025000377,V024,SKU0017,2026-08-01,142
GRN2025000378,PO2025000378,V010,SKU0053,2025-01-31,25
GRN2025000379,PO2025000379,V017,SKU0044,2026-05-26,7
GRN2025000380,PO2025000380,V006,SKU0064,2025-11-21,50
GRN2025000381,PO2025000381,V037,SKU0053,2026-08-19,228
GRN2025000382,PO2025000382,V013,SKU0013,2025-12-23,249
GRN2025000383,PO2025000383,V038,SKU0033,2026-06-01,50
GRN2025000384,PO2025000384,V025,SKU0060,2025-03-17,180
GRN2025000385,PO2025000385,V009,SKU0049,2026-01-27,198
GRN2025000386,PO2025000386,V033,SKU0053,2025-04-07,54
GRN2025000387,PO2025000387,V012,SKU0060,2025-02-26,23
GRN2025000388,PO2025000388,V011,SKU0024,2025-07-27,223
GRN2025000389,PO2025000389,V010,SKU0008,2026-01-01,83
GRN2025000390,PO2025000390,V008,SKU0026,2025-09-27,29
GRN2025000391,PO2025000391,V016,SKU0019,2025-04-24,247
GRN2025000392,PO2025000392,V036,SKU0031,2025-06-03,232
GRN2025000393,PO2025000393,V030,SKU0015,2025-10-25,80
GRN2025000394,PO2025000394,V004,SKU0003,2026-05-09,153
GRN2025000395,PO2025000395,V009,SKU0019,2026-01-12,141
GRN2025000396,PO2025000396,V017,SKU0012,2026-04-04,19
GRN2025000397,PO2025000397,V029,SKU0001,2026-07-17,165
GRN2025000398,PO2025000398,V010,SKU0053,2025-07-27,196
GRN2025000399,PO2025000399,V032,SKU0074,2025-08-31,205
GRN2025000400,PO2025000400,V016,SKU0050,2025-06-12,41
GRN2025000401,PO2025000401,V031,SKU0005,2026-02-26,146
GRN2025000402,PO2025000402,V013,SKU0031,2026-03-27,150
GRN2025000403,PO2025000403,V027,SKU0080,2025-06-21,164
GRN2025000404,PO2025000404,V008,SKU0023,2025-12-01,47
GRN2025000405,PO2025000405,V004,SKU0041,2026-05-01,144
GRN2025000406,PO2025000406,V013,SKU0038,2026-09-03,19
GRN2025000407,PO2025000407,V029,SKU0024,2025-04-25,85
GRN2025000408,PO2025000408,V008,SKU0004,2025-02-15,214
GRN2025000409,PO2025000409,V005,SKU0078,2026-08-02,37
GRN2025000410,PO2025000410,V022,SKU0007,2026-05-11,152
GRN2025000411,PO2025000411,V029,SKU0039,2026-02-20,86
GRN2025000412,PO2025000412,V021,SKU0061,2025-06-19,204
GRN2025000413,PO2025000413,V030,SKU0012,2025-04-06,145
GRN2025000414,PO2025000414,V028,SKU0061,2025-09-08,65
GRN2025000415,PO2025000415,V031,SKU0066,2026-07-30,186
GRN2025000416,PO2025000416,V040,SKU0008,2026-02-04,70
GRN2025000417,PO2025000417,V025,SKU0002,2026-05-28,71
GRN2025000418,PO2025000418,V008,SKU0012,2026-05-04,203
GRN2025000419,PO2025000419,V010,SKU0009,2025-03-24,131
GRN2025000420,PO2025000420,V010,SKU0029,2026-04-01,82
GRN2025000421,PO2025000421,V023,SKU0024,2025-08-19,72
GRN2025000422,PO2025000422,V021,SKU0045,2025-09-18,69
GRN2025000423,PO2025000423,V011,SKU0046,2025-05-07,12
GRN2025000424,PO2025000424,V003,SKU0019,2025-11-24,30
GRN2025000425,PO2025000425,V028,SKU0057,2025-12-24,177
GRN2025000426,PO2025000426,V027,SKU0038,2025-01-29,10
GRN2025000427,PO2025000427,V026,SKU0004,2025-03-08,35
GRN2025000428,PO2025000428,V020,SKU0001,2026-09-01,94
GRN2025000429,PO2025000429,V038,SKU0036,2025-06-30,218
GRN2025000430,PO2025000430,V002,SKU0026,2025-03-08,30
GRN2025000431,PO2025000431,V012,SKU0070,2025-03-07,26
GRN2025000432,PO2025000432,V029,SKU0045,2026-01-25,38
GRN2025000433,PO2025000433,V038,SKU0056,2025-01-23,21
GRN2025000434,PO2025000434,V036,SKU0073,2025-11-23,48
GRN2025000435,PO2025000435,V021,SKU0067,2026-05-16,36
GRN2025000436,PO2025000436,V005,SKU0017,2025-11-09,76
GRN2025000437,PO2025000437,V027,SKU0015,2025-08-15,70
GRN2025000438,PO2025000438,V028,SKU0032,2025-04-05,94
GRN2025000439,PO2025000439,V007,SKU0059,2025-09-18,154
GRN2025000440,PO2025000440,V012,SKU0039,2026-07-31,167
GRN2025000441,PO2025000441,V038,SKU0012,2025-06-29,223
GRN2025000442,PO2025000442,V035,SKU0006,2026-04-12,29
GRN2025000443,PO2025000443,V020,SKU0073,2025-02-10,220
GRN2025000444,PO2025000444,V027,SKU0080,2025-04-05,136
GRN2025000445,PO2025000445,V025,SKU0058,2025-02-25,18
GRN2025000446,PO2025000446,V015,SKU0043,2026-03-08,20
GRN2025000447,PO2025000447,V018,SKU0020,2026-04-13,20
GRN2025000448,PO2025000448,V013,SKU0022,2026-04-14,48
GRN2025000449,PO2025000449,V028,SKU0061,2025-06-30,83
GRN2025000450,PO2025000450,V026,SKU0063,2025-07-03,235
GRN2025000451,PO2025000451,V014,SKU0001,2025-09-03,58
GRN2025000452,PO2025000452,V033,SKU0036,2025-11-14,113
GRN2025000453,PO2025000453,V018,SKU0073,2025-04-25,234
GRN2025000454,PO2025000454,V022,SKU0056,2025-05-22,188
GRN2025000455,PO2025000455,V040,SKU0001,2026-08-22,215
GRN2025000456,PO2025000456,V014,SKU0032,2025-09-21,214
GRN2025000457,PO2025000457,V002,SKU0046,2026-04-11,125
GRN2025000458,PO2025000458,V005,SKU0080,2025-06-22,243
GRN2025000459,PO2025000459,V033,SKU0062,2025-12-04,131
GRN2025000460,PO2025000460,V028,SKU0009,2026-08-05,40
GRN2025000461,PO2025000461,V001,SKU0014,2026-02-05,177
GRN2025000462,PO2025000462,V014,SKU0072,2026-03-28,137
GRN2025000463,PO2025000463,V039,SKU0080,2025-04-17,23
GRN2025000464,PO2025000464,V002,SKU0064,2026-08-07,126
GRN2025000465,PO2025000465,V004,SKU0073,2026-06-28,42
GRN2025000466,PO2025000466,V008,SKU0061,2026-09-10,36
GRN2025000467,PO2025000467,V017,SKU0021,2026-04-06,187
GRN2025000468,PO2025000468,V016,SKU0074,2026-07-22,201
GRN2025000469,PO2025000469,V003,SKU0027,2025-06-02,202
GRN2025000470,PO2025000470,V013,SKU0077,2025-05-28,111
GRN2025000471,PO2025000471,V031,SKU0001,2025-11-09,37
GRN2025000472,PO2025000472,V021,SKU0050,2025-01-22,223
GRN2025000473,PO2025000473,V012,SKU0078,2025-11-11,156
GRN2025000474,PO2025000474,V032,SKU0071,2025-05-13,169
GRN2025000475,PO2025000475,V005,SKU0042,2026-01-12,194
GRN2025000476,PO2025000476,V009,SKU0041,2025-11-30,101
GRN2025000477,PO2025000477,V031,SKU0019,2025-09-02,69
GRN2025000478,PO2025000478,V013,SKU0061,2025-07-16,219
GRN2025000479,PO2025000479,V003,SKU0074,2026-07-31,120
GRN2025000480,PO2025000480,V039,SKU0031,2025-03-26,145
GRN2025000481,PO2025000481,V032,SKU0071,2025-09-07,82
GRN2025000482,PO2025000482,V040,SKU0035,2026-04-04,123
GRN2025000483,PO2025000483,V015,SKU0031,2026-03-15,11
GRN2025000484,PO2025000484,V012,SKU0024,2026-01-16,13
GRN2025000485,PO2025000485,V040,SKU0055,2025-12-02,17
GRN2025000486,PO2025000486,V029,SKU0070,2025-05-15,190
GRN2025000487,PO2025000487,V017,SKU0065,2026-05-25,234
GRN2025000488,PO2025000488,V029,SKU0066,2026-05-04,201
GRN2025000489,PO2025000489,V009,SKU0073,2025-10-19,144
GRN2025000490,PO2025000490,V039,SKU0064,2026-05-02,111
GRN2025000491,PO2025000491,V029,SKU0017,2025-06-24,216
GRN2025000492,PO2025000492,V021,SKU0013,2026-04-16,159
GRN2025000493,PO2025000493,V007,SKU0080,2025-11-07,83
GRN2025000494,PO2025000494,V009,SKU0027,2025-05-27,155
GRN2025000495,PO2025000495,V015,SKU0040,2025-11-05,177
GRN2025000496,PO2025000496,V012,SKU0075,2025-09-27,54
GRN2025000497,PO2025000497,V001,SKU0018,2026-02-27,82
GRN2025000498,PO2025000498,V020,SKU0063,2026-02-06,105
GRN2025000499,PO2025000499,V011,SKU0002,2025-02-16,41
GRN2025000500,PO2025000500,V034,SKU0012,2026-06-30,142
GRN2025000501,PO2025000501,V006,SKU0055,2026-05-08,211
GRN2025000502,PO2025000502,V015,SKU0044,2025-07-10,55
GRN2025000503,PO2025000503,V023,SKU0038,2025-07-18,74
GRN2025000504,PO2025000504,V015,SKU0055,2026-06-12,162
GRN2025000505,PO2025000505,V026,SKU0057,2025-11-24,60
GRN2025000506,PO2025000506,V018,SKU0049,2025-06-27,56
GRN2025000507,PO2025000507,V033,SKU0003,2026-07-04,116
GRN2025000508,PO2025000508,V027,SKU0038,2025-04-16,94
GRN2025000509,PO2025000509,V005,SKU0052,2025-09-11,53
GRN2025000510,PO2025000510,V029,SKU0038,2026-03-23,220
GRN2025000511,PO2025000511,V004,SKU0068,2026-06-12,233
GRN2025000512,PO2025000512,V034,SKU0074,2026-08-25,156
GRN2025000513,PO2025000513,V033,SKU0061,2026-03-20,60
GRN2025000514,PO2025000514,V036,SKU0056,2026-05-29,29
GRN2025000515,PO2025000515,V013,SKU0074,2025-12-16,98
GRN2025000516,PO2025000516,V014,SKU0006,2025-05-21,48
GRN2025000517,PO2025000517,V022,SKU0019,2025-11-10,177
GRN2025000518,PO2025000518,V026,SKU0064,2025-03-01,91
GRN2025000519,PO2025000519,V008,SKU0026,2025-05-12,187
GRN2025000520,PO2025000520,V039,SKU0061,2026-03-16,30
GRN2025000521,PO2025000521,V005,SKU0028,2025-07-16,133
GRN2025000522,PO2025000522,V004,SKU0054,2025-04-18,29
GRN2025000523,PO2025000523,V026,SKU0017,2026-08-02,15
GRN2025000524,PO2025000524,V003,SKU0047,2025-05-20,60
GRN2025000525,PO2025000525,V019,SKU0080,2026-07-13,245
GRN2025000526,PO2025000526,V034,SKU0037,2026-03-23,86
GRN2025000527,PO2025000527,V013,SKU0044,2025-12-23,47
GRN2025000528,PO2025000528,V040,SKU0014,2025-05-03,233
GRN2025000529,PO2025000529,V039,SKU0008,2025-07-28,181
GRN2025000530,PO2025000530,V011,SKU0076,2025-10-09,164
GRN2025000531,PO2025000531,V031,SKU0052,2025-05-26,137
GRN2025000532,PO2025000532,V002,SKU0066,2026-07-18,112
GRN2025000533,PO2025000533,V027,SKU0020,2025-08-09,68
GRN2025000534,PO2025000534,V020,SKU0036,2026-02-13,208
GRN2025000535,PO2025000535,V020,SKU0078,2026-04-03,177
GRN2025000536,PO2025000536,V030,SKU0056,2026-05-25,228
GRN2025000537,PO2025000537,V004,SKU0003,2026-05-15,103
GRN2025000538,PO2025000538,V014,SKU0022,2025-07-21,183
GRN2025000539,PO2025000539,V007,SKU0006,2026-03-01,46
GRN2025000540,PO2025000540,V009,SKU0026,2025-05-24,149
GRN2025000541,PO2025000541,V018,SKU0045,2025-11-08,78
GRN2025000542,PO2025000542,V020,SKU0042,2025-07-27,82
GRN2025000543,PO2025000543,V035,SKU0048,2025-08-23,217
GRN2025000544,PO2025000544,V017,SKU0031,2025-10-05,250
GRN2025000545,PO2025000545,V026,SKU0059,2026-04-27,158
GRN2025000546,PO2025000546,V004,SKU0069,2026-04-10,178
GRN2025000547,PO2025000547,V021,SKU0038,2025-10-07,65
GRN2025000548,PO2025000548,V020,SKU0044,2025-07-24,111
GRN2025000549,PO2025000549,V019,SKU0019,2025-05-21,118
GRN2025000550,PO2025000550,V010,SKU0032,2025-12-06,161
GRN2025000551,PO2025000551,V011,SKU0024,2026-03-26,198
GRN2025000552,PO2025000552,V008,SKU0059,2026-04-29,33
GRN2025000553,PO2025000553,V006,SKU0014,2025-02-25,237
GRN2025000554,PO2025000554,V034,SKU0080,2025-11-17,233
GRN2025000555,PO2025000555,V009,SKU0068,2025-03-22,25
GRN2025000556,PO2025000556,V003,SKU0060,2025-05-22,191
GRN2025000557,PO2025000557,V023,SKU0007,2026-02-22,86
GRN2025000558,PO2025000558,V001,SKU0040,2025-04-11,207
GRN2025000559,PO2025000559,V023,SKU0060,2026-08-21,173
GRN2025000560,PO2025000560,V007,SKU0065,2026-06-28,102
GRN2025000561,PO2025000561,V021,SKU0034,2025-07-01,115
GRN2025000562,PO2025000562,V007,SKU0015,2025-10-28,134
GRN2025000563,PO2025000563,V038,SKU0023,2026-01-02,240
GRN2025000564,PO2025000564,V013,SKU0034,2025-11-13,205
GRN2025000565,PO2025000565,V029,SKU0069,2025-03-21,54
GRN2025000566,PO2025000566,V039,SKU0001,2026-08-21,90
GRN2025000567,PO2025000567,V040,SKU0018,2025-12-27,249
GRN2025000568,PO2025000568,V021,SKU0065,2025-10-02,102
GRN2025000569,PO2025000569,V011,SKU0058,2025-05-01,250
GRN2025000570,PO2025000570,V031,SKU0076,2025-01-29,103
GRN2025000571,PO2025000571,V018,SKU0075,2026-05-27,198
GRN2025000572,PO2025000572,V028,SKU0005,2026-05-16,52
GRN2025000573,PO2025000573,V038,SKU0009,2026-02-01,235
GRN2025000574,PO2025000574,V032,SKU0041,2026-01-08,204
GRN2025000575,PO2025000575,V014,SKU0076,2026-09-10,192
GRN2025000576,PO2025000576,V027,SKU0047,2025-02-23,84
GRN2025000577,PO2025000577,V030,SKU0061,2025-12-14,233
GRN2025000578,PO2025000578,V020,SKU0036,2025-04-11,180
GRN2025000579,PO2025000579,V007,SKU0017,2025-05-02,61
GRN2025000580,PO2025000580,V013,SKU0018,2025-11-05,28
GRN2025000581,PO2025000581,V029,SKU0044,2025-05-22,32
GRN2025000582,PO2025000582,V018,SKU0036,2026-04-12,72
GRN2025000583,PO2025000583,V011,SKU0073,2026-01-22,86
GRN2025000584,PO2025000584,V003,SKU0019,2025-04-09,158
GRN2025000585,PO2025000585,V001,SKU0024,2025-07-12,162
GRN2025000586,PO2025000586,V016,SKU0046,2025-04-02,37
GRN2025000587,PO2025000587,V034,SKU0060,2026-01-02,3
GRN2025000588,PO2025000588,V013,SKU0013,2026-07-12,170
GRN2025000589,PO2025000589,V020,SKU0059,2025-02-03,34
GRN2025000590,PO2025000590,V022,SKU0055,2025-04-16,121
GRN2025000591,PO2025000591,V014,SKU0054,2025-04-22,217
GRN2025000592,PO2025000592,V036,SKU0019,2025-03-02,227
GRN2025000593,PO2025000593,V015,SKU0043,2026-07-15,63
GRN2025000594,PO2025000594,V032,SKU0032,2026-06-20,155
GRN2025000595,PO2025000595,V022,SKU0070,2026-06-27,54
GRN2025000596,PO2025000596,V020,SKU0018,2026-06-26,24
GRN2025000597,PO2025000597,V019,SKU0037,2025-09-11,199
GRN2025000598,PO2025000598,V024,SKU0069,2026-06-24,244
GRN2025000599,PO2025000599,V012,SKU0079,2025-06-02,184
GRN2025000600,PO2025000600,V030,SKU0004,2026-04-04,242
GRN2025000601,PO2025000601,V013,SKU0069,2025-11-03,126
GRN2025000602,PO2025000602,V006,SKU0074,2025-02-01,48
GRN2025000603,PO2025000603,V011,SKU0017,2025-06-21,33
GRN2025000604,PO2025000604,V001,SKU0028,2025-06-21,40
GRN2025000605,PO2025000605,V029,SKU0080,2025-06-06,4
GRN2025000606,PO2025000606,V031,SKU0074,2025-12-26,126
GRN2025000607,PO2025000607,V034,SKU0025,2026-05-20,230
GRN2025000608,PO2025000608,V032,SKU0060,2026-09-08,169
GRN2025000609,PO2025000609,V026,SKU0069,2025-06-06,219
GRN2025000610,PO2025000610,V040,SKU0018,2025-04-30,230
GRN2025000611,PO2025000611,V040,SKU0030,2026-03-12,187
GRN2025000612,PO2025000612,V039,SKU0035,2025-07-22,20
GRN2025000613,PO2025000613,V006,SKU0045,2025-10-13,130
GRN2025000614,PO2025000614,V005,SKU0023,2026-06-12,218
GRN2025000615,PO2025000615,V018,SKU0043,2025-07-01,177
GRN2025000616,PO2025000616,V008,SKU0044,2025-05-05,32
GRN2025000617,PO2025000617,V040,SKU0016,2025-05-21,164
GRN2025000618,PO2025000618,V005,SKU0064,2026-07-07,103
GRN2025000619,PO2025000619,V028,SKU0033,2025-10-08,42
GRN2025000620,PO2025000620,V014,SKU0056,2025-06-21,172
GRN2025000621,PO2025000621,V002,SKU0009,2025-09-30,32
GRN2025000622,PO2025000622,V031,SKU0080,2025-08-01,88
GRN2025000623,PO2025000623,V030,SKU0020,2025-09-27,183
GRN2025000624,PO2025000624,V010,SKU0042,2026-07-16,195
GRN2025000625,PO2025000625,V012,SKU0066,2025-03-05,126
GRN2025000626,PO2025000626,V010,SKU0035,2026-07-19,111
GRN2025000627,PO2025000627,V017,SKU0036,2025-05-13,137
GRN2025000628,PO2025000628,V011,SKU0021,2025-02-17,152
GRN2025000629,PO2025000629,V036,SKU0073,2025-08-29,187
GRN2025000630,PO2025000630,V001,SKU0019,2025-10-12,196
GRN2025000631,PO2025000631,V016,SKU0070,2026-07-17,29
GRN2025000632,PO2025000632,V009,SKU0044,2025-11-09,105
GRN2025000633,PO2025000633,V020,SKU0074,2026-06-04,128
GRN2025000634,PO2025000634,V022,SKU0057,2025-01-30,162
GRN2025000635,PO2025000635,V018,SKU0038,2025-02-27,189
GRN2025000636,PO2025000636,V037,SKU0074,2025-06-02,100
GRN2025000637,PO2025000637,V019,SKU0040,2026-05-20,4
GRN2025000638,PO2025000638,V028,SKU0068,2025-12-18,190
GRN2025000639,PO2025000639,V039,SKU0059,2025-03-01,103
GRN2025000640,PO2025000640,V035,SKU0041,2025-09-01,236
GRN2025000641,PO2025000641,V037,SKU0045,2025-08-17,179
GRN2025000642,PO2025000642,V034,SKU0015,2026-08-21,83
GRN2025000643,PO2025000643,V008,SKU0027,2026-03-09,207
GRN2025000644,PO2025000644,V018,SKU0034,2026-02-01,70
GRN2025000645,PO2025000645,V018,SKU0011,2026-04-05,195
GRN2025000646,PO2025000646,V038,SKU0042,2025-10-26,173
GRN2025000647,PO2025000647,V036,SKU0075,2026-05-05,216
GRN2025000648,PO2025000648,V018,SKU0028,2025-09-29,133
GRN2025000649,PO2025000649,V023,SKU0046,2026-03-02,82
GRN2025000650,PO2025000650,V025,SKU0057,2026-06-30,33
GRN2025000651,PO2025000651,V040,SKU0080,2025-07-03,119
GRN2025000652,PO2025000652,V009,SKU0050,2026-07-17,179
GRN2025000653,PO2025000653,V036,SKU0080,2026-01-07,86
GRN2025000654,PO2025000654,V005,SKU0004,2025-09-17,194
GRN2025000655,PO2025000655,V037,SKU0080,2025-08-31,122
GRN2025000656,PO2025000656,V009,SKU0026,2026-03-22,92
GRN2025000657,PO2025000657,V011,SKU0052,2025-04-14,196
GRN2025000658,PO2025000658,V035,SKU0051,2026-09-07,234
GRN2025000659,PO2025000659,V027,SKU0047,2025-06-04,75
GRN2025000660,PO2025000660,V021,SKU0020,2025-03-08,91
GRN2025000661,PO2025000661,V009,SKU0019,2025-08-13,4
GRN2025000662,PO2025000662,V033,SKU0006,2025-04-24,80
GRN2025000663,PO2025000663,V031,SKU0065,2025-07-20,229
GRN2025000664,PO2025000664,V008,SKU0027,2026-01-15,94
GRN2025000665,PO2025000665,V020,SKU0029,2026-03-04,150
GRN2025000666,PO2025000666,V014,SKU0018,2025-12-07,167
GRN2025000667,PO2025000667,V028,SKU0053,2026-06-13,176
GRN2025000668,PO2025000668,V031,SKU0016,2025-02-22,74
GRN2025000669,PO2025000669,V015,SKU0068,2025-12-02,220
GRN2025000670,PO2025000670,V030,SKU0048,2025-12-01,5
GRN2025000671,PO2025000671,V015,SKU0072,2026-04-17,49
GRN2025000672,PO2025000672,V023,SKU0032,2025-10-04,63
GRN2025000673,PO2025000673,V033,SKU0019,2026-07-13,107
GRN2025000674,PO2025000674,V029,SKU0044,2026-09-08,152
GRN2025000675,PO2025000675,V037,SKU0023,2025-11-25,246
GRN2025000676,PO2025000676,V012,SKU0019,2025-10-17,236
GRN2025000677,PO2025000677,V006,SKU0074,2026-03-20,211
GRN2025000678,PO2025000678,V038,SKU0042,2026-05-05,247
GRN2025000679,PO2025000679,V031,SKU0037,2025-09-04,31
GRN2025000680,PO2025000680,V034,SKU0019,2025-12-18,205
GRN2025000681,PO2025000681,V033,SKU0024,2025-12-29,128
GRN2025000682,PO2025000682,V004,SKU0010,2025-02-08,232
GRN2025000683,PO2025000683,V023,SKU0025,2025-03-21,109
GRN2025000684,PO2025000684,V032,SKU0074,2025-11-23,245
GRN2025000685,PO2025000685,V039,SKU0041,2025-11-26,15
GRN2025000686,PO2025000686,V023,SKU0026,2026-04-19,212
GRN2025000687,PO2025000687,V003,SKU0053,2025-04-03,23
GRN2025000688,PO2025000688,V022,SKU0048,2025-07-31,119
GRN2025000689,PO2025000689,V017,SKU0025,2026-04-03,126
GRN2025000690,PO2025000690,V029,SKU0057,2026-05-29,236
GRN2025000691,PO2025000691,V001,SKU0078,2025-12-06,113
GRN2025000692,PO2025000692,V003,SKU0027,2025-01-28,183
GRN2025000693,PO2025000693,V007,SKU0054,2025-03-22,221
GRN2025000694,PO2025000694,V040,SKU0021,2026-03-09,44
GRN2025000695,PO2025000695,V007,SKU0006,2026-04-04,20
GRN2025000696,PO2025000696,V024,SKU0036,2025-06-01,95
GRN2025000697,PO2025000697,V035,SKU0008,2025-10-16,27
GRN2025000698,PO2025000698,V004,SKU0019,2026-08-27,201
GRN2025000699,PO2025000699,V030,SKU0015,2025-09-07,28
GRN2025000700,PO2025000700,V037,SKU0021,2026-09-05,116
GRN2025000701,PO2025000701,V004,SKU0039,2026-02-19,14
GRN2025000702,PO2025000702,V034,SKU0035,2025-11-25,50
GRN2025000703,PO2025000703,V011,SKU0004,2026-04-04,62
GRN2025000704,PO2025000704,V035,SKU0069,2025-10-02,97
GRN2025000705,PO2025000705,V031,SKU0077,2025-08-11,77
GRN2025000706,PO2025000706,V025,SKU0045,2026-06-23,78
GRN2025000707,PO2025000707,V038,SKU0061,2026-09-05,147
GRN2025000708,PO2025000708,V003,SKU0050,2026-04-15,182
GRN2025000709,PO2025000709,V026,SKU0047,2025-07-05,241
GRN2025000710,PO2025000710,V014,SKU0056,2025-08-10,25
GRN2025000711,PO2025000711,V004,SKU0069,2026-06-13,89
GRN2025000712,PO2025000712,V037,SKU0012,2025-08-17,147
GRN2025000713,PO2025000713,V015,SKU0027,2026-03-17,181
GRN2025000714,PO2025000714,V002,SKU0057,2025-12-30,213
GRN2025000715,PO2025000715,V027,SKU0039,2026-07-31,105
GRN2025000716,PO2025000716,V038,SKU0027,2025-09-22,164
GRN2025000717,PO2025000717,V006,SKU0039,2026-07-17,95
GRN2025000718,PO2025000718,V006,SKU0066,2025-02-03,149
GRN2025000719,PO2025000719,V029,SKU0047,2026-05-28,33
GRN2025000720,PO2025000720,V008,SKU0016,2025-09-15,115
GRN2025000721,PO2025000721,V016,SKU0001,2025-10-21,31
GRN2025000722,PO2025000722,V028,SKU0021,2025-05-13,157
GRN2025000723,PO2025000723,V031,SKU0019,2025-11-20,205
GRN2025000724,PO2025000724,V012,SKU0038,2025-07-26,9
GRN2025000725,PO2025000725,V031,SKU0063,2025-02-10,3
GRN2025000726,PO2025000726,V006,SKU0049,2025-01-24,90
GRN2025000727,PO2025000727,V034,SKU0039,2025-05-28,13
GRN2025000728,PO2025000728,V033,SKU0023,2026-08-17,120
GRN2025000729,PO2025000729,V018,SKU0042,2026-04-07,224
GRN2025000730,PO2025000730,V026,SKU0011,2025-02-25,161
GRN2025000731,PO2025000731,V003,SKU0012,2026-05-06,117
GRN2025000732,PO2025000732,V003,SKU0063,2025-05-24,229
GRN2025000733,PO2025000733,V023,SKU0061,2025-01-18,24
GRN2025000734,PO2025000734,V037,SKU0066,2025-04-09,157
GRN2025000735,PO2025000735,V010,SKU0037,2026-06-16,90
GRN2025000736,PO2025000736,V011,SKU0051,2025-11-10,107
GRN2025000737,PO2025000737,V017,SKU0013,2025-12-31,115
GRN2025000738,PO2025000738,V005,SKU0050,2025-04-24,122
GRN2025000739,PO2025000739,V010,SKU0037,2026-02-23,15
GRN2025000740,PO2025000740,V039,SKU0059,2025-08-19,120
GRN2025000741,PO2025000741,V031,SKU0018,2026-01-23,124
GRN2025000742,PO2025000742,V002,SKU0045,2026-01-07,74
GRN2025000743,PO2025000743,V039,SKU0006,2025-07-29,89
GRN2025000744,PO2025000744,V014,SKU0054,2025-07-14,39
GRN2025000745,PO2025000745,V031,SKU0020,2026-01-27,166
GRN2025000746,PO2025000746,V014,SKU0070,2026-06-19,86
GRN2025000747,PO2025000747,V031,SKU0044,2025-09-01,150
GRN2025000748,PO2025000748,V023,SKU0046,2025-11-11,185
GRN2025000749,PO2025000749,V023,SKU0055,2026-07-24,10
GRN2025000750,PO2025000750,V003,SKU0037,2026-07-24,134
GRN2025000751,PO2025000751,V018,SKU0049,2025-02-16,114
GRN2025000752,PO2025000752,V010,SKU0007,2026-06-09,243
GRN2025000753,PO2025000753,V026,SKU0075,2025-01-22,220
GRN2025000754,PO2025000754,V013,SKU0059,2025-05-01,244
GRN2025000755,PO2025000755,V011,SKU0040,2025-02-13,41
GRN2025000756,PO2025000756,V025,SKU0062,2025-12-24,207
GRN2025000757,PO2025000757,V018,SKU0016,2025-08-16,81
GRN2025000758,PO2025000758,V030,SKU0042,2025-01-24,74
GRN2025000759,PO2025000759,V011,SKU0029,2026-02-26,121
GRN2025000760,PO2025000760,V021,SKU0047,2025-04-26,247
GRN2025000761,PO2025000761,V015,SKU0060,2026-01-03,214
GRN2025000762,PO2025000762,V031,SKU0021,2025-12-03,20
GRN2025000763,PO2025000763,V005,SKU0054,2026-06-08,149
GRN2025000764,PO2025000764,V031,SKU0008,2025-10-02,203
GRN2025000765,PO2025000765,V031,SKU0026,2026-09-09,241
GRN2025000766,PO2025000766,V039,SKU0009,2026-04-11,192
GRN2025000767,PO2025000767,V031,SKU0053,2026-09-05,82
GRN2025000768,PO2025000768,V031,SKU0072,2026-04-27,40
GRN2025000769,PO2025000769,V010,SKU0058,2025-02-01,132
GRN2025000770,PO2025000770,V017,SKU0078,2025-02-08,242
GRN2025000771,PO2025000771,V025,SKU0018,2025-04-11,188
GRN2025000772,PO2025000772,V037,SKU0028,2026-08-04,206
GRN2025000773,PO2025000773,V015,SKU0066,2026-05-26,41
GRN2025000774,PO2025000774,V002,SKU0054,2025-12-22,97
GRN2025000775,PO2025000775,V021,SKU0020,2025-03-21,162
GRN2025000776,PO2025000776,V014,SKU0011,2025-05-01,30
GRN2025000777,PO2025000777,V023,SKU0032,2026-07-16,105
GRN2025000778,PO2025000778,V036,SKU0057,2026-05-07,208
GRN2025000779,PO2025000779,V021,SKU0058,2025-11-07,132
GRN2025000780,PO2025000780,V021,SKU0056,2025-07-16,212
GRN2025000781,PO2025000781,V030,SKU0020,2025-08-21,132
GRN2025000782,PO2025000782,V025,SKU0044,2025-06-13,26
GRN2025000783,PO2025000783,V038,SKU0027,2026-01-13,69
GRN2025000784,PO2025000784,V029,SKU0009,2026-09-02,110
GRN2025000785,PO2025000785,V034,SKU0047,2026-02-20,129
GRN2025000786,PO2025000786,V028,SKU0059,2026-09-01,141
GRN2025000787,PO2025000787,V023,SKU0024,2025-12-22,31
GRN2025000788,PO2025000788,V001,SKU0057,2026-09-05,71
GRN2025000789,PO2025000789,V016,SKU0004,2025-08-29,39
GRN2025000790,PO2025000790,V022,SKU0068,2025-11-24,8
GRN2025000791,PO2025000791,V022,SKU0003,2026-03-13,36
GRN2025000792,PO2025000792,V024,SKU0024,2026-04-27,35
GRN2025000793,PO2025000793,V023,SKU0048,2026-02-12,133
GRN2025000794,PO2025000794,V033,SKU0025,2025-07-25,124
GRN2025000795,PO2025000795,V026,SKU0020,2026-06-12,79
GRN2025000796,PO2025000796,V026,SKU0053,2026-09-01,210
GRN2025000797,PO2025000797,V007,SKU0005,2025-12-17,168
GRN2025000798,PO2025000798,V034,SKU0004,2025-11-21,109
GRN2025000799,PO2025000799,V035,SKU0002,2025-03-14,40
GRN2025000800,PO2025000800,V006,SKU0023,2025-08-11,156
GRN2025000801,PO2025000801,V008,SKU0078,2026-03-13,57
GRN2025000802,PO2025000802,V006,SKU0044,2025-06-20,208
GRN2025000803,PO2025000803,V022,SKU0077,2026-08-22,122
GRN2025000804,PO2025000804,V004,SKU0031,2026-04-25,128
GRN2025000805,PO2025000805,V023,SKU0013,2025-12-02,17
GRN2025000806,PO2025000806,V016,SKU0061,2026-08-30,177
GRN2025000807,PO2025000807,V033,SKU0042,2026-04-22,107
GRN2025000808,PO2025000808,V034,SKU0064,2025-04-07,182
GRN2025000809,PO2025000809,V012,SKU0002,2026-08-01,165
GRN2025000810,PO2025000810,V032,SKU0001,2026-04-15,196
GRN2025000811,PO2025000811,V011,SKU0035,2025-11-14,115
GRN2025000812,PO2025000812,V027,SKU0046,2025-06-16,203
GRN2025000813,PO2025000813,V034,SKU0027,2026-08-08,218
GRN2025000814,PO2025000814,V004,SKU0005,2025-10-04,4
GRN2025000815,PO2025000815,V005,SKU0069,2025-02-28,49
GRN2025000816,PO2025000816,V021,SKU0040,2025-03-25,62
GRN2025000817,PO2025000817,V006,SKU0049,2025-04-21,244
GRN2025000818,PO2025000818,V023,SKU0060,2025-05-22,138
GRN2025000819,PO2025000819,V010,SKU0079,2025-01-18,34
GRN2025000820,PO2025000820,V009,SKU0077,2025-12-24,104
GRN2025000821,PO2025000821,V021,SKU0030,2025-03-29,173
GRN2025000822,PO2025000822,V002,SKU0010,2025-03-12,73
GRN2025000823,PO2025000823,V011,SKU0077,2026-02-20,49
GRN2025000824,PO2025000824,V026,SKU0022,2026-01-25,173
GRN2025000825,PO2025000825,V030,SKU0024,2026-03-26,51
GRN2025000826,PO2025000826,V019,SKU0025,2026-08-09,39
GRN2025000827,PO2025000827,V036,SKU0052,2026-01-15,185
GRN2025000828,PO2025000828,V016,SKU0034,2025-12-16,99
GRN2025000829,PO2025000829,V039,SKU0030,2026-09-08,109
GRN2025000830,PO2025000830,V004,SKU0059,2025-02-02,181
GRN2025000831,PO2025000831,V008,SKU0043,2025-10-27,118
GRN2025000832,PO2025000832,V040,SKU0034,2025-11-14,79
GRN2025000833,PO2025000833,V016,SKU0074,2025-02-10,38
GRN2025000834,PO2025000834,V024,SKU0023,2025-04-19,167
GRN2025000835,PO2025000835,V018,SKU0023,2025-12-16,13
GRN2025000836,PO2025000836,V013,SKU0038,2025-10-14,74
GRN2025000837,PO2025000837,V004,SKU0067,2026-03-05,23
GRN2025000838,PO2025000838,V002,SKU0012,2025-04-22,128
GRN2025000839,PO2025000839,V008,SKU0017,2025-11-03,99
GRN2025000840,PO2025000840,V029,SKU0020,2025-03-12,222
GRN2025000841,PO2025000841,V008,SKU0006,2025-04-26,201
GRN2025000842,PO2025000842,V033,SKU0003,2025-03-01,10
GRN2025000843,PO2025000843,V028,SKU0022,2026-04-26,76
GRN2025000844,PO2025000844,V021,SKU0022,2025-08-15,86
GRN2025000845,PO2025000845,V026,SKU0011,2025-03-30,200
GRN2025000846,PO2025000846,V012,SKU0066,2025-05-18,235
GRN2025000847,PO2025000847,V004,SKU0036,2026-06-12,18
GRN2025000848,PO2025000848,V006,SKU0056,2025-01-29,127
GRN2025000849,PO2025000849,V010,SKU0031,2026-04-05,217
GRN2025000850,PO2025000850,V011,SKU0033,2025-02-23,48
GRN2025000851,PO2025000851,V011,SKU0035,2025-12-23,85
GRN2025000852,PO2025000852,V014,SKU0037,2025-09-22,61
GRN2025000853,PO2025000853,V025,SKU0074,2025-03-26,192
GRN2025000854,PO2025000854,V005,SKU0041,2026-06-17,119
GRN2025000855,PO2025000855,V037,SKU0029,2026-01-21,109
GRN2025000856,PO2025000856,V013,SKU0057,2026-06-16,72
GRN2025000857,PO2025000857,V021,SKU0057,2025-04-10,219
GRN2025000858,PO2025000858,V006,SKU0011,2026-07-30,245
GRN2025000859,PO2025000859,V025,SKU0006,2026-04-28,116
GRN2025000860,PO2025000860,V007,SKU0009,2025-01-16,22
GRN2025000861,PO2025000861,V005,SKU0017,2025-10-16,163
GRN2025000862,PO2025000862,V021,SKU0043,2026-07-26,41
GRN2025000863,PO2025000863,V025,SKU0043,2026-03-23,168
GRN2025000864,PO2025000864,V006,SKU0038,2026-07-29,35
GRN2025000865,PO2025000865,V026,SKU0032,2025-04-03,100
GRN2025000866,PO2025000866,V033,SKU0066,2026-06-17,58
GRN2025000867,PO2025000867,V005,SKU0024,2025-02-11,72
GRN2025000868,PO2025000868,V004,SKU0058,2026-05-14,129
GRN2025000869,PO2025000869,V002,SKU0045,2025-09-22,214
GRN2025000870,PO2025000870,V003,SKU0049,2026-04-14,248
GRN2025000871,PO2025000871,V020,SKU0020,2025-10-09,88
GRN2025000872,PO2025000872,V030,SKU0072,2026-07-17,65
GRN2025000873,PO2025000873,V014,SKU0068,2026-01-06,41
GRN2025000874,PO2025000874,V010,SKU0047,2026-03-01,229
GRN2025000875,PO2025000875,V011,SKU0004,2026-03-11,90
GRN2025000876,PO2025000876,V019,SKU0051,2026-04-08,227
GRN2025000877,PO2025000877,V010,SKU0036,2025-08-11,13
GRN2025000878,PO2025000878,V010,SKU0007,2025-07-16,70
GRN2025000879,PO2025000879,V019,SKU0010,2026-08-08,148
GRN2025000880,PO2025000880,V029,SKU0042,2026-02-15,66
GRN2025000881,PO2025000881,V012,SKU0070,2025-08-26,61
GRN2025000882,PO2025000882,V028,SKU0012,2026-01-04,219
GRN2025000883,PO2025000883,V024,SKU0036,2026-08-08,173
GRN2025000884,PO2025000884,V002,SKU0043,2026-07-10,162
GRN2025000885,PO2025000885,V017,SKU0078,2025-01-25,241
GRN2025000886,PO2025000886,V030,SKU0021,2025-12-28,2
GRN2025000887,PO2025000887,V013,SKU0065,2026-09-17,250
GRN2025000888,PO2025000888,V023,SKU0002,2026-06-21,30
GRN2025000889,PO2025000889,V005,SKU0018,2025-12-10,29
GRN2025000890,PO2025000890,V040,SKU0058,2025-03-29,77
GRN2025000891,PO2025000891,V033,SKU0020,2025-01-13,4
GRN2025000892,PO2025000892,V009,SKU0054,2026-02-21,153
GRN2025000893,PO2025000893,V038,SKU0057,2025-08-06,199
GRN2025000894,PO2025000894,V030,SKU0051,2025-03-21,26
GRN2025000895,PO2025000895,V024,SKU0080,2026-02-12,168
GRN2025000896,PO2025000896,V022,SKU0064,2025-06-22,65
GRN2025000897,PO2025000897,V032,SKU0065,2026-08-12,84
GRN2025000898,PO2025000898,V026,SKU0055,2025-01-31,20
GRN2025000899,PO2025000899,V020,SKU0048,2025-01-26,207
GRN2025000900,PO2025000900,V019,SKU0039,2026-01-05,100
GRN2025000901,PO2025000901,V020,SKU0010,2025-11-07,181
GRN2025000902,PO2025000902,V025,SKU0005,2025-03-28,87
GRN2025000903,PO2025000903,V007,SKU0013,2026-01-15,215
GRN2025000904,PO2025000904,V017,SKU0068,2025-11-19,157
GRN2025000905,PO2025000905,V017,SKU0003,2025-08-28,81
GRN2025000906,PO2025000906,V033,SKU0061,2026-06-10,57
GRN2025000907,PO2025000907,V016,SKU0027,2025-07-15,151
GRN2025000908,PO2025000908,V025,SKU0007,2025-11-29,194
GRN2025000909,PO2025000909,V032,SKU0039,2025-09-28,151
GRN2025000910,PO2025000910,V002,SKU0048,2026-07-27,240
GRN2025000911,PO2025000911,V020,SKU0022,2025-09-07,11
GRN2025000912,PO2025000912,V003,SKU0042,2025-11-25,97
GRN2025000913,PO2025000913,V003,SKU0031,2025-12-23,155
GRN2025000914,PO2025000914,V029,SKU0061,2025-05-31,212
GRN2025000915,PO2025000915,V008,SKU0045,2025-11-29,194
GRN2025000916,PO2025000916,V012,SKU0040,2026-06-19,96
GRN2025000917,PO2025000917,V035,SKU0064,2026-04-13,43
GRN2025000918,PO2025000918,V031,SKU0051,2026-01-10,50
GRN2025000919,PO2025000919,V020,SKU0030,2025-12-09,185
GRN2025000920,PO2025000920,V020,SKU0010,2025-07-01,199
GRN2025000921,PO2025000921,V026,SKU0072,2026-07-19,182
GRN2025000922,PO2025000922,V025,SKU0018,2025-03-09,100
GRN2025000923,PO2025000923,V014,SKU0012,2025-01-31,85
GRN2025000924,PO2025000924,V034,SKU0073,2025-08-23,23
GRN2025000925,PO2025000925,V027,SKU0046,2025-11-21,171
GRN2025000926,PO2025000926,V038,SKU0003,2026-07-27,83
GRN2025000927,PO2025000927,V004,SKU0065,2026-04-08,235
GRN2025000928,PO2025000928,V012,SKU0050,2025-10-24,82
GRN2025000929,PO2025000929,V024,SKU0002,2026-07-01,151
GRN2025000930,PO2025000930,V003,SKU0039,2026-02-17,194
GRN2025000931,PO2025000931,V023,SKU0054,2025-09-17,128
GRN2025000932,PO2025000932,V025,SKU0061,2025-04-25,198
GRN2025000933,PO2025000933,V021,SKU0073,2025-03-18,78
GRN2025000934,PO2025000934,V028,SKU0052,2025-02-14,177
GRN2025000935,PO2025000935,V038,SKU0040,2025-11-25,138
GRN2025000936,PO2025000936,V040,SKU0058,2026-05-30,230
GRN2025000937,PO2025000937,V029,SKU0022,2025-07-09,168
GRN2025000938,PO2025000938,V024,SKU0054,2025-03-14,234
GRN2025000939,PO2025000939,V023,SKU0072,2025-08-16,177
GRN2025000940,PO2025000940,V033,SKU0061,2026-05-13,3
GRN2025000941,PO2025000941,V031,SKU0079,2026-02-03,49
GRN2025000942,PO2025000942,V006,SKU0062,2026-07-21,54
GRN2025000943,PO2025000943,V035,SKU0032,2026-04-21,24
GRN2025000944,PO2025000944,V019,SKU0010,2025-02-04,65
GRN2025000945,PO2025000945,V024,SKU0001,2025-09-09,187
GRN2025000946,PO2025000946,V002,SKU0041,2026-09-18,128
GRN2025000947,PO2025000947,V021,SKU0007,2025-06-19,167
GRN2025000948,PO2025000948,V022,SKU0014,2025-11-10,157
GRN2025000949,PO2025000949,V001,SKU0016,2025-09-28,24
GRN2025000950,PO2025000950,V017,SKU0041,2025-11-06,74
GRN2025000951,PO2025000951,V016,SKU0026,2026-06-12,223
GRN2025000952,PO2025000952,V001,SKU0012,2025-02-17,97
GRN2025000953,PO2025000953,V018,SKU0008,2026-02-16,196
GRN2025000954,PO2025000954,V019,SKU0037,2026-09-03,89
GRN2025000955,PO2025000955,V009,SKU0059,2026-04-26,43
GRN2025000956,PO2025000956,V020,SKU0043,2026-06-14,125
GRN2025000957,PO2025000957,V014,SKU0063,2025-01-16,210
GRN2025000958,PO2025000958,V011,SKU0079,2025-12-22,32
GRN2025000959,PO2025000959,V022,SKU0048,2026-07-11,147
GRN2025000960,PO2025000960,V016,SKU0047,2026-06-22,56
GRN2025000961,PO2025000961,V035,SKU0078,2025-10-19,109
GRN2025000962,PO2025000962,V020,SKU0019,2025-06-23,179
GRN2025000963,PO2025000963,V035,SKU0046,2026-03-27,38
GRN2025000964,PO2025000964,V023,SKU0003,2026-09-17,210
GRN2025000965,PO2025000965,V039,SKU0011,2025-04-26,248
GRN2025000966,PO2025000966,V038,SKU0028,2026-03-20,165
GRN2025000967,PO2025000967,V022,SKU0016,2026-02-11,210
GRN2025000968,PO2025000968,V040,SKU0074,2026-01-03,82
GRN2025000969,PO2025000969,V017,SKU0080,2025-06-17,161
GRN2025000970,PO2025000970,V011,SKU0006,2025-11-17,98
GRN2025000971,PO2025000971,V029,SKU0008,2025-09-08,91
GRN2025000972,PO2025000972,V002,SKU0004,2026-07-26,45
GRN2025000973,PO2025000973,V022,SKU0066,2026-07-07,18
GRN2025000974,PO2025000974,V018,SKU0016,2025-04-25,132
GRN2025000975,PO2025000975,V035,SKU0016,2026-05-12,248
GRN2025000976,PO2025000976,V024,SKU0063,2026-08-16,92
GRN2025000977,PO2025000977,V019,SKU0057,2026-03-07,209
GRN2025000978,PO2025000978,V032,SKU0050,2025-12-06,129
GRN2025000979,PO2025000979,V002,SKU0032,2026-07-26,198
GRN2025000980,PO2025000980,V001,SKU0013,2025-02-12,168
GRN2025000981,PO2025000981,V037,SKU0068,2026-03-29,59
GRN2025000982,PO2025000982,V030,SKU0005,2025-02-27,167
GRN2025000983,PO2025000983,V005,SKU0070,2025-05-05,29
GRN2025000984,PO2025000984,V040,SKU0003,2025-03-12,156
GRN2025000985,PO2025000985,V036,SKU0028,2025-12-03,121
GRN2025000986,PO2025000986,V016,SKU0010,2025-09-19,181
GRN2025000987,PO2025000987,V039,SKU0054,2025-07-22,52
GRN2025000988,PO2025000988,V030,SKU0014,2026-08-25,97
GRN2025000989,PO2025000989,V036,SKU0023,2026-02-16,142
GRN2025000990,PO2025000990,V006,SKU0011,2025-12-08,125
GRN2025000991,PO2025000991,V022,SKU0059,2025-10-26,142
GRN2025000992,PO2025000992,V039,SKU0010,2025-11-05,223
GRN2025000993,PO2025000993,V027,SKU0058,2026-05-07,179
GRN2025000994,PO2025000994,V007,SKU0036,2026-08-04,174
GRN2025000995,PO2025000995,V003,SKU0007,2026-08-23,240
GRN2025000996,PO2025000996,V009,SKU0006,2025-12-07,31
GRN2025000997,PO2025000997,V037,SKU0021,2025-05-25,5
GRN2025000998,PO2025000998,V026,SKU0026,2026-01-14,250
GRN2025000999,PO2025000999,V009,SKU0044,2026-05-31,5
GRN2025001000,PO2025001000,V012,SKU0059,2026-03-30,25
GRN2025001001,PO2025001001,V029,SKU0037,2025-05-12,26
GRN2025001002,PO2025001002,V020,SKU0015,2026-03-22,249
GRN2025001003,PO2025001003,V030,SKU0058,2026-02-18,35
GRN2025001004,PO2025001004,V017,SKU0074,2025-09-12,221
GRN2025001005,PO2025001005,V031,SKU0052,2025-08-27,93
GRN2025001006,PO2025001006,V005,SKU0049,2026-04-09,239
GRN2025001007,PO2025001007,V022,SKU0039,2025-04-26,134
GRN2025001008,PO2025001008,V038,SKU0063,2025-07-07,104
GRN2025001009,PO2025001009,V002,SKU0039,2025-10-04,53
GRN2025001010,PO2025001010,V016,SKU0024,2025-02-17,198
GRN2025001011,PO2025001011,V018,SKU0080,2025-07-06,162
GRN2025001012,PO2025001012,V019,SKU0002,2025-02-25,126
GRN2025001013,PO2025001013,V015,SKU0078,2026-02-20,213
GRN2025001014,PO2025001014,V020,SKU0058,2026-05-13,129
GRN2025001015,PO2025001015,V002,SKU0037,2026-08-09,43
GRN2025001016,PO2025001016,V037,SKU0014,2026-03-20,29
GRN2025001017,PO2025001017,V025,SKU0041,2025-08-06,206
GRN2025001018,PO2025001018,V011,SKU0079,2025-10-27,139
GRN2025001019,PO2025001019,V023,SKU0054,2026-03-06,76
GRN2025001020,PO2025001020,V025,SKU0069,2025-06-11,224
GRN2025001021,PO2025001021,V040,SKU0071,2026-07-30,10
GRN2025001022,PO2025001022,V009,SKU0029,2025-01-26,2
GRN2025001023,PO2025001023,V028,SKU0068,2026-01-08,41
GRN2025001024,PO2025001024,V030,SKU0050,2025-07-19,98
GRN2025001025,PO2025001025,V027,SKU0024,2025-11-16,177
GRN2025001026,PO2025001026,V040,SKU0003,2025-11-26,110
GRN2025001027,PO2025001027,V032,SKU0072,2025-09-28,193
GRN2025001028,PO2025001028,V014,SKU0024,2025-11-16,117
GRN2025001029,PO2025001029,V017,SKU0028,2025-02-26,43
GRN2025001030,PO2025001030,V021,SKU0076,2026-07-11,157
GRN2025001031,PO2025001031,V038,SKU0039,2025-08-18,24
GRN2025001032,PO2025001032,V028,SKU0038,2025-02-18,87
GRN2025001033,PO2025001033,V009,SKU0079,2025-01-31,103
GRN2025001034,PO2025001034,V023,SKU0014,2026-09-14,227
GRN2025001035,PO2025001035,V031,SKU0034,2026-02-03,160
GRN2025001036,PO2025001036,V017,SKU0005,2025-11-27,65
GRN2025001037,PO2025001037,V027,SKU0054,2025-12-27,114
GRN2025001038,PO2025001038,V027,SKU0030,2025-09-18,93
GRN2025001039,PO2025001039,V012,SKU0047,2025-07-16,81
GRN2025001040,PO2025001040,V040,SKU0045,2026-07-24,161
GRN2025001041,PO2025001041,V014,SKU0054,2025-01-13,110
GRN2025001042,PO2025001042,V009,SKU0067,2026-04-19,193
GRN2025001043,PO2025001043,V032,SKU0069,2026-08-26,99
GRN2025001044,PO2025001044,V035,SKU0036,2025-04-16,60
GRN2025001045,PO2025001045,V018,SKU0044,2025-11-18,169
GRN2025001046,PO2025001046,V022,SKU0001,2025-07-15,143
GRN2025001047,PO2025001047,V034,SKU0004,2026-07-13,147
GRN2025001048,PO2025001048,V015,SKU0060,2025-06-13,170
GRN2025001049,PO2025001049,V016,SKU0076,2026-03-01,111
GRN2025001050,PO2025001050,V028,SKU0036,2025-05-25,108
GRN2025001051,PO2025001051,V012,SKU0074,2025-05-27,65
GRN2025001052,PO2025001052,V022,SKU0030,2026-03-24,7
GRN2025001053,PO2025001053,V030,SKU0072,2026-06-29,13
GRN2025001054,PO2025001054,V015,SKU0009,2025-06-02,188
GRN2025001055,PO2025001055,V035,SKU0048,2026-03-10,176
GRN2025001056,PO2025001056,V015,SKU0078,2026-03-15,115
GRN2025001057,PO2025001057,V025,SKU0017,2026-07-22,124
GRN2025001058,PO2025001058,V028,SKU0027,2026-01-13,111
GRN2025001059,PO2025001059,V014,SKU0033,2025-06-16,180
GRN2025001060,PO2025001060,V021,SKU0037,2025-05-30,9
GRN2025001061,PO2025001061,V011,SKU0026,2025-05-08,74
GRN2025001062,PO2025001062,V036,SKU0040,2025-03-19,187
GRN2025001063,PO2025001063,V035,SKU0003,2026-09-09,12
GRN2025001064,PO2025001064,V002,SKU0063,2025-02-05,243
GRN2025001065,PO2025001065,V004,SKU0005,2026-02-13,91
GRN2025001066,PO2025001066,V019,SKU0073,2025-10-06,27
GRN2025001067,PO2025001067,V039,SKU0069,2025-07-16,74
GRN2025001068,PO2025001068,V008,SKU0077,2026-06-03,7
GRN2025001069,PO2025001069,V017,SKU0074,2026-07-28,196
GRN2025001070,PO2025001070,V018,SKU0054,2025-09-18,134
GRN2025001071,PO2025001071,V018,SKU0064,2025-07-14,20
GRN2025001072,PO2025001072,V013,SKU0062,2025-05-26,12
GRN2025001073,PO2025001073,V028,SKU0041,2026-01-07,35
GRN2025001074,PO2025001074,V037,SKU0056,2026-02-01,59
GRN2025001075,PO2025001075,V013,SKU0076,2026-03-30,37
GRN2025001076,PO2025001076,V028,SKU0041,2025-12-29,213
GRN2025001077,PO2025001077,V029,SKU0002,2025-06-12,183
GRN2025001078,PO2025001078,V006,SKU0072,2025-10-23,232
GRN2025001079,PO2025001079,V034,SKU0054,2025-10-28,126
GRN2025001080,PO2025001080,V014,SKU0011,2025-10-31,94
GRN2025001081,PO2025001081,V001,SKU0057,2025-09-18,108
GRN2025001082,PO2025001082,V005,SKU0029,2025-05-22,2
GRN2025001083,PO2025001083,V027,SKU0016,2026-01-01,67
GRN2025001084,PO2025001084,V036,SKU0059,2025-08-09,241
GRN2025001085,PO2025001085,V019,SKU0001,2026-03-29,217
GRN2025001086,PO2025001086,V001,SKU0033,2026-01-15,134
GRN2025001087,PO2025001087,V029,SKU0024,2025-12-19,124
GRN2025001088,PO2025001088,V029,SKU0001,2026-01-10,10
GRN2025001089,PO2025001089,V026,SKU0015,2025-12-17,158
GRN2025001090,PO2025001090,V011,SKU0079,2025-01-28,107
GRN2025001091,PO2025001091,V018,SKU0008,2025-11-11,190
GRN2025001092,PO2025001092,V013,SKU0007,2026-02-06,134
GRN2025001093,PO2025001093,V014,SKU0060,2025-02-17,28
GRN2025001094,PO2025001094,V004,SKU0028,2025-10-26,58
GRN2025001095,PO2025001095,V030,SKU0040,2025-01-23,191
GRN2025001096,PO2025001096,V012,SKU0073,2026-08-19,34
GRN2025001097,PO2025001097,V016,SKU0030,2025-09-02,237
GRN2025001098,PO2025001098,V015,SKU0063,2026-03-19,55
GRN2025001099,PO2025001099,V033,SKU0065,2025-06-18,18
GRN2025001100,PO2025001100,V013,SKU0024,2025-06-16,87
GRN2025001101,PO2025001101,V011,SKU0012,2026-05-24,225
GRN2025001102,PO2025001102,V036,SKU0026,2026-09-08,64
GRN2025001103,PO2025001103,V016,SKU0016,2025-05-29,78
GRN2025001104,PO2025001104,V040,SKU0013,2025-09-21,210
GRN2025001105,PO2025001105,V004,SKU0055,2026-02-01,61
GRN2025001106,PO2025001106,V031,SKU0018,2025-02-01,135
GRN2025001107,PO2025001107,V025,SKU0016,2026-03-05,224
GRN2025001108,PO2025001108,V025,SKU0037,2025-10-22,240
GRN2025001109,PO2025001109,V040,SKU0030,2026-03-22,101
GRN2025001110,PO2025001110,V031,SKU0054,2026-06-11,153
GRN2025001111,PO2025001111,V032,SKU0065,2026-08-06,79
GRN2025001112,PO2025001112,V028,SKU0013,2025-05-03,7
GRN2025001113,PO2025001113,V037,SKU0074,2026-07-04,3
GRN2025001114,PO2025001114,V015,SKU0015,2026-09-09,73
GRN2025001115,PO2025001115,V003,SKU0003,2025-02-12,131
GRN2025001116,PO2025001116,V028,SKU0043,2026-04-20,152
GRN2025001117,PO2025001117,V004,SKU0034,2026-08-14,146
GRN2025001118,PO2025001118,V014,SKU0031,2025-04-30,81
GRN2025001119,PO2025001119,V017,SKU0062,2026-07-28,198
GRN2025001120,PO2025001120,V026,SKU0014,2025-04-17,101
GRN2025001121,PO2025001121,V005,SKU0037,2026-04-21,4
GRN2025001122,PO2025001122,V040,SKU0057,2025-04-20,99
GRN2025001123,PO2025001123,V017,SKU0054,2026-02-01,64
GRN2025001124,PO2025001124,V021,SKU0044,2025-08-27,230
GRN2025001125,PO2025001125,V038,SKU0006,2026-05-11,235
GRN2025001126,PO2025001126,V031,SKU0039,2025-07-20,49
GRN2025001127,PO2025001127,V012,SKU0067,2025-08-27,29
GRN2025001128,PO2025001128,V037,SKU0029,2025-12-22,209
GRN2025001129,PO2025001129,V017,SKU0071,2026-04-07,203
GRN2025001130,PO2025001130,V036,SKU0002,2025-04-14,202
GRN2025001131,PO2025001131,V023,SKU0070,2025-04-02,78
GRN2025001132,PO2025001132,V022,SKU0072,2025-09-21,65
GRN2025001133,PO2025001133,V017,SKU0054,2025-11-14,33
GRN2025001134,PO2025001134,V016,SKU0025,2026-01-02,142
GRN2025001135,PO2025001135,V018,SKU0034,2025-02-21,2
GRN2025001136,PO2025001136,V036,SKU0064,2025-10-03,127
GRN2025001137,PO2025001137,V012,SKU0016,2025-07-25,179
GRN2025001138,PO2025001138,V026,SKU0024,2025-07-08,21
GRN2025001139,PO2025001139,V001,SKU0068,2025-11-27,165
GRN2025001140,PO2025001140,V023,SKU0078,2026-01-01,149
GRN2025001141,PO2025001141,V027,SKU0063,2025-07-09,66
GRN2025001142,PO2025001142,V019,SKU0034,2026-08-02,217
GRN2025001143,PO2025001143,V040,SKU0076,2026-01-10,25
GRN2025001144,PO2025001144,V012,SKU0072,2025-12-12,134
GRN2025001145,PO2025001145,V024,SKU0041,2025-02-02,99
GRN2025001146,PO2025001146,V033,SKU0034,2026-05-12,8
GRN2025001147,PO2025001147,V033,SKU0065,2025-03-15,5
GRN2025001148,PO2025001148,V031,SKU0006,2025-07-13,201
GRN2025001149,PO2025001149,V036,SKU0049,2026-01-29,103
GRN2025001150,PO2025001150,V032,SKU0013,2026-06-30,151
GRN2025001151,PO2025001151,V021,SKU0069,2025-07-29,73
GRN2025001152,PO2025001152,V025,SKU0075,2025-06-02,42
GRN2025001153,PO2025001153,V020,SKU0034,2025-09-01,29
GRN2025001154,PO2025001154,V018,SKU0004,2026-07-27,51
GRN2025001155,PO2025001155,V030,SKU0009,2025-04-06,66
GRN2025001156,PO2025001156,V013,SKU0068,2025-08-10,133
GRN2025001157,PO2025001157,V027,SKU0029,2026-02-21,40
GRN2025001158,PO2025001158,V030,SKU0073,2026-06-27,146
GRN2025001159,PO2025001159,V015,SKU0074,2025-10-22,208
GRN2025001160,PO2025001160,V033,SKU0036,2026-08-17,53
GRN2025001161,PO2025001161,V007,SKU0009,2025-08-23,54
GRN2025001162,PO2025001162,V018,SKU0078,2026-02-07,5
GRN2025001163,PO2025001163,V031,SKU0067,2026-02-12,166
GRN2025001164,PO2025001164,V012,SKU0037,2026-02-19,162
GRN2025001165,PO2025001165,V008,SKU0059,2026-03-29,162
GRN2025001166,PO2025001166,V034,SKU0015,2026-06-20,182
GRN2025001167,PO2025001167,V033,SKU0004,2026-06-27,77
GRN2025001168,PO2025001168,V016,SKU0001,2026-08-03,160
GRN2025001169,PO2025001169,V008,SKU0002,2025-03-27,72
GRN2025001170,PO2025001170,V026,SKU0055,2025-03-29,63
GRN2025001171,PO2025001171,V017,SKU0010,2025-05-29,87
GRN2025001172,PO2025001172,V013,SKU0022,2025-09-02,41
GRN2025001173,PO2025001173,V012,SKU0048,2025-06-13,223
GRN2025001174,PO2025001174,V030,SKU0003,2026-05-07,58
GRN2025001175,PO2025001175,V025,SKU0025,2026-06-19,74
GRN2025001176,PO2025001176,V034,SKU0046,2025-07-21,37
GRN2025001177,PO2025001177,V010,SKU0010,2025-10-04,70
GRN2025001178,PO2025001178,V024,SKU0011,2025-12-27,11
GRN2025001179,PO2025001179,V004,SKU0058,2025-09-08,2
GRN2025001180,PO2025001180,V012,SKU0040,2026-06-08,183
GRN2025001181,PO2025001181,V038,SKU0055,2025-08-12,29
GRN2025001182,PO2025001182,V016,SKU0077,2026-04-19,20
GRN2025001183,PO2025001183,V026,SKU0054,2025-05-02,184
GRN2025001184,PO2025001184,V035,SKU0064,2025-12-17,115
GRN2025001185,PO2025001185,V010,SKU0040,2025-04-23,41
GRN2025001186,PO2025001186,V011,SKU0068,2025-09-05,192
GRN2025001187,PO2025001187,V039,SKU0045,2026-03-10,124
GRN2025001188,PO2025001188,V032,SKU0002,2025-06-09,49
GRN2025001189,PO2025001189,V010,SKU0007,2026-02-16,95
GRN2025001190,PO2025001190,V030,SKU0031,2026-01-09,120
GRN2025001191,PO2025001191,V008,SKU0060,2025-03-25,244
GRN2025001192,PO2025001192,V032,SKU0075,2026-07-12,250
GRN2025001193,PO2025001193,V024,SKU0076,2025-08-22,68
GRN2025001194,PO2025001194,V031,SKU0052,2026-04-19,155
GRN2025001195,PO2025001195,V001,SKU0006,2026-03-01,140
GRN2025001196,PO2025001196,V012,SKU0059,2026-08-07,45
GRN2025001197,PO2025001197,V014,SKU0063,2025-01-31,150
GRN2025001198,PO2025001198,V032,SKU0022,2025-09-01,49
GRN2025001199,PO2025001199,V008,SKU0001,2026-08-14,242
GRN2025001200,PO2025001200,V035,SKU0002,2025-02-23,128
GRN2025001201,PO2025001201,V026,SKU0014,2026-06-20,72
GRN2025001202,PO2025001202,V036,SKU0049,2025-04-28,70
GRN2025001203,PO2025001203,V029,SKU0004,2025-06-20,151
GRN2025001204,PO2025001204,V009,SKU0020,2025-05-16,100
GRN2025001205,PO2025001205,V004,SKU0016,2025-09-22,226
GRN2025001206,PO2025001206,V004,SKU0066,2026-06-22,112
GRN2025001207,PO2025001207,V032,SKU0035,2026-08-21,67
GRN2025001208,PO2025001208,V027,SKU0060,2025-07-04,3
GRN2025001209,PO2025001209,V034,SKU0031,2026-03-08,89
GRN2025001210,PO2025001210,V006,SKU0051,2026-06-02,118
GRN2025001211,PO2025001211,V006,SKU0010,2025-07-28,16
GRN2025001212,PO2025001212,V018,SKU0013,2025-05-27,75
GRN2025001213,PO2025001213,V009,SKU0054,2026-04-27,163
GRN2025001214,PO2025001214,V020,SKU0045,2026-02-11,93
GRN2025001215,PO2025001215,V020,SKU0070,2026-06-11,99
GRN2025001216,PO2025001216,V029,SKU0058,2025-07-07,157
GRN2025001217,PO2025001217,V040,SKU0060,2025-11-07,71
GRN2025001218,PO2025001218,V034,SKU0012,2026-05-04,81
GRN2025001219,PO2025001219,V019,SKU0064,2026-02-18,183
GRN2025001220,PO2025001220,V001,SKU0066,2025-03-28,218
GRN2025001221,PO2025001221,V028,SKU0006,2025-07-26,55
GRN2025001222,PO2025001222,V029,SKU0042,2025-07-29,67
GRN2025001223,PO2025001223,V021,SKU0003,2026-05-22,233
GRN2025001224,PO2025001224,V016,SKU0026,2025-10-18,24
GRN2025001225,PO2025001225,V002,SKU0018,2025-04-05,178
GRN2025001226,PO2025001226,V011,SKU0037,2026-09-09,166
GRN2025001227,PO2025001227,V032,SKU0030,2026-08-06,132
GRN2025001228,PO2025001228,V035,SKU0040,2025-11-08,47
GRN2025001229,PO2025001229,V024,SKU0012,2025-08-06,163
GRN2025001230,PO2025001230,V015,SKU0066,2025-10-11,173
GRN2025001231,PO2025001231,V009,SKU0071,2025-01-19,4
GRN2025001232,PO2025001232,V027,SKU0031,2025-03-29,238
GRN2025001233,PO2025001233,V016,SKU0022,2026-08-24,95
GRN2025001234,PO2025001234,V030,SKU0028,2025-05-15,133
GRN2025001235,PO2025001235,V001,SKU0030,2026-04-07,125
GRN2025001236,PO2025001236,V040,SKU0050,2026-06-04,226
GRN2025001237,PO2025001237,V035,SKU0056,2025-06-22,90
GRN2025001238,PO2025001238,V030,SKU0010,2025-12-27,10
GRN2025001239,PO2025001239,V025,SKU0035,2025-02-03,237
GRN2025001240,PO2025001240,V011,SKU0037,2025-02-14,93
GRN2025001241,PO2025001241,V030,SKU0038,2025-02-07,229
GRN2025001242,PO2025001242,V035,SKU0070,2025-01-12,170
GRN2025001243,PO2025001243,V007,SKU0058,2025-07-09,71
GRN2025001244,PO2025001244,V037,SKU0010,2025-11-07,13
GRN2025001245,PO2025001245,V004,SKU0060,2026-09-12,58
GRN2025001246,PO2025001246,V031,SKU0050,2025-10-19,31
GRN2025001247,PO2025001247,V006,SKU0023,2025-06-07,69
GRN2025001248,PO2025001248,V030,SKU0036,2025-07-30,71
GRN2025001249,PO2025001249,V001,SKU0076,2026-04-22,96
GRN2025001250,PO2025001250,V039,SKU0080,2025-01-19,210
GRN2025001251,PO2025001251,V028,SKU0073,2026-09-20,5
GRN2025001252,PO2025001252,V032,SKU0062,2026-07-13,192
GRN2025001253,PO2025001253,V032,SKU0001,2025-07-13,225
GRN2025001254,PO2025001254,V024,SKU0076,2025-08-27,101
GRN2025001255,PO2025001255,V029,SKU0026,2026-05-25,35
GRN2025001256,PO2025001256,V030,SKU0057,2025-05-20,213
GRN2025001257,PO2025001257,V013,SKU0070,2025-06-20,14
GRN2025001258,PO2025001258,V008,SKU0004,2025-09-16,76
GRN2025001259,PO2025001259,V008,SKU0009,2026-01-11,219
GRN2025001260,PO2025001260,V033,SKU0057,2025-03-12,22
GRN2025001261,PO2025001261,V021,SKU0008,2025-07-19,198
GRN2025001262,PO2025001262,V022,SKU0068,2025-12-29,233
GRN2025001263,PO2025001263,V037,SKU0046,2026-05-11,30
GRN2025001264,PO2025001264,V006,SKU0023,2025-10-11,35
GRN2025001265,PO2025001265,V036,SKU0049,2025-01-31,157
GRN2025001266,PO2025001266,V017,SKU0034,2026-05-12,138
GRN2025001267,PO2025001267,V015,SKU0017,2026-03-21,158
GRN2025001268,PO2025001268,V018,SKU0041,2026-03-04,88
GRN2025001269,PO2025001269,V013,SKU0006,2026-02-15,143
GRN2025001270,PO2025001270,V026,SKU0003,2026-04-19,9
GRN2025001271,PO2025001271,V036,SKU0008,2026-03-26,37
GRN2025001272,PO2025001272,V001,SKU0014,2025-04-10,85
GRN2025001273,PO2025001273,V002,SKU0039,2026-04-26,84
GRN2025001274,PO2025001274,V011,SKU0045,2025-03-27,54
GRN2025001275,PO2025001275,V039,SKU0054,2025-05-11,167
GRN2025001276,PO2025001276,V031,SKU0040,2026-03-30,33
GRN2025001277,PO2025001277,V025,SKU0077,2025-11-11,216
GRN2025001278,PO2025001278,V003,SKU0005,2025-10-28,10
GRN2025001279,PO2025001279,V010,SKU0036,2025-06-18,173
GRN2025001280,PO2025001280,V038,SKU0062,2025-05-06,140
GRN2025001281,PO2025001281,V008,SKU0076,2025-11-27,177
GRN2025001282,PO2025001282,V011,SKU0020,2025-09-03,88
GRN2025001283,PO2025001283,V003,SKU0012,2026-01-07,52
GRN2025001284,PO2025001284,V008,SKU0013,2025-09-12,244
GRN2025001285,PO2025001285,V023,SKU0054,2026-09-17,26
GRN2025001286,PO2025001286,V015,SKU0058,2025-12-19,223
GRN2025001287,PO2025001287,V022,SKU0029,2026-08-25,250
GRN2025001288,PO2025001288,V006,SKU0077,2026-04-22,205
GRN2025001289,PO2025001289,V004,SKU0049,2025-03-31,193
GRN2025001290,PO2025001290,V026,SKU0075,2026-01-05,216
GRN2025001291,PO2025001291,V003,SKU0020,2025-10-01,35
GRN2025001292,PO2025001292,V036,SKU0026,2025-07-11,231
GRN2025001293,PO2025001293,V038,SKU0046,2025-03-16,84
GRN2025001294,PO2025001294,V013,SKU0040,2025-02-26,148
GRN2025001295,PO2025001295,V035,SKU0077,2025-06-21,112
GRN2025001296,PO2025001296,V018,SKU0043,2025-11-14,38
GRN2025001297,PO2025001297,V001,SKU0057,2025-08-26,72
GRN2025001298,PO2025001298,V006,SKU0066,2026-02-17,144
GRN2025001299,PO2025001299,V005,SKU0032,2025-09-30,67
GRN2025001300,PO2025001300,V025,SKU0006,2025-06-03,179
GRN2025001301,PO2025001301,V001,SKU0027,2025-05-21,133
GRN2025001302,PO2025001302,V012,SKU0051,2026-08-20,124
GRN2025001303,PO2025001303,V008,SKU0043,2026-04-25,50
GRN2025001304,PO2025001304,V007,SKU0043,2026-01-15,204
GRN2025001305,PO2025001305,V006,SKU0001,2026-03-01,19
GRN2025001306,PO2025001306,V036,SKU0060,2026-04-04,197
GRN2025001307,PO2025001307,V040,SKU0064,2026-04-11,243
GRN2025001308,PO2025001308,V027,SKU0065,2026-01-29,154
GRN2025001309,PO2025001309,V035,SKU0062,2025-11-11,128
GRN2025001310,PO2025001310,V034,SKU0025,2025-04-27,91
GRN2025001311,PO2025001311,V038,SKU0051,2025-08-28,53
GRN2025001312,PO2025001312,V039,SKU0031,2026-07-31,216
GRN2025001313,PO2025001313,V023,SKU0009,2025-04-13,149
GRN2025001314,PO2025001314,V037,SKU0024,2026-01-16,33
GRN2025001315,PO2025001315,V003,SKU0015,2025-09-23,185
GRN2025001316,PO2025001316,V003,SKU0013,2025-07-17,56
GRN2025001317,PO2025001317,V013,SKU0011,2025-10-01,151
GRN2025001318,PO2025001318,V018,SKU0064,2026-03-06,2
GRN2025001319,PO2025001319,V034,SKU0080,2025-02-09,122
GRN2025001320,PO2025001320,V015,SKU0049,2026-04-17,236
GRN2025001321,PO2025001321,V024,SKU0052,2025-01-21,110
GRN2025001322,PO2025001322,V016,SKU0080,2026-02-17,187
GRN2025001323,PO2025001323,V010,SKU0077,2026-08-04,224
GRN2025001324,PO2025001324,V003,SKU0042,2026-06-11,12
GRN2025001325,PO2025001325,V003,SKU0043,2026-08-28,64
GRN2025001326,PO2025001326,V004,SKU0058,2025-08-22,137
GRN2025001327,PO2025001327,V013,SKU0066,2025-09-23,47
GRN2025001328,PO2025001328,V018,SKU0018,2026-01-22,61
GRN2025001329,PO2025001329,V009,SKU0049,2026-05-12,6
GRN2025001330,PO2025001330,V008,SKU0056,2025-02-10,152
GRN2025001331,PO2025001331,V032,SKU0025,2025-10-01,97
GRN2025001332,PO2025001332,V024,SKU0032,2025-03-17,169
GRN2025001333,PO2025001333,V017,SKU0040,2026-06-14,74
GRN2025001334,PO2025001334,V017,SKU0001,2026-01-01,41
GRN2025001335,PO2025001335,V040,SKU0052,2025-11-23,38
GRN2025001336,PO2025001336,V017,SKU0056,2026-01-20,91
GRN2025001337,PO2025001337,V014,SKU0042,2025-04-21,126
GRN2025001338,PO2025001338,V024,SKU0001,2025-08-01,112
GRN2025001339,PO2025001339,V029,SKU0017,2025-08-13,56
GRN2025001340,PO2025001340,V026,SKU0035,2025-08-06,90
GRN2025001341,PO2025001341,V002,SKU0013,2025-12-30,145
GRN2025001342,PO2025001342,V027,SKU0034,2026-03-22,83
GRN2025001343,PO2025001343,V021,SKU0001,2026-03-23,7
GRN2025001344,PO2025001344,V005,SKU0075,2026-07-04,59
GRN2025001345,PO2025001345,V032,SKU0072,2025-11-15,52
GRN2025001346,PO2025001346,V030,SKU0054,2026-03-22,10
GRN2025001347,PO2025001347,V003,SKU0017,2025-06-02,220
GRN2025001348,PO2025001348,V025,SKU0073,2026-05-17,59
GRN2025001349,PO2025001349,V027,SKU0020,2025-01-27,159
GRN2025001350,PO2025001350,V013,SKU0055,2026-01-16,120
GRN2025001351,PO2025001351,V032,SKU0037,2025-12-20,37
GRN2025001352,PO2025001352,V032,SKU0015,2025-05-19,134
GRN2025001353,PO2025001353,V038,SKU0009,2025-12-01,178
GRN2025001354,PO2025001354,V015,SKU0048,2026-09-11,134
GRN2025001355,PO2025001355,V020,SKU0028,2026-02-10,94
GRN2025001356,PO2025001356,V015,SKU0029,2025-11-08,10
GRN2025001357,PO2025001357,V015,SKU0032,2025-05-30,245
GRN2025001358,PO2025001358,V014,SKU0075,2026-07-21,18
GRN2025001359,PO2025001359,V033,SKU0025,2025-02-13,250
GRN2025001360,PO2025001360,V009,SKU0053,2025-12-15,145
GRN2025001361,PO2025001361,V005,SKU0043,2026-08-20,88
GRN2025001362,PO2025001362,V001,SKU0028,2026-02-02,91
GRN2025001363,PO2025001363,V018,SKU0003,2026-03-09,124
GRN2025001364,PO2025001364,V034,SKU0053,2025-01-29,231
GRN2025001365,PO2025001365,V019,SKU0006,2025-06-30,144
GRN2025001366,PO2025001366,V021,SKU0045,2026-07-17,109
GRN2025001367,PO2025001367,V023,SKU0001,2026-04-02,155
GRN2025001368,PO2025001368,V039,SKU0042,2026-05-27,138
GRN2025001369,PO2025001369,V007,SKU0012,2025-12-16,159
GRN2025001370,PO2025001370,V002,SKU0077,2025-04-03,99
GRN2025001371,PO2025001371,V033,SKU0008,2025-07-02,134
GRN2025001372,PO2025001372,V012,SKU0036,2026-06-12,84
GRN2025001373,PO2025001373,V021,SKU0018,2025-07-26,24
GRN2025001374,PO2025001374,V027,SKU0010,2025-07-06,97
GRN2025001375,PO2025001375,V011,SKU0017,2025-08-03,185
GRN2025001376,PO2025001376,V028,SKU0026,2026-06-28,20
GRN2025001377,PO2025001377,V001,SKU0039,2026-05-06,225
GRN2025001378,PO2025001378,V004,SKU0064,2025-09-14,81
GRN2025001379,PO2025001379,V001,SKU0009,2026-05-02,217
GRN2025001380,PO2025001380,V034,SKU0071,2026-08-23,49
GRN2025001381,PO2025001381,V024,SKU0053,2026-01-04,219
GRN2025001382,PO2025001382,V024,SKU0080,2025-08-08,52
GRN2025001383,PO2025001383,V019,SKU0032,2025-03-19,88
GRN2025001384,PO2025001384,V017,SKU0052,2026-03-20,27
GRN2025001385,PO2025001385,V015,SKU0070,2025-01-16,6
GRN2025001386,PO2025001386,V001,SKU0035,2026-05-23,66
GRN2025001387,PO2025001387,V029,SKU0049,2025-02-18,110
GRN2025001388,PO2025001388,V014,SKU0071,2026-04-29,171
GRN2025001389,PO2025001389,V017,SKU0029,2025-01-10,63
GRN2025001390,PO2025001390,V002,SKU0065,2025-02-11,168
GRN2025001391,PO2025001391,V007,SKU0025,2025-03-21,223
GRN2025001392,PO2025001392,V005,SKU0006,2025-01-18,62
GRN2025001393,PO2025001393,V024,SKU0018,2026-03-22,175
GRN2025001394,PO2025001394,V030,SKU0011,2025-10-17,108
GRN2025001395,PO2025001395,V018,SKU0049,2025-05-08,63
GRN2025001396,PO2025001396,V013,SKU0044,2026-06-10,216
GRN2025001397,PO2025001397,V017,SKU0070,2026-09-02,205
GRN2025001398,PO2025001398,V035,SKU0011,2025-11-10,108
GRN2025001399,PO2025001399,V020,SKU0043,2026-09-20,64
GRN2025001400,PO2025001400,V039,SKU0073,2026-05-22,192
GRN2025001401,PO2025001401,V001,SKU0032,2025-05-08,117
GRN2025001402,PO2025001402,V023,SKU0053,2026-08-07,134
GRN2025001403,PO2025001403,V031,SKU0062,2025-02-04,190
GRN2025001404,PO2025001404,V015,SKU0036,2025-06-24,95
GRN2025001405,PO2025001405,V028,SKU0026,2026-02-24,25
GRN2025001406,PO2025001406,V031,SKU0018,2026-07-04,199
GRN2025001407,PO2025001407,V003,SKU0020,2025-07-09,182
GRN2025001408,PO2025001408,V020,SKU0050,2026-05-12,7
GRN2025001409,PO2025001409,V029,SKU0012,2026-08-04,39
GRN2025001410,PO2025001410,V008,SKU0005,2025-10-07,92
GRN2025001411,PO2025001411,V001,SKU0017,2025-04-14,52
GRN2025001412,PO2025001412,V031,SKU0002,2025-04-25,34
GRN2025001413,PO2025001413,V001,SKU0028,2026-03-24,243
GRN2025001414,PO2025001414,V025,SKU0038,2025-03-29,152
GRN2025001415,PO2025001415,V026,SKU0015,2025-11-06,190
GRN2025001416,PO2025001416,V037,SKU0005,2025-07-15,137
GRN2025001417,PO2025001417,V002,SKU0074,2025-02-24,58
GRN2025001418,PO2025001418,V032,SKU0009,2025-09-03,141
GRN2025001419,PO2025001419,V026,SKU0057,2026-02-10,36
GRN2025001420,PO2025001420,V016,SKU0026,2025-10-20,173
GRN2025001421,PO2025001421,V034,SKU0072,2025-02-23,124
GRN2025001422,PO2025001422,V039,SKU0068,2026-02-06,203
GRN2025001423,PO2025001423,V040,SKU0079,2025-06-16,175
GRN2025001424,PO2025001424,V035,SKU0019,2026-03-18,201
GRN2025001425,PO2025001425,V007,SKU0068,2026-05-07,130
GRN2025001426,PO2025001426,V032,SKU0034,2026-04-28,35
GRN2025001427,PO2025001427,V027,SKU0037,2026-08-26,73
GRN2025001428,PO2025001428,V036,SKU0058,2026-08-27,225
GRN2025001429,PO2025001429,V003,SKU0032,2026-03-19,63
GRN2025001430,PO2025001430,V021,SKU0042,2026-07-31,63
GRN2025001431,PO2025001431,V034,SKU0005,2025-09-12,25
GRN2025001432,PO2025001432,V002,SKU0047,2026-07-26,46
GRN2025001433,PO2025001433,V021,SKU0058,2025-05-14,170
GRN2025001434,PO2025001434,V013,SKU0038,2025-12-27,129
GRN2025001435,PO2025001435,V028,SKU0032,2025-09-22,15
GRN2025001436,PO2025001436,V021,SKU0014,2025-10-06,68
GRN2025001437,PO2025001437,V019,SKU0050,2026-09-16,108
GRN2025001438,PO2025001438,V036,SKU0018,2026-04-10,78
GRN2025001439,PO2025001439,V015,SKU0063,2026-08-21,245
GRN2025001440,PO2025001440,V006,SKU0004,2025-08-27,50
GRN2025001441,PO2025001441,V018,SKU0043,2026-01-01,247
GRN2025001442,PO2025001442,V035,SKU0050,2025-04-19,241
GRN2025001443,PO2025001443,V003,SKU0007,2026-07-13,212
GRN2025001444,PO2025001444,V032,SKU0045,2026-02-02,32
GRN2025001445,PO2025001445,V029,SKU0018,2026-05-19,132
GRN2025001446,PO2025001446,V031,SKU0013,2025-10-25,155
GRN2025001447,PO2025001447,V022,SKU0024,2026-07-12,9
GRN2025001448,PO2025001448,V003,SKU0061,2025-10-03,238
GRN2025001449,PO2025001449,V027,SKU0040,2025-10-21,172
GRN2025001450,PO2025001450,V029,SKU0039,2025-07-02,247
GRN2025001451,PO2025001451,V025,SKU0009,2025-11-03,105
GRN2025001452,PO2025001452,V027,SKU0058,2025-05-05,4
GRN2025001453,PO2025001453,V028,SKU0069,2025-10-06,115
GRN2025001454,PO2025001454,V021,SKU0001,2025-01-25,98
GRN2025001455,PO2025001455,V007,SKU0054,2026-09-20,6
GRN2025001456,PO2025001456,V021,SKU0077,2026-08-31,135
GRN2025001457,PO2025001457,V029,SKU0051,2026-08-18,199
GRN2025001458,PO2025001458,V020,SKU0063,2025-09-22,98
GRN2025001459,PO2025001459,V008,SKU0042,2025-11-02,127
GRN2025001460,PO2025001460,V028,SKU0074,2026-06-03,13
GRN2025001461,PO2025001461,V033,SKU0018,2025-01-29,113
GRN2025001462,PO2025001462,V014,SKU0009,2025-11-06,100
GRN2025001463,PO2025001463,V011,SKU0075,2026-09-17,129
GRN2025001464,PO2025001464,V008,SKU0023,2026-05-27,241
GRN2025001465,PO2025001465,V008,SKU0022,2026-08-18,100
GRN2025001466,PO2025001466,V003,SKU0043,2025-12-31,7
GRN2025001467,PO2025001467,V016,SKU0058,2025-07-21,11
GRN2025001468,PO2025001468,V030,SKU0057,2025-08-29,245
GRN2025001469,PO2025001469,V012,SKU0050,2026-03-12,79
GRN2025001470,PO2025001470,V002,SKU0016,2026-03-03,154
GRN2025001471,PO2025001471,V005,SKU0021,2026-05-05,67
GRN2025001472,PO2025001472,V029,SKU0036,2025-11-17,60
GRN2025001473,PO2025001473,V036,SKU0020,2026-02-06,28
GRN2025001474,PO2025001474,V031,SKU0027,2025-05-21,102
GRN2025001475,PO2025001475,V028,SKU0044,2025-10-10,225
GRN2025001476,PO2025001476,V010,SKU0046,2025-02-04,59
GRN2025001477,PO2025001477,V036,SKU0062,2026-03-16,216
GRN2025001478,PO2025001478,V031,SKU0005,2026-03-23,54
GRN2025001479,PO2025001479,V028,SKU0029,2025-07-21,79
GRN2025001480,PO2025001480,V013,SKU0030,2025-10-25,243
GRN2025001481,PO2025001481,V033,SKU0022,2026-03-25,102
GRN2025001482,PO2025001482,V039,SKU0049,2026-02-01,197
GRN2025001483,PO2025001483,V029,SKU0062,2025-07-06,142
GRN2025001484,PO2025001484,V011,SKU0049,2026-04-01,27
GRN2025001485,PO2025001485,V025,SKU0014,2026-08-01,27
GRN2025001486,PO2025001486,V038,SKU0053,2026-08-30,154
GRN2025001487,PO2025001487,V038,SKU0042,2026-04-30,2
GRN2025001488,PO2025001488,V040,SKU0076,2025-05-19,227
GRN2025001489,PO2025001489,V021,SKU0066,2026-01-14,93
GRN2025001490,PO2025001490,V025,SKU0057,2025-10-10,236
GRN2025001491,PO2025001491,V029,SKU0012,2025-08-25,179
GRN2025001492,PO2025001492,V022,SKU0049,2026-05-03,180
GRN2025001493,PO2025001493,V005,SKU0062,2025-01-19,78
GRN2025001494,PO2025001494,V036,SKU0064,2026-04-02,85
GRN2025001495,PO2025001495,V036,SKU0046,2026-06-12,203
GRN2025001496,PO2025001496,V009,SKU0011,2026-06-23,161
GRN2025001497,PO2025001497,V021,SKU0002,2026-08-20,145
GRN2025001498,PO2025001498,V011,SKU0069,2025-12-11,34
GRN2025001499,PO2025001499,V023,SKU0039,2026-08-21,75
GRN2025001500,PO2025001500,V033,SKU0054,2025-10-11,34
GRN2025001501,PO2025001501,V035,SKU0033,2025-08-01,230
GRN2025001502,PO2025001502,V004,SKU0022,2025-12-25,31
GRN2025001503,PO2025001503,V036,SKU0024,2025-09-22,153
GRN2025001504,PO2025001504,V014,SKU0034,2025-07-15,216
GRN2025001505,PO2025001505,V027,SKU0057,2025-05-04,168
GRN2025001506,PO2025001506,V018,SKU0048,2026-03-09,139
GRN2025001507,PO2025001507,V012,SKU0005,2026-03-20,169
GRN2025001508,PO2025001508,V036,SKU0050,2026-07-28,159
GRN2025001509,PO2025001509,V030,SKU0042,2026-02-21,28
GRN2025001510,PO2025001510,V002,SKU0036,2026-08-22,168
GRN2025001511,PO2025001511,V020,SKU0026,2025-04-27,90
GRN2025001512,PO2025001512,V023,SKU0015,2025-06-06,218
GRN2025001513,PO2025001513,V031,SKU0027,2025-03-22,74
GRN2025001514,PO2025001514,V002,SKU0019,2025-03-25,129
GRN2025001515,PO2025001515,V031,SKU0002,2025-02-13,212
GRN2025001516,PO2025001516,V008,SKU0025,2025-06-25,203
GRN2025001517,PO2025001517,V036,SKU0034,2026-04-29,156
GRN2025001518,PO2025001518,V021,SKU0067,2026-03-27,54
GRN2025001519,PO2025001519,V025,SKU0042,2025-02-21,81
GRN2025001520,PO2025001520,V015,SKU0047,2025-03-30,196
GRN2025001521,PO2025001521,V001,SKU0040,2025-04-15,62
GRN2025001522,PO2025001522,V017,SKU0014,2025-01-10,77
GRN2025001523,PO2025001523,V015,SKU0007,2025-07-23,28
GRN2025001524,PO2025001524,V015,SKU0052,2026-06-03,21
GRN2025001525,PO2025001525,V009,SKU0054,2025-10-06,196
GRN2025001526,PO2025001526,V030,SKU0074,2025-10-14,11
GRN2025001527,PO2025001527,V004,SKU0029,2026-02-18,229
GRN2025001528,PO2025001528,V011,SKU0046,2025-10-29,24
GRN2025001529,PO2025001529,V003,SKU0070,2025-08-17,3
GRN2025001530,PO2025001530,V022,SKU0058,2025-02-12,91
GRN2025001531,PO2025001531,V008,SKU0063,2025-08-08,39
GRN2025001532,PO2025001532,V010,SKU0033,2026-06-23,78
GRN2025001533,PO2025001533,V031,SKU0023,2025-08-07,241
GRN2025001534,PO2025001534,V035,SKU0014,2026-02-27,117
GRN2025001535,PO2025001535,V010,SKU0041,2025-10-06,212
GRN2025001536,PO2025001536,V023,SKU0001,2025-05-15,58
GRN2025001537,PO2025001537,V009,SKU0012,2025-08-03,3
GRN2025001538,PO2025001538,V014,SKU0041,2026-06-14,165
GRN2025001539,PO2025001539,V034,SKU0074,2026-01-29,232
GRN2025001540,PO2025001540,V002,SKU0043,2025-11-01,129
GRN2025001541,PO2025001541,V014,SKU0022,2026-03-14,208
GRN2025001542,PO2025001542,V039,SKU0065,2025-01-30,106
GRN2025001543,PO2025001543,V037,SKU0063,2025-03-27,147
GRN2025001544,PO2025001544,V037,SKU0016,2026-05-20,116
GRN2025001545,PO2025001545,V006,SKU0068,2025-02-11,205
GRN2025001546,PO2025001546,V012,SKU0040,2025-05-10,117
GRN2025001547,PO2025001547,V006,SKU0055,2025-04-21,114
GRN2025001548,PO2025001548,V018,SKU0042,2026-03-12,228
GRN2025001549,PO2025001549,V039,SKU0063,2026-09-20,144
GRN2025001550,PO2025001550,V023,SKU0030,2025-07-19,129
GRN2025001551,PO2025001551,V004,SKU0076,2025-06-14,188
GRN2025001552,PO2025001552,V038,SKU0009,2025-12-06,164
GRN2025001553,PO2025001553,V003,SKU0057,2026-06-30,151
GRN2025001554,PO2025001554,V021,SKU0039,2025-08-01,74
GRN2025001555,PO2025001555,V011,SKU0040,2025-02-05,106
GRN2025001556,PO2025001556,V034,SKU0063,2025-08-17,83
GRN2025001557,PO2025001557,V003,SKU0054,2025-01-17,27
GRN2025001558,PO2025001558,V035,SKU0071,2025-10-01,192
GRN2025001559,PO2025001559,V014,SKU0021,2025-02-04,83
GRN2025001560,PO2025001560,V025,SKU0031,2025-04-04,233
GRN2025001561,PO2025001561,V035,SKU0001,2026-03-30,223
GRN2025001562,PO2025001562,V028,SKU0079,2025-02-03,119
GRN2025001563,PO2025001563,V021,SKU0064,2026-01-31,201
GRN2025001564,PO2025001564,V035,SKU0067,2025-07-09,78
GRN2025001565,PO2025001565,V015,SKU0048,2025-09-27,105
GRN2025001566,PO2025001566,V035,SKU0002,2026-05-02,211
GRN2025001567,PO2025001567,V024,SKU0064,2026-03-24,15
GRN2025001568,PO2025001568,V032,SKU0074,2026-06-01,114
GRN2025001569,PO2025001569,V024,SKU0032,2025-07-05,51
GRN2025001570,PO2025001570,V029,SKU0057,2025-05-29,77
GRN2025001571,PO2025001571,V022,SKU0035,2025-05-01,102
GRN2025001572,PO2025001572,V018,SKU0018,2026-06-16,44
GRN2025001573,PO2025001573,V014,SKU0003,2026-02-24,139
GRN2025001574,PO2025001574,V016,SKU0014,2026-09-05,153
GRN2025001575,PO2025001575,V017,SKU0026,2026-07-21,193
GRN2025001576,PO2025001576,V020,SKU0062,2025-03-17,42
GRN2025001577,PO2025001577,V026,SKU0016,2026-05-16,27
GRN2025001578,PO2025001578,V021,SKU0018,2025-06-09,209
GRN2025001579,PO2025001579,V006,SKU0048,2025-06-15,224
GRN2025001580,PO2025001580,V033,SKU0035,2025-06-01,236
GRN2025001581,PO2025001581,V021,SKU0062,2025-04-10,9
GRN2025001582,PO2025001582,V037,SKU0031,2026-03-23,127
GRN2025001583,PO2025001583,V008,SKU0032,2025-08-11,86
GRN2025001584,PO2025001584,V023,SKU0062,2025-05-26,52
GRN2025001585,PO2025001585,V040,SKU0002,2025-09-20,14
GRN2025001586,PO2025001586,V029,SKU0026,2025-10-23,142
GRN2025001587,PO2025001587,V032,SKU0031,2025-07-23,43
GRN2025001588,PO2025001588,V019,SKU0070,2026-09-01,32
GRN2025001589,PO2025001589,V024,SKU0054,2025-05-23,12
GRN2025001590,PO2025001590,V034,SKU0072,2025-12-10,103
GRN2025001591,PO2025001591,V009,SKU0004,2025-03-25,183
GRN2025001592,PO2025001592,V027,SKU0073,2025-02-07,222
GRN2025001593,PO2025001593,V029,SKU0043,2026-08-27,14
GRN2025001594,PO2025001594,V002,SKU0080,2026-03-17,84
GRN2025001595,PO2025001595,V023,SKU0010,2025-06-09,183
GRN2025001596,PO2025001596,V014,SKU0034,2026-05-25,249
GRN2025001597,PO2025001597,V013,SKU0050,2026-04-30,3
GRN2025001598,PO2025001598,V027,SKU0030,2026-08-18,77
GRN2025001599,PO2025001599,V037,SKU0012,2025-04-13,234
GRN2025001600,PO2025001600,V030,SKU0031,2025-05-17,128
GRN2025001601,PO2025001601,V029,SKU0029,2025-02-09,238
GRN2025001602,PO2025001602,V015,SKU0001,2025-01-17,159
GRN2025001603,PO2025001603,V039,SKU0053,2026-06-11,45
GRN2025001604,PO2025001604,V012,SKU0040,2026-04-22,222
GRN2025001605,PO2025001605,V027,SKU0009,2025-12-04,182
GRN2025001606,PO2025001606,V001,SKU0039,2026-08-18,182
GRN2025001607,PO2025001607,V002,SKU0027,2025-06-14,197
GRN2025001608,PO2025001608,V038,SKU0020,2026-02-08,24
GRN2025001609,PO2025001609,V025,SKU0069,2026-07-13,132
GRN2025001610,PO2025001610,V038,SKU0051,2026-02-08,135
GRN2025001611,PO2025001611,V015,SKU0005,2026-06-24,33
GRN2025001612,PO2025001612,V032,SKU0018,2025-09-15,137
GRN2025001613,PO2025001613,V039,SKU0002,2026-06-15,225
GRN2025001614,PO2025001614,V032,SKU0070,2025-05-15,235
GRN2025001615,PO2025001615,V021,SKU0072,2026-05-01,47
GRN2025001616,PO2025001616,V034,SKU0047,2026-08-23,196
GRN2025001617,PO2025001617,V006,SKU0013,2025-08-12,151
GRN2025001618,PO2025001618,V036,SKU0031,2026-05-22,239
GRN2025001619,PO2025001619,V019,SKU0058,2025-05-17,155
GRN2025001620,PO2025001620,V014,SKU0074,2025-05-18,59
GRN2025001621,PO2025001621,V027,SKU0047,2025-10-16,164
GRN2025001622,PO2025001622,V008,SKU0064,2025-09-16,100
GRN2025001623,PO2025001623,V006,SKU0067,2026-07-09,101
GRN2025001624,PO2025001624,V026,SKU0037,2025-08-25,61
GRN2025001625,PO2025001625,V024,SKU0042,2025-11-14,111
GRN2025001626,PO2025001626,V004,SKU0021,2026-06-17,190
GRN2025001627,PO2025001627,V009,SKU0032,2025-05-08,7
GRN2025001628,PO2025001628,V029,SKU0070,2025-11-22,51
GRN2025001629,PO2025001629,V040,SKU0020,2025-05-06,20
GRN2025001630,PO2025001630,V024,SKU0037,2025-02-06,50
GRN2025001631,PO2025001631,V037,SKU0054,2026-05-13,161
GRN2025001632,PO2025001632,V016,SKU0066,2025-09-09,155
GRN2025001633,PO2025001633,V004,SKU0039,2025-04-24,90
GRN2025001634,PO2025001634,V039,SKU0046,2025-02-09,130
GRN2025001635,PO2025001635,V040,SKU0023,2025-08-18,113
GRN2025001636,PO2025001636,V009,SKU0039,2025-12-20,87
GRN2025001637,PO2025001637,V013,SKU0066,2026-06-27,119
GRN2025001638,PO2025001638,V003,SKU0045,2026-07-20,80
GRN2025001639,PO2025001639,V016,SKU0047,2026-03-19,96
GRN2025001640,PO2025001640,V037,SKU0017,2025-08-29,192
GRN2025001641,PO2025001641,V030,SKU0031,2026-05-09,30
GRN2025001642,PO2025001642,V002,SKU0007,2026-08-17,163
GRN2025001643,PO2025001643,V039,SKU0080,2026-01-11,109
GRN2025001644,PO2025001644,V009,SKU0026,2025-01-08,170
GRN2025001645,PO2025001645,V025,SKU0010,2025-11-09,200
GRN2025001646,PO2025001646,V016,SKU0053,2025-04-02,36
GRN2025001647,PO2025001647,V017,SKU0016,2026-01-23,246
GRN2025001648,PO2025001648,V001,SKU0016,2025-10-07,174
GRN2025001649,PO2025001649,V016,SKU0058,2025-02-22,148
GRN2025001650,PO2025001650,V038,SKU0015,2026-05-23,248
GRN2025001651,PO2025001651,V021,SKU0039,2025-08-08,23
GRN2025001652,PO2025001652,V031,SKU0056,2026-04-22,65
GRN2025001653,PO2025001653,V003,SKU0058,2026-04-23,224
GRN2025001654,PO2025001654,V033,SKU0052,2026-03-11,160
GRN2025001655,PO2025001655,V040,SKU0075,2025-05-03,200
GRN2025001656,PO2025001656,V040,SKU0027,2026-01-22,45
GRN2025001657,PO2025001657,V039,SKU0033,2025-10-18,12
GRN2025001658,PO2025001658,V033,SKU0001,2026-02-05,141
GRN2025001659,PO2025001659,V020,SKU0053,2025-07-07,35
GRN2025001660,PO2025001660,V011,SKU0046,2025-12-13,159
GRN2025001661,PO2025001661,V037,SKU0014,2026-02-02,11
GRN2025001662,PO2025001662,V032,SKU0075,2026-06-25,102
GRN2025001663,PO2025001663,V040,SKU0032,2026-03-30,86
GRN2025001664,PO2025001664,V009,SKU0029,2026-07-05,100
GRN2025001665,PO2025001665,V037,SKU0029,2026-02-28,176
GRN2025001666,PO2025001666,V009,SKU0067,2026-06-07,70
GRN2025001667,PO2025001667,V022,SKU0042,2025-02-26,218
GRN2025001668,PO2025001668,V037,SKU0068,2025-01-12,198
GRN2025001669,PO2025001669,V019,SKU0031,2026-03-21,218
GRN2025001670,PO2025001670,V006,SKU0040,2025-04-26,231
GRN2025001671,PO2025001671,V038,SKU0036,2025-12-08,207
GRN2025001672,PO2025001672,V026,SKU0024,2025-12-19,38
GRN2025001673,PO2025001673,V029,SKU0072,2026-02-11,44
GRN2025001674,PO2025001674,V007,SKU0050,2025-10-27,249
GRN2025001675,PO2025001675,V013,SKU0075,2026-02-14,160
GRN2025001676,PO2025001676,V020,SKU0065,2025-09-02,43
GRN2025001677,PO2025001677,V019,SKU0002,2025-03-15,190
GRN2025001678,PO2025001678,V006,SKU0059,2025-12-17,164
GRN2025001679,PO2025001679,V004,SKU0012,2025-03-11,220
GRN2025001680,PO2025001680,V025,SKU0071,2026-01-01,201
GRN2025001681,PO2025001681,V030,SKU0070,2026-06-03,127
GRN2025001682,PO2025001682,V001,SKU0020,2026-07-25,231
GRN2025001683,PO2025001683,V025,SKU0080,2025-05-26,225
GRN2025001684,PO2025001684,V031,SKU0016,2026-03-26,40
GRN2025001685,PO2025001685,V013,SKU0063,2025-11-30,65
GRN2025001686,PO2025001686,V021,SKU0031,2025-08-25,48
GRN2025001687,PO2025001687,V013,SKU0062,2025-04-25,15
GRN2025001688,PO2025001688,V029,SKU0048,2026-02-05,169
GRN2025001689,PO2025001689,V022,SKU0043,2026-09-02,53
GRN2025001690,PO2025001690,V038,SKU0076,2025-02-18,87
GRN2025001691,PO2025001691,V017,SKU0024,2026-09-03,122
GRN2025001692,PO2025001692,V012,SKU0080,2026-01-05,67
GRN2025001693,PO2025001693,V038,SKU0008,2026-05-20,6
GRN2025001694,PO2025001694,V032,SKU0019,2025-03-26,121
GRN2025001695,PO2025001695,V018,SKU0023,2025-10-16,210
GRN2025001696,PO2025001696,V039,SKU0033,2025-07-30,138
GRN2025001697,PO2025001697,V025,SKU0063,2025-08-17,73
GRN2025001698,PO2025001698,V029,SKU0018,2026-05-05,10
GRN2025001699,PO2025001699,V015,SKU0038,2025-11-06,216
GRN2025001700,PO2025001700,V034,SKU0015,2026-02-23,110
GRN2025001701,PO2025001701,V037,SKU0066,2026-04-29,162
GRN2025001702,PO2025001702,V037,SKU0059,2025-09-20,17
GRN2025001703,PO2025001703,V014,SKU0069,2025-06-13,171
GRN2025001704,PO2025001704,V020,SKU0060,2026-08-20,129
GRN2025001705,PO2025001705,V021,SKU0076,2026-03-02,61
GRN2025001706,PO2025001706,V029,SKU0014,2026-06-21,46
GRN2025001707,PO2025001707,V010,SKU0024,2025-03-21,136
GRN2025001708,PO2025001708,V022,SKU0027,2025-10-10,105
GRN2025001709,PO2025001709,V016,SKU0007,2025-09-03,174
GRN2025001710,PO2025001710,V013,SKU0038,2025-06-14,128
GRN2025001711,PO2025001711,V015,SKU0004,2025-09-24,196
GRN2025001712,PO2025001712,V037,SKU0009,2025-06-17,180
GRN2025001713,PO2025001713,V014,SKU0023,2025-02-16,118
GRN2025001714,PO2025001714,V004,SKU0027,2025-09-30,16
GRN2025001715,PO2025001715,V013,SKU0063,2026-05-23,93
GRN2025001716,PO2025001716,V035,SKU0032,2025-07-12,113
GRN2025001717,PO2025001717,V017,SKU0073,2025-04-29,80
GRN2025001718,PO2025001718,V034,SKU0013,2026-08-19,199
GRN2025001719,PO2025001719,V012,SKU0049,2026-04-05,196
GRN2025001720,PO2025001720,V024,SKU0063,2025-06-24,208
GRN2025001721,PO2025001721,V039,SKU0019,2025-03-18,109
GRN2025001722,PO2025001722,V023,SKU0045,2025-07-25,92
GRN2025001723,PO2025001723,V008,SKU0017,2025-04-11,163
GRN2025001724,PO2025001724,V019,SKU0010,2026-04-14,84
GRN2025001725,PO2025001725,V029,SKU0058,2025-10-02,57
GRN2025001726,PO2025001726,V011,SKU0028,2025-04-12,76
GRN2025001727,PO2025001727,V027,SKU0042,2026-01-09,168
GRN2025001728,PO2025001728,V005,SKU0052,2026-04-08,5
GRN2025001729,PO2025001729,V024,SKU0016,2025-07-10,174
GRN2025001730,PO2025001730,V031,SKU0006,2025-12-11,116
GRN2025001731,PO2025001731,V034,SKU0035,2025-04-14,230
GRN2025001732,PO2025001732,V027,SKU0053,2025-04-10,203
GRN2025001733,PO2025001733,V010,SKU0018,2025-03-02,174
GRN2025001734,PO2025001734,V035,SKU0031,2025-10-10,233
GRN2025001735,PO2025001735,V035,SKU0074,2026-09-08,166
GRN2025001736,PO2025001736,V036,SKU0014,2025-05-21,158
GRN2025001737,PO2025001737,V014,SKU0013,2025-08-18,64
GRN2025001738,PO2025001738,V038,SKU0011,2025-05-31,225
GRN2025001739,PO2025001739,V023,SKU0066,2026-03-27,222
GRN2025001740,PO2025001740,V023,SKU0045,2025-04-04,69
GRN2025001741,PO2025001741,V014,SKU0002,2025-06-29,118
GRN2025001742,PO2025001742,V040,SKU0048,2026-01-17,85
GRN2025001743,PO2025001743,V031,SKU0012,2025-05-06,125
GRN2025001744,PO2025001744,V011,SKU0051,2025-06-26,234
GRN2025001745,PO2025001745,V012,SKU0075,2025-05-29,231
GRN2025001746,PO2025001746,V035,SKU0017,2025-12-20,63
GRN2025001747,PO2025001747,V027,SKU0006,2026-02-15,146
GRN2025001748,PO2025001748,V015,SKU0060,2025-11-14,36
GRN2025001749,PO2025001749,V038,SKU0060,2025-11-26,60
GRN2025001750,PO2025001750,V009,SKU0038,2025-12-04,128
GRN2025001751,PO2025001751,V029,SKU0080,2025-04-06,56
GRN2025001752,PO2025001752,V004,SKU0015,2025-12-28,53
GRN2025001753,PO2025001753,V025,SKU0008,2025-06-28,183
GRN2025001754,PO2025001754,V005,SKU0033,2025-08-21,98
GRN2025001755,PO2025001755,V019,SKU0055,2025-07-08,72
GRN2025001756,PO2025001756,V023,SKU0037,2026-04-12,178
GRN2025001757,PO2025001757,V018,SKU0022,2025-03-05,147
GRN2025001758,PO2025001758,V023,SKU0077,2026-05-10,38
GRN2025001759,PO2025001759,V009,SKU0023,2026-08-29,74
GRN2025001760,PO2025001760,V036,SKU0023,2025-11-09,99
GRN2025001761,PO2025001761,V026,SKU0046,2025-02-09,243
GRN2025001762,PO2025001762,V019,SKU0013,2026-09-06,26
GRN2025001763,PO2025001763,V014,SKU0005,2025-10-14,56
GRN2025001764,PO2025001764,V011,SKU0018,2025-07-01,111
GRN2025001765,PO2025001765,V022,SKU0066,2025-07-11,32
GRN2025001766,PO2025001766,V006,SKU0019,2026-05-18,45
GRN2025001767,PO2025001767,V009,SKU0057,2025-02-18,46
GRN2025001768,PO2025001768,V027,SKU0013,2025-04-22,31
GRN2025001769,PO2025001769,V025,SKU0027,2026-03-21,35
GRN2025001770,PO2025001770,V019,SKU0037,2025-09-01,41
GRN2025001771,PO2025001771,V015,SKU0054,2025-12-09,45
GRN2025001772,PO2025001772,V024,SKU0018,2025-10-06,77
GRN2025001773,PO2025001773,V040,SKU0067,2025-05-28,189
GRN2025001774,PO2025001774,V009,SKU0060,2025-10-13,209
GRN2025001775,PO2025001775,V015,SKU0017,2025-06-09,223
GRN2025001776,PO2025001776,V006,SKU0068,2026-08-02,219
GRN2025001777,PO2025001777,V029,SKU0033,2026-08-29,47
GRN2025001778,PO2025001778,V014,SKU0006,2025-02-09,39
GRN2025001779,PO2025001779,V033,SKU0003,2025-05-11,142
GRN2025001780,PO2025001780,V022,SKU0077,2026-08-06,78
GRN2025001781,PO2025001781,V036,SKU0012,2026-04-14,139
GRN2025001782,PO2025001782,V038,SKU0058,2026-08-08,249
GRN2025001783,PO2025001783,V008,SKU0059,2025-10-14,79
GRN2025001784,PO2025001784,V014,SKU0061,2025-12-04,99
GRN2025001785,PO2025001785,V040,SKU0003,2026-04-11,43
GRN2025001786,PO2025001786,V020,SKU0028,2025-08-04,201
GRN2025001787,PO2025001787,V020,SKU0067,2026-01-17,137
GRN2025001788,PO2025001788,V008,SKU0031,2026-06-13,233
GRN2025001789,PO2025001789,V031,SKU0010,2025-11-27,164
GRN2025001790,PO2025001790,V002,SKU0009,2025-09-06,44
GRN2025001791,PO2025001791,V034,SKU0033,2026-02-25,8
GRN2025001792,PO2025001792,V015,SKU0063,2025-10-10,88
GRN2025001793,PO2025001793,V029,SKU0003,2025-02-08,4
GRN2025001794,PO2025001794,V021,SKU0025,2025-02-23,119
GRN2025001795,PO2025001795,V002,SKU0010,2025-02-28,126
GRN2025001796,PO2025001796,V001,SKU0014,2026-03-06,47
GRN2025001797,PO2025001797,V031,SKU0064,2025-07-16,60
GRN2025001798,PO2025001798,V021,SKU0038,2026-05-27,62
GRN2025001799,PO2025001799,V011,SKU0027,2025-09-25,237
GRN2025001800,PO2025001800,V030,SKU0060,2025-11-08,165
GRN2025001801,PO2025001801,V024,SKU0049,2025-11-26,165
GRN2025001802,PO2025001802,V024,SKU0079,2026-02-07,218
GRN2025001803,PO2025001803,V023,SKU0037,2026-02-22,81
GRN2025001804,PO2025001804,V026,SKU0011,2025-08-10,79
GRN2025001805,PO2025001805,V003,SKU0019,2025-11-20,221
GRN2025001806,PO2025001806,V038,SKU0057,2025-02-18,5
GRN2025001807,PO2025001807,V026,SKU0014,2026-06-13,58
GRN2025001808,PO2025001808,V006,SKU0035,2026-09-12,196
GRN2025001809,PO2025001809,V035,SKU0076,2026-01-16,133
GRN2025001810,PO2025001810,V012,SKU0020,2025-07-04,229
GRN2025001811,PO2025001811,V023,SKU0047,2026-04-28,149
GRN2025001812,PO2025001812,V011,SKU0028,2025-06-02,206
GRN2025001813,PO2025001813,V039,SKU0016,2026-01-20,165
GRN2025001814,PO2025001814,V013,SKU0040,2026-02-22,120
GRN2025001815,PO2025001815,V013,SKU0035,2026-04-11,154
GRN2025001816,PO2025001816,V040,SKU0011,2026-01-17,28
GRN2025001817,PO2025001817,V011,SKU0034,2025-10-15,75
GRN2025001818,PO2025001818,V035,SKU0017,2025-01-30,216
GRN2025001819,PO2025001819,V007,SKU0051,2026-06-10,76
GRN2025001820,PO2025001820,V036,SKU0063,2026-04-15,35
GRN2025001821,PO2025001821,V025,SKU0014,2026-06-21,8
GRN2025001822,PO2025001822,V013,SKU0025,2025-01-28,169
GRN2025001823,PO2025001823,V015,SKU0075,2026-02-07,227
GRN2025001824,PO2025001824,V014,SKU0037,2026-01-29,57
GRN2025001825,PO2025001825,V039,SKU0040,2025-08-18,214
GRN2025001826,PO2025001826,V002,SKU0012,2025-10-26,99
GRN2025001827,PO2025001827,V005,SKU0055,2025-10-23,20
GRN2025001828,PO2025001828,V038,SKU0065,2025-07-26,60
GRN2025001829,PO2025001829,V038,SKU0032,2026-07-28,62
GRN2025001830,PO2025001830,V032,SKU0013,2025-11-23,111
GRN2025001831,PO2025001831,V020,SKU0077,2026-06-04,110
GRN2025001832,PO2025001832,V035,SKU0025,2025-07-09,83
GRN2025001833,PO2025001833,V005,SKU0033,2025-05-10,75
GRN2025001834,PO2025001834,V023,SKU0051,2025-04-24,94
GRN2025001835,PO2025001835,V039,SKU0047,2025-02-04,122
GRN2025001836,PO2025001836,V008,SKU0007,2026-06-26,53
GRN2025001837,PO2025001837,V029,SKU0005,2026-07-30,33
GRN2025001838,PO2025001838,V007,SKU0076,2025-09-20,89
GRN2025001839,PO2025001839,V006,SKU0028,2026-08-08,41
GRN2025001840,PO2025001840,V033,SKU0021,2026-01-24,160
GRN2025001841,PO2025001841,V029,SKU0050,2025-07-22,164
GRN2025001842,PO2025001842,V006,SKU0034,2025-07-05,72
GRN2025001843,PO2025001843,V021,SKU0011,2026-06-12,75
GRN2025001844,PO2025001844,V025,SKU0002,2025-12-04,138
GRN2025001845,PO2025001845,V005,SKU0070,2026-01-20,27
GRN2025001846,PO2025001846,V023,SKU0013,2026-04-24,11
GRN2025001847,PO2025001847,V020,SKU0014,2025-04-28,64
GRN2025001848,PO2025001848,V037,SKU0013,2025-08-05,210
GRN2025001849,PO2025001849,V022,SKU0049,2026-06-23,66
GRN2025001850,PO2025001850,V016,SKU0077,2026-04-07,91
GRN2025001851,PO2025001851,V014,SKU0015,2026-03-06,99
GRN2025001852,PO2025001852,V040,SKU0069,2025-11-11,71
GRN2025001853,PO2025001853,V038,SKU0078,2025-09-27,119
GRN2025001854,PO2025001854,V022,SKU0052,2026-07-25,33
GRN2025001855,PO2025001855,V023,SKU0050,2026-08-21,155
GRN2025001856,PO2025001856,V024,SKU0001,2026-03-09,243
GRN2025001857,PO2025001857,V012,SKU0056,2026-09-02,218
GRN2025001858,PO2025001858,V014,SKU0049,2026-01-12,149
GRN2025001859,PO2025001859,V029,SKU0008,2026-07-11,124
GRN2025001860,PO2025001860,V031,SKU0004,2025-01-12,46
GRN2025001861,PO2025001861,V030,SKU0036,2025-04-08,16
GRN2025001862,PO2025001862,V004,SKU0044,2026-05-10,124
GRN2025001863,PO2025001863,V008,SKU0026,2025-11-06,241
GRN2025001864,PO2025001864,V038,SKU0079,2026-05-01,113
GRN2025001865,PO2025001865,V036,SKU0047,2025-05-25,42
GRN2025001866,PO2025001866,V034,SKU0006,2025-03-19,46
GRN2025001867,PO2025001867,V021,SKU0058,2025-07-28,82
GRN2025001868,PO2025001868,V005,SKU0079,2025-05-06,34
GRN2025001869,PO2025001869,V003,SKU0022,2025-07-10,146
GRN2025001870,PO2025001870,V003,SKU0077,2026-08-04,136
GRN2025001871,PO2025001871,V021,SKU0031,2025-05-19,163
GRN2025001872,PO2025001872,V021,SKU0003,2025-06-11,48
GRN2025001873,PO2025001873,V027,SKU0063,2026-01-22,79
GRN2025001874,PO2025001874,V033,SKU0031,2025-09-07,91
GRN2025001875,PO2025001875,V026,SKU0068,2025-12-26,194
GRN2025001876,PO2025001876,V024,SKU0043,2025-12-08,140
GRN2025001877,PO2025001877,V038,SKU0063,2025-05-09,15
GRN2025001878,PO2025001878,V013,SKU0030,2026-02-01,6
GRN2025001879,PO2025001879,V039,SKU0026,2026-01-19,205
GRN2025001880,PO2025001880,V013,SKU0048,2025-06-04,101
GRN2025001881,PO2025001881,V031,SKU0045,2026-01-11,60
GRN2025001882,PO2025001882,V012,SKU0052,2025-07-14,63
GRN2025001883,PO2025001883,V005,SKU0026,2026-04-01,194
GRN2025001884,PO2025001884,V003,SKU0049,2025-09-06,241
GRN2025001885,PO2025001885,V032,SKU0078,2026-04-08,126
GRN2025001886,PO2025001886,V033,SKU0003,2026-07-18,170
GRN2025001887,PO2025001887,V014,SKU0029,2025-09-11,21
GRN2025001888,PO2025001888,V034,SKU0027,2026-05-17,240
GRN2025001889,PO2025001889,V005,SKU0004,2026-04-01,2
GRN2025001890,PO2025001890,V009,SKU0026,2025-06-12,209
GRN2025001891,PO2025001891,V008,SKU0012,2026-07-20,175
GRN2025001892,PO2025001892,V018,SKU0015,2025-04-10,92
GRN2025001893,PO2025001893,V015,SKU0038,2026-07-22,164
GRN2025001894,PO2025001894,V011,SKU0008,2025-08-04,51
GRN2025001895,PO2025001895,V021,SKU0046,2026-09-19,128
GRN2025001896,PO2025001896,V036,SKU0051,2025-10-25,55
GRN2025001897,PO2025001897,V016,SKU0052,2025-08-09,20
GRN2025001898,PO2025001898,V038,SKU0044,2025-10-14,250
GRN2025001899,PO2025001899,V038,SKU0080,2025-11-15,158
GRN2025001900,PO2025001900,V018,SKU0041,2025-10-01,109
GRN2025001901,PO2025001901,V008,SKU0057,2025-07-14,148
GRN2025001902,PO2025001902,V018,SKU0034,2025-11-13,214
GRN2025001903,PO2025001903,V023,SKU0057,2025-12-01,46
GRN2025001904,PO2025001904,V009,SKU0073,2025-05-03,186
GRN2025001905,PO2025001905,V015,SKU0061,2026-08-09,41
GRN2025001906,PO2025001906,V023,SKU0077,2026-04-13,107
GRN2025001907,PO2025001907,V013,SKU0002,2025-06-19,71
GRN2025001908,PO2025001908,V038,SKU0026,2026-07-24,199
GRN2025001909,PO2025001909,V031,SKU0031,2025-10-22,10
GRN2025001910,PO2025001910,V034,SKU0030,2026-09-21,96
GRN2025001911,PO2025001911,V011,SKU0047,2026-08-18,179
GRN2025001912,PO2025001912,V027,SKU0079,2026-08-01,175
GRN2025001913,PO2025001913,V023,SKU0034,2026-07-19,96
GRN2025001914,PO2025001914,V009,SKU0057,2026-07-07,96
GRN2025001915,PO2025001915,V001,SKU0061,2025-03-23,99
GRN2025001916,PO2025001916,V027,SKU0073,2026-04-28,77
GRN2025001917,PO2025001917,V022,SKU0070,2026-09-15,215
GRN2025001918,PO2025001918,V002,SKU0031,2026-06-18,121
GRN2025001919,PO2025001919,V021,SKU0020,2025-03-21,229
GRN2025001920,PO2025001920,V016,SKU0024,2026-01-25,92
GRN2025001921,PO2025001921,V029,SKU0061,2025-11-14,10
GRN2025001922,PO2025001922,V015,SKU0031,2026-01-02,144
GRN2025001923,PO2025001923,V029,SKU0060,2025-01-08,16
GRN2025001924,PO2025001924,V023,SKU0080,2026-02-06,92
GRN2025001925,PO2025001925,V020,SKU0020,2025-10-26,154
GRN2025001926,PO2025001926,V007,SKU0056,2026-06-14,243
GRN2025001927,PO2025001927,V022,SKU0002,2026-06-02,172
GRN2025001928,PO2025001928,V013,SKU0052,2025-11-06,236
GRN2025001929,PO2025001929,V005,SKU0077,2025-06-08,213
GRN2025001930,PO2025001930,V002,SKU0021,2026-06-27,199
GRN2025001931,PO2025001931,V035,SKU0067,2025-03-28,93
GRN2025001932,PO2025001932,V012,SKU0073,2026-07-31,12
GRN2025001933,PO2025001933,V006,SKU0040,2025-11-30,157
GRN2025001934,PO2025001934,V025,SKU0061,2025-06-18,90
GRN2025001935,PO2025001935,V012,SKU0040,2026-06-12,138
GRN2025001936,PO2025001936,V017,SKU0046,2026-05-18,81
GRN2025001937,PO2025001937,V037,SKU0067,2025-07-21,16
GRN2025001938,PO2025001938,V021,SKU0016,2025-06-07,80
GRN2025001939,PO2025001939,V019,SKU0059,2025-04-29,221
GRN2025001940,PO2025001940,V010,SKU0064,2026-01-22,131
GRN2025001941,PO2025001941,V005,SKU0053,2026-06-23,184
GRN2025001942,PO2025001942,V002,SKU0034,2026-01-28,244
GRN2025001943,PO2025001943,V025,SKU0018,2025-09-07,200
GRN2025001944,PO2025001944,V015,SKU0051,2026-08-21,4
GRN2025001945,PO2025001945,V013,SKU0049,2026-02-21,147
GRN2025001946,PO2025001946,V040,SKU0057,2025-12-27,3
GRN2025001947,PO2025001947,V039,SKU0044,2025-07-01,154
GRN2025001948,PO2025001948,V010,SKU0068,2025-08-08,138
GRN2025001949,PO2025001949,V036,SKU0017,2025-09-22,227
GRN2025001950,PO2025001950,V018,SKU0016,2025-05-09,175
GRN2025001951,PO2025001951,V019,SKU0028,2025-05-15,94
GRN2025001952,PO2025001952,V003,SKU0071,2025-10-19,35
GRN2025001953,PO2025001953,V014,SKU0051,2026-01-12,71
GRN2025001954,PO2025001954,V011,SKU0065,2025-09-26,237
GRN2025001955,PO2025001955,V020,SKU0036,2025-03-09,73
GRN2025001956,PO2025001956,V024,SKU0061,2026-06-20,98
GRN2025001957,PO2025001957,V008,SKU0078,2025-05-06,113
GRN2025001958,PO2025001958,V017,SKU0035,2025-11-30,208
GRN2025001959,PO2025001959,V006,SKU0031,2025-09-27,87
GRN2025001960,PO2025001960,V036,SKU0005,2026-06-13,68
GRN2025001961,PO2025001961,V038,SKU0042,2025-04-23,132
GRN2025001962,PO2025001962,V007,SKU0031,2025-12-22,101
GRN2025001963,PO2025001963,V037,SKU0072,2025-08-20,209
GRN2025001964,PO2025001964,V012,SKU0012,2026-07-20,22
GRN2025001965,PO2025001965,V005,SKU0062,2025-12-04,101
GRN2025001966,PO2025001966,V017,SKU0048,2026-07-18,169
GRN2025001967,PO2025001967,V008,SKU0022,2025-03-26,170
GRN2025001968,PO2025001968,V036,SKU0066,2026-01-31,168
GRN2025001969,PO2025001969,V004,SKU0080,2025-03-08,250
GRN2025001970,PO2025001970,V009,SKU0059,2025-12-23,174
GRN2025001971,PO2025001971,V033,SKU0032,2025-06-23,176
GRN2025001972,PO2025001972,V033,SKU0012,2026-04-10,175
GRN2025001973,PO2025001973,V007,SKU0018,2026-01-19,216
GRN2025001974,PO2025001974,V030,SKU0003,2026-07-13,110
GRN2025001975,PO2025001975,V011,SKU0073,2025-12-26,81
GRN2025001976,PO2025001976,V011,SKU0075,2026-02-15,123
GRN2025001977,PO2025001977,V014,SKU0035,2025-01-31,36
GRN2025001978,PO2025001978,V002,SKU0063,2026-05-13,178
GRN2025001979,PO2025001979,V016,SKU0066,2026-05-24,79
GRN2025001980,PO2025001980,V035,SKU0023,2025-10-04,161
GRN2025001981,PO2025001981,V038,SKU0001,2025-11-16,228
GRN2025001982,PO2025001982,V003,SKU0069,2026-08-10,86
GRN2025001983,PO2025001983,V023,SKU0024,2026-01-11,96
GRN2025001984,PO2025001984,V013,SKU0043,2026-05-28,20
GRN2025001985,PO2025001985,V007,SKU0022,2025-03-15,146
GRN2025001986,PO2025001986,V040,SKU0066,2026-05-10,198
GRN2025001987,PO2025001987,V003,SKU0058,2025-11-05,130
GRN2025001988,PO2025001988,V003,SKU0064,2026-05-27,137
GRN2025001989,PO2025001989,V006,SKU0041,2025-12-05,147
GRN2025001990,PO2025001990,V004,SKU0022,2026-09-01,247
GRN2025001991,PO2025001991,V006,SKU0018,2025-09-08,163
GRN2025001992,PO2025001992,V013,SKU0038,2025-10-06,165
GRN2025001993,PO2025001993,V006,SKU0037,2026-02-23,232
GRN2025001994,PO2025001994,V026,SKU0016,2026-07-13,70
GRN2025001995,PO2025001995,V008,SKU0075,2026-08-21,223
GRN2025001996,PO2025001996,V032,SKU0001,2025-08-08,83
GRN2025001997,PO2025001997,V025,SKU0057,2025-12-22,103
GRN2025001998,PO2025001998,V021,SKU0026,2026-04-26,225
GRN2025001999,PO2025001999,V029,SKU0052,2025-05-13,125
GRN2025002000,PO2025002000,V030,SKU0012,2025-08-04,109
GRN2025002001,PO2025002001,V009,SKU0074,2025-02-25,59
GRN2025002002,PO2025002002,V034,SKU0049,2026-07-04,23
GRN2025002003,PO2025002003,V022,SKU0052,2025-08-14,119
GRN2025002004,PO2025002004,V038,SKU0010,2025-01-20,56
GRN2025002005,PO2025002005,V013,SKU0008,2026-07-05,145
GRN2025002006,PO2025002006,V023,SKU0075,2025-11-03,116
GRN2025002007,PO2025002007,V019,SKU0074,2025-11-12,23
GRN2025002008,PO2025002008,V027,SKU0067,2026-08-01,117
GRN2025002009,PO2025002009,V001,SKU0050,2025-01-26,201
GRN2025002010,PO2025002010,V008,SKU0025,2026-07-20,178
GRN2025002011,PO2025002011,V030,SKU0045,2026-06-27,218
GRN2025002012,PO2025002012,V030,SKU0035,2025-04-02,196
GRN2025002013,PO2025002013,V006,SKU0013,2026-02-24,69
GRN2025002014,PO2025002014,V032,SKU0012,2025-11-25,187
GRN2025002015,PO2025002015,V019,SKU0071,2026-07-07,153
GRN2025002016,PO2025002016,V038,SKU0005,2025-07-10,233
GRN2025002017,PO2025002017,V022,SKU0030,2025-05-24,170
GRN2025002018,PO2025002018,V008,SKU0057,2025-07-07,234
GRN2025002019,PO2025002019,V004,SKU0029,2025-06-24,72
GRN2025002020,PO2025002020,V024,SKU0041,2025-03-21,19
GRN2025002021,PO2025002021,V031,SKU0046,2026-07-17,245
GRN2025002022,PO2025002022,V005,SKU0080,2026-01-06,87
GRN2025002023,PO2025002023,V025,SKU0068,2025-11-14,67
GRN2025002024,PO2025002024,V011,SKU0047,2025-01-12,50
GRN2025002025,PO2025002025,V021,SKU0067,2025-02-12,91
GRN2025002026,PO2025002026,V016,SKU0036,2025-02-25,224
GRN2025002027,PO2025002027,V024,SKU0032,2025-01-23,149
GRN2025002028,PO2025002028,V036,SKU0027,2025-07-07,155
GRN2025002029,PO2025002029,V017,SKU0012,2026-06-21,150
GRN2025002030,PO2025002030,V031,SKU0050,2025-04-04,54
GRN2025002031,PO2025002031,V040,SKU0013,2026-01-05,39
GRN2025002032,PO2025002032,V029,SKU0045,2025-12-26,234
GRN2025002033,PO2025002033,V027,SKU0040,2025-05-03,26
GRN2025002034,PO2025002034,V032,SKU0033,2026-03-11,5
GRN2025002035,PO2025002035,V019,SKU0029,2026-02-09,44
GRN2025002036,PO2025002036,V002,SKU0027,2026-01-24,153
GRN2025002037,PO2025002037,V014,SKU0058,2026-02-06,78
GRN2025002038,PO2025002038,V017,SKU0030,2025-09-05,150
GRN2025002039,PO2025002039,V033,SKU0068,2025-11-04,222
GRN2025002040,PO2025002040,V027,SKU0062,2026-05-21,134
GRN2025002041,PO2025002041,V025,SKU0073,2025-12-07,8
GRN2025002042,PO2025002042,V007,SKU0074,2025-03-04,118
GRN2025002043,PO2025002043,V004,SKU0035,2025-04-24,190
GRN2025002044,PO2025002044,V035,SKU0014,2026-04-09,81
GRN2025002045,PO2025002045,V014,SKU0043,2025-03-04,183
GRN2025002046,PO2025002046,V032,SKU0017,2026-04-16,73
GRN2025002047,PO2025002047,V015,SKU0018,2026-07-14,112
GRN2025002048,PO2025002048,V026,SKU0058,2026-06-09,179
GRN2025002049,PO2025002049,V021,SKU0015,2025-12-08,69
GRN2025002050,PO2025002050,V010,SKU0028,2026-07-02,20
GRN2025002051,PO2025002051,V026,SKU0035,2025-08-03,111
GRN2025002052,PO2025002052,V039,SKU0072,2026-05-20,96
GRN2025002053,PO2025002053,V038,SKU0061,2025-06-27,168
GRN2025002054,PO2025002054,V013,SKU0048,2025-09-02,222
GRN2025002055,PO2025002055,V029,SKU0005,2026-02-07,99
GRN2025002056,PO2025002056,V004,SKU0047,2025-04-21,223
GRN2025002057,PO2025002057,V027,SKU0035,2026-06-23,54
GRN2025002058,PO2025002058,V035,SKU0030,2026-06-06,249
GRN2025002059,PO2025002059,V028,SKU0044,2026-05-28,45
GRN2025002060,PO2025002060,V026,SKU0002,2026-07-02,223
GRN2025002061,PO2025002061,V028,SKU0058,2026-04-29,157
GRN2025002062,PO2025002062,V026,SKU0026,2025-08-03,208
GRN2025002063,PO2025002063,V006,SKU0051,2026-05-13,54
GRN2025002064,PO2025002064,V027,SKU0067,2025-02-06,56
GRN2025002065,PO2025002065,V005,SKU0053,2025-07-07,116
GRN2025002066,PO2025002066,V037,SKU0080,2026-01-12,229
GRN2025002067,PO2025002067,V013,SKU0034,2025-07-24,69
GRN2025002068,PO2025002068,V020,SKU0068,2026-04-02,48
GRN2025002069,PO2025002069,V030,SKU0041,2026-01-28,141
GRN2025002070,PO2025002070,V025,SKU0045,2026-01-26,237
GRN2025002071,PO2025002071,V016,SKU0077,2025-08-01,79
GRN2025002072,PO2025002072,V023,SKU0048,2026-05-07,200
GRN2025002073,PO2025002073,V010,SKU0009,2026-04-08,45
GRN2025002074,PO2025002074,V014,SKU0054,2025-07-06,101
GRN2025002075,PO2025002075,V038,SKU0022,2025-11-10,12
GRN2025002076,PO2025002076,V038,SKU0049,2025-09-01,245
GRN2025002077,PO2025002077,V010,SKU0006,2025-07-09,83
GRN2025002078,PO2025002078,V005,SKU0008,2025-10-25,39
GRN2025002079,PO2025002079,V011,SKU0018,2026-09-18,113
GRN2025002080,PO2025002080,V034,SKU0050,2025-02-13,170
GRN2025002081,PO2025002081,V023,SKU0015,2025-10-30,163
GRN2025002082,PO2025002082,V030,SKU0060,2026-08-23,34
GRN2025002083,PO2025002083,V037,SKU0004,2025-06-09,229
GRN2025002084,PO2025002084,V034,SKU0065,2025-01-12,22
GRN2025002085,PO2025002085,V029,SKU0010,2025-06-11,122
GRN2025002086,PO2025002086,V008,SKU0015,2025-06-24,51
GRN2025002087,PO2025002087,V019,SKU0014,2025-11-15,6
GRN2025002088,PO2025002088,V018,SKU0061,2025-02-22,18
GRN2025002089,PO2025002089,V027,SKU0070,2025-11-25,245
GRN2025002090,PO2025002090,V030,SKU0014,2025-11-02,235
GRN2025002091,PO2025002091,V030,SKU0003,2025-12-01,15
GRN2025002092,PO2025002092,V004,SKU0031,2025-03-22,176
GRN2025002093,PO2025002093,V027,SKU0005,2026-06-10,166
GRN2025002094,PO2025002094,V015,SKU0026,2025-09-25,197
GRN2025002095,PO2025002095,V004,SKU0022,2026-01-15,79
GRN2025002096,PO2025002096,V005,SKU0078,2025-07-03,109
GRN2025002097,PO2025002097,V010,SKU0046,2025-05-27,16
GRN2025002098,PO2025002098,V031,SKU0044,2026-02-24,31
GRN2025002099,PO2025002099,V003,SKU0013,2026-03-17,146
GRN2025002100,PO2025002100,V040,SKU0054,2026-05-09,74
GRN2025002101,PO2025002101,V010,SKU0072,2026-04-05,203
GRN2025002102,PO2025002102,V027,SKU0027,2026-06-16,104
GRN2025002103,PO2025002103,V005,SKU0023,2025-06-10,225
GRN2025002104,PO2025002104,V024,SKU0050,2025-04-16,32
GRN2025002105,PO2025002105,V013,SKU0075,2025-03-04,221
GRN2025002106,PO2025002106,V024,SKU0055,2025-07-02,140
GRN2025002107,PO2025002107,V038,SKU0055,2026-04-03,18
GRN2025002108,PO2025002108,V018,SKU0014,2025-07-23,32
GRN2025002109,PO2025002109,V001,SKU0064,2025-09-20,26
GRN2025002110,PO2025002110,V032,SKU0079,2026-08-10,181
GRN2025002111,PO2025002111,V021,SKU0077,2026-01-20,213
GRN2025002112,PO2025002112,V037,SKU0037,2025-11-24,184
GRN2025002113,PO2025002113,V027,SKU0021,2025-03-18,168
GRN2025002114,PO2025002114,V015,SKU0040,2026-03-02,49
GRN2025002115,PO2025002115,V003,SKU0018,2025-01-31,36
GRN2025002116,PO2025002116,V027,SKU0016,2025-11-30,59
GRN2025002117,PO2025002117,V004,SKU0003,2025-12-28,145
GRN2025002118,PO2025002118,V015,SKU0030,2026-03-11,186
GRN2025002119,PO2025002119,V027,SKU0012,2025-07-14,121
GRN2025002120,PO2025002120,V017,SKU0068,2025-05-08,237
GRN2025002121,PO2025002121,V031,SKU0049,2026-07-04,250
GRN2025002122,PO2025002122,V017,SKU0019,2025-12-26,188
GRN2025002123,PO2025002123,V030,SKU0054,2025-07-22,111
GRN2025002124,PO2025002124,V005,SKU0008,2026-07-20,237
GRN2025002125,PO2025002125,V035,SKU0075,2025-12-23,93
GRN2025002126,PO2025002126,V017,SKU0045,2026-09-03,90
GRN2025002127,PO2025002127,V034,SKU0053,2026-09-01,111
GRN2025002128,PO2025002128,V003,SKU0050,2025-03-01,71
GRN2025002129,PO2025002129,V029,SKU0058,2025-08-12,59
GRN2025002130,PO2025002130,V021,SKU0046,2026-08-31,56
GRN2025002131,PO2025002131,V009,SKU0015,2025-03-28,23
GRN2025002132,PO2025002132,V006,SKU0001,2025-11-24,163
GRN2025002133,PO2025002133,V002,SKU0006,2026-03-14,139
GRN2025002134,PO2025002134,V002,SKU0069,2025-09-23,235
GRN2025002135,PO2025002135,V006,SKU0013,2025-11-10,175
GRN2025002136,PO2025002136,V009,SKU0071,2025-07-27,84
GRN2025002137,PO2025002137,V002,SKU0053,2025-10-18,195
GRN2025002138,PO2025002138,V018,SKU0071,2026-03-17,189
GRN2025002139,PO2025002139,V006,SKU0003,2025-10-31,104
GRN2025002140,PO2025002140,V011,SKU0063,2025-07-24,152
GRN2025002141,PO2025002141,V038,SKU0003,2025-08-06,126
GRN2025002142,PO2025002142,V031,SKU0010,2026-01-14,86
GRN2025002143,PO2025002143,V028,SKU0025,2025-06-07,226
GRN2025002144,PO2025002144,V006,SKU0014,2026-01-12,203
GRN2025002145,PO2025002145,V022,SKU0003,2025-02-02,201
GRN2025002146,PO2025002146,V010,SKU0078,2026-02-18,23
GRN2025002147,PO2025002147,V037,SKU0079,2025-12-19,6
GRN2025002148,PO2025002148,V010,SKU0067,2026-04-10,158
GRN2025002149,PO2025002149,V002,SKU0034,2026-02-26,109
GRN2025002150,PO2025002150,V002,SKU0039,2026-01-15,169
GRN2025002151,PO2025002151,V012,SKU0019,2026-04-20,78
GRN2025002152,PO2025002152,V021,SKU0056,2026-09-02,210
GRN2025002153,PO2025002153,V026,SKU0045,2026-07-15,135
GRN2025002154,PO2025002154,V004,SKU0056,2025-06-27,130
GRN2025002155,PO2025002155,V026,SKU0038,2026-04-24,68
GRN2025002156,PO2025002156,V012,SKU0080,2026-02-26,98
GRN2025002157,PO2025002157,V040,SKU0038,2025-04-18,181
GRN2025002158,PO2025002158,V011,SKU0068,2025-05-01,19
GRN2025002159,PO2025002159,V001,SKU0040,2026-01-13,55
GRN2025002160,PO2025002160,V016,SKU0063,2025-02-10,112
GRN2025002161,PO2025002161,V004,SKU0001,2025-05-21,229
GRN2025002162,PO2025002162,V018,SKU0072,2026-04-15,204
GRN2025002163,PO2025002163,V008,SKU0004,2026-01-25,184
GRN2025002164,PO2025002164,V020,SKU0056,2025-02-03,201
GRN2025002165,PO2025002165,V025,SKU0037,2026-01-22,127
GRN2025002166,PO2025002166,V032,SKU0064,2026-08-09,249
GRN2025002167,PO2025002167,V036,SKU0010,2026-03-15,231
GRN2025002168,PO2025002168,V038,SKU0054,2025-07-16,21
GRN2025002169,PO2025002169,V033,SKU0048,2026-09-05,71
GRN2025002170,PO2025002170,V040,SKU0022,2026-07-03,32
GRN2025002171,PO2025002171,V020,SKU0009,2026-07-20,90
GRN2025002172,PO2025002172,V039,SKU0029,2026-07-27,133
GRN2025002173,PO2025002173,V012,SKU0043,2026-03-06,81
GRN2025002174,PO2025002174,V005,SKU0067,2026-01-29,244
GRN2025002175,PO2025002175,V008,SKU0007,2025-02-14,73
GRN2025002176,PO2025002176,V038,SKU0039,2025-01-16,222
GRN2025002177,PO2025002177,V038,SKU0070,2025-06-29,140
GRN2025002178,PO2025002178,V007,SKU0072,2025-07-24,2
GRN2025002179,PO2025002179,V004,SKU0066,2026-08-04,172
GRN2025002180,PO2025002180,V039,SKU0020,2025-07-13,158
GRN2025002181,PO2025002181,V007,SKU0078,2026-02-05,4
GRN2025002182,PO2025002182,V001,SKU0040,2025-06-19,107
GRN2025002183,PO2025002183,V010,SKU0011,2026-07-14,68
GRN2025002184,PO2025002184,V031,SKU0052,2026-02-08,122
GRN2025002185,PO2025002185,V003,SKU0041,2025-07-18,54
GRN2025002186,PO2025002186,V026,SKU0002,2026-06-23,85
GRN2025002187,PO2025002187,V028,SKU0021,2026-07-03,40
GRN2025002188,PO2025002188,V029,SKU0078,2025-08-21,28
GRN2025002189,PO2025002189,V012,SKU0060,2025-12-06,113
GRN2025002190,PO2025002190,V039,SKU0066,2026-05-03,121
GRN2025002191,PO2025002191,V018,SKU0016,2025-06-02,14
GRN2025002192,PO2025002192,V029,SKU0060,2025-05-10,231
GRN2025002193,PO2025002193,V023,SKU0080,2025-06-26,201
GRN2025002194,PO2025002194,V037,SKU0009,2026-04-17,50
GRN2025002195,PO2025002195,V039,SKU0041,2025-11-02,153
GRN2025002196,PO2025002196,V014,SKU0049,2026-05-01,75
GRN2025002197,PO2025002197,V013,SKU0072,2025-10-21,186
GRN2025002198,PO2025002198,V019,SKU0030,2026-03-12,88
GRN2025002199,PO2025002199,V034,SKU0035,2025-06-07,115
GRN2025002200,PO2025002200,V012,SKU0009,2026-02-19,17
GRN2025002201,PO2025002201,V038,SKU0043,2025-07-25,79
GRN2025002202,PO2025002202,V002,SKU0014,2026-07-10,10
GRN2025002203,PO2025002203,V014,SKU0078,2026-07-02,174
GRN2025002204,PO2025002204,V029,SKU0013,2025-03-23,155
GRN2025002205,PO2025002205,V013,SKU0002,2026-05-24,110
GRN2025002206,PO2025002206,V012,SKU0037,2025-01-24,191
GRN2025002207,PO2025002207,V016,SKU0037,2025-02-07,153
GRN2025002208,PO2025002208,V029,SKU0058,2025-05-17,72
GRN2025002209,PO2025002209,V008,SKU0069,2026-03-22,226
GRN2025002210,PO2025002210,V005,SKU0042,2025-03-23,243
GRN2025002211,PO2025002211,V011,SKU0027,2026-08-01,192
GRN2025002212,PO2025002212,V020,SKU0006,2025-09-08,152
GRN2025002213,PO2025002213,V017,SKU0021,2025-03-06,55
GRN2025002214,PO2025002214,V012,SKU0046,2026-08-05,7
GRN2025002215,PO2025002215,V006,SKU0052,2026-05-25,188
GRN2025002216,PO2025002216,V040,SKU0048,2025-11-05,184
GRN2025002217,PO2025002217,V012,SKU0046,2025-12-16,155
GRN2025002218,PO2025002218,V039,SKU0060,2026-01-25,108
GRN2025002219,PO2025002219,V001,SKU0063,2026-02-26,202
GRN2025002220,PO2025002220,V010,SKU0052,2025-11-30,51
GRN2025002221,PO2025002221,V016,SKU0072,2025-12-06,62
GRN2025002222,PO2025002222,V005,SKU0079,2026-01-09,26
GRN2025002223,PO2025002223,V028,SKU0071,2025-12-27,218
GRN2025002224,PO2025002224,V016,SKU0003,2026-05-17,229
GRN2025002225,PO2025002225,V028,SKU0050,2025-08-15,13
GRN2025002226,PO2025002226,V040,SKU0023,2025-09-02,148
GRN2025002227,PO2025002227,V040,SKU0004,2025-03-05,113
GRN2025002228,PO2025002228,V038,SKU0011,2025-02-24,95
GRN2025002229,PO2025002229,V030,SKU0065,2025-10-23,77
GRN2025002230,PO2025002230,V012,SKU0079,2026-02-11,140
GRN2025002231,PO2025002231,V010,SKU0018,2026-08-28,103
GRN2025002232,PO2025002232,V034,SKU0061,2025-05-02,122
GRN2025002233,PO2025002233,V029,SKU0078,2025-09-29,22
GRN2025002234,PO2025002234,V029,SKU0065,2025-05-23,164
GRN2025002235,PO2025002235,V018,SKU0051,2025-05-27,38
GRN2025002236,PO2025002236,V036,SKU0060,2026-08-16,63
GRN2025002237,PO2025002237,V006,SKU0026,2025-03-12,4
GRN2025002238,PO2025002238,V008,SKU0030,2025-02-26,7
GRN2025002239,PO2025002239,V017,SKU0061,2025-06-11,54
GRN2025002240,PO2025002240,V037,SKU0026,2026-01-27,11
GRN2025002241,PO2025002241,V011,SKU0052,2026-05-26,223
GRN2025002242,PO2025002242,V014,SKU0005,2025-02-02,89
GRN2025002243,PO2025002243,V023,SKU0029,2025-01-24,52
GRN2025002244,PO2025002244,V002,SKU0039,2026-07-13,246
GRN2025002245,PO2025002245,V014,SKU0046,2026-01-19,174
GRN2025002246,PO2025002246,V001,SKU0032,2025-12-01,192
GRN2025002247,PO2025002247,V020,SKU0043,2026-02-09,164
GRN2025002248,PO2025002248,V030,SKU0058,2026-06-25,153
GRN2025002249,PO2025002249,V006,SKU0008,2025-02-02,68
GRN2025002250,PO2025002250,V029,SKU0029,2026-07-28,250
GRN2025002251,PO2025002251,V010,SKU0052,2025-05-15,93
GRN2025002252,PO2025002252,V012,SKU0039,2026-03-27,136
GRN2025002253,PO2025002253,V032,SKU0017,2026-07-04,116
GRN2025002254,PO2025002254,V013,SKU0016,2026-03-24,192
GRN2025002255,PO2025002255,V032,SKU0016,2026-08-15,149
GRN2025002256,PO2025002256,V015,SKU0008,2026-05-28,77
GRN2025002257,PO2025002257,V023,SKU0041,2025-10-25,95
GRN2025002258,PO2025002258,V011,SKU0017,2026-04-05,121
GRN2025002259,PO2025002259,V012,SKU0059,2025-12-11,113
GRN2025002260,PO2025002260,V012,SKU0048,2025-04-21,232
GRN2025002261,PO2025002261,V024,SKU0007,2025-11-09,24
GRN2025002262,PO2025002262,V003,SKU0021,2025-11-14,235
GRN2025002263,PO2025002263,V037,SKU0065,2025-11-16,225
GRN2025002264,PO2025002264,V014,SKU0009,2026-06-02,247
GRN2025002265,PO2025002265,V020,SKU0025,2026-08-25,122
GRN2025002266,PO2025002266,V020,SKU0078,2025-05-30,211
GRN2025002267,PO2025002267,V001,SKU0029,2025-11-20,19
GRN2025002268,PO2025002268,V034,SKU0073,2025-12-31,15
GRN2025002269,PO2025002269,V018,SKU0026,2025-07-08,14
GRN2025002270,PO2025002270,V015,SKU0002,2025-03-17,203
GRN2025002271,PO2025002271,V029,SKU0014,2026-05-15,211
GRN2025002272,PO2025002272,V009,SKU0032,2025-08-25,126
GRN2025002273,PO2025002273,V028,SKU0010,2026-06-22,164
GRN2025002274,PO2025002274,V035,SKU0002,2025-08-02,97
GRN2025002275,PO2025002275,V026,SKU0026,2026-02-03,34
GRN2025002276,PO2025002276,V027,SKU0054,2025-06-23,180
GRN2025002277,PO2025002277,V007,SKU0065,2025-12-19,13
GRN2025002278,PO2025002278,V018,SKU0019,2025-11-16,29
GRN2025002279,PO2025002279,V012,SKU0080,2026-08-20,148
GRN2025002280,PO2025002280,V032,SKU0042,2025-05-23,220
GRN2025002281,PO2025002281,V012,SKU0020,2026-03-06,129
GRN2025002282,PO2025002282,V029,SKU0043,2025-06-03,239
GRN2025002283,PO2025002283,V005,SKU0066,2026-05-28,98
GRN2025002284,PO2025002284,V027,SKU0050,2025-01-19,68
GRN2025002285,PO2025002285,V032,SKU0061,2025-12-27,23
GRN2025002286,PO2025002286,V008,SKU0005,2026-08-04,200
GRN2025002287,PO2025002287,V015,SKU0029,2025-08-06,239
GRN2025002288,PO2025002288,V020,SKU0048,2025-12-03,242
GRN2025002289,PO2025002289,V026,SKU0026,2025-06-01,34
GRN2025002290,PO2025002290,V018,SKU0080,2025-05-20,120
GRN2025002291,PO2025002291,V027,SKU0034,2025-09-20,165
GRN2025002292,PO2025002292,V026,SKU0052,2025-09-18,222
GRN2025002293,PO2025002293,V028,SKU0052,2025-09-13,140
GRN2025002294,PO2025002294,V010,SKU0040,2025-12-31,64
GRN2025002295,PO2025002295,V006,SKU0026,2025-12-16,12
GRN2025002296,PO2025002296,V023,SKU0012,2026-03-04,261
GRN2025002297,PO2025002297,V036,SKU0074,2025-10-06,153
GRN2025002298,PO2025002298,V027,SKU0042,2025-11-08,141
GRN2025002299,PO2025002299,V024,SKU0045,2025-02-14,109
GRN2025002300,PO2025002300,V007,SKU0035,2025-04-24,124
GRN2025002301,PO2025002301,V037,SKU0024,2026-01-20,148
GRN2025002302,PO2025002302,V038,SKU0004,2026-01-05,57
GRN2025002303,PO2025002303,V027,SKU0060,2026-09-18,234
GRN2025002304,PO2025002304,V029,SKU0056,2026-02-10,111
GRN2025002305,PO2025002305,V035,SKU0076,2025-11-17,24
GRN2025002306,PO2025002306,V012,SKU0075,2026-05-17,73
GRN2025002307,PO2025002307,V017,SKU0050,2025-11-30,33
GRN2025002308,PO2025002308,V031,SKU0019,2026-05-28,161
GRN2025002309,PO2025002309,V020,SKU0020,2025-12-19,87
GRN2025002310,PO2025002310,V039,SKU0044,2025-02-21,234
GRN2025002311,PO2025002311,V009,SKU0025,2025-07-08,120
GRN2025002312,PO2025002312,V004,SKU0065,2025-04-15,230
GRN2025002313,PO2025002313,V031,SKU0060,2026-09-24,36
GRN2025002314,PO2025002314,V022,SKU0078,2025-06-19,61
GRN2025002315,PO2025002315,V019,SKU0038,2025-10-15,17
GRN2025002316,PO2025002316,V006,SKU0010,2025-04-28,136
GRN2025002317,PO2025002317,V040,SKU0057,2025-06-18,138
GRN2025002318,PO2025002318,V022,SKU0046,2026-01-19,134
GRN2025002319,PO2025002319,V024,SKU0028,2026-09-12,105
GRN2025002320,PO2025002320,V008,SKU0031,2026-06-13,204
GRN2025002321,PO2025002321,V007,SKU0023,2026-04-19,5
GRN2025002322,PO2025002322,V036,SKU0007,2026-04-03,93
GRN2025002323,PO2025002323,V031,SKU0023,2026-07-03,102
GRN2025002324,PO2025002324,V030,SKU0055,2026-08-23,210
GRN2025002325,PO2025002325,V024,SKU0018,2025-03-20,248
GRN2025002326,PO2025002326,V013,SKU0003,2026-03-02,171
GRN2025002327,PO2025002327,V023,SKU0008,2025-03-24,44
GRN2025002328,PO2025002328,V032,SKU0003,2026-02-02,123
GRN2025002329,PO2025002329,V002,SKU0050,2025-03-05,208
GRN2025002330,PO2025002330,V012,SKU0050,2026-04-15,6
GRN2025002331,PO2025002331,V006,SKU0047,2025-12-08,210
GRN2025002332,PO2025002332,V019,SKU0061,2025-04-29,242
GRN2025002333,PO2025002333,V026,SKU0012,2026-01-18,12
GRN2025002334,PO2025002334,V038,SKU0002,2025-02-10,128
GRN2025002335,PO2025002335,V023,SKU0067,2025-09-28,232
GRN2025002336,PO2025002336,V034,SKU0046,2025-06-07,221
GRN2025002337,PO2025002337,V040,SKU0064,2025-06-03,129
GRN2025002338,PO2025002338,V003,SKU0058,2026-05-25,14
GRN2025002339,PO2025002339,V038,SKU0043,2025-08-30,230
GRN2025002340,PO2025002340,V004,SKU0011,2026-03-19,245
GRN2025002341,PO2025002341,V021,SKU0048,2026-08-22,58
GRN2025002342,PO2025002342,V021,SKU0047,2025-01-14,217
GRN2025002343,PO2025002343,V003,SKU0071,2025-07-12,132
GRN2025002344,PO2025002344,V025,SKU0063,2026-03-06,88
GRN2025002345,PO2025002345,V032,SKU0027,2026-08-20,177
GRN2025002346,PO2025002346,V033,SKU0009,2026-05-30,68
GRN2025002347,PO2025002347,V036,SKU0070,2026-08-07,14
GRN2025002348,PO2025002348,V002,SKU0030,2025-07-16,35
GRN2025002349,PO2025002349,V001,SKU0041,2025-07-28,140
GRN2025002350,PO2025002350,V026,SKU0005,2025-02-22,192
GRN2025002351,PO2025002351,V022,SKU0056,2025-11-21,180
GRN2025002352,PO2025002352,V020,SKU0060,2026-07-29,216
GRN2025002353,PO2025002353,V023,SKU0014,2025-12-10,204
GRN2025002354,PO2025002354,V026,SKU0080,2025-06-19,172
GRN2025002355,PO2025002355,V016,SKU0004,2026-06-28,68
GRN2025002356,PO2025002356,V035,SKU0033,2025-03-14,82
GRN2025002357,PO2025002357,V021,SKU0043,2025-05-16,60
GRN2025002358,PO2025002358,V031,SKU0033,2025-06-04,110
GRN2025002359,PO2025002359,V022,SKU0030,2026-05-06,84
GRN2025002360,PO2025002360,V003,SKU0009,2025-11-22,128
GRN2025002361,PO2025002361,V005,SKU0075,2026-05-24,190
GRN2025002362,PO2025002362,V033,SKU0015,2026-07-08,3
GRN2025002363,PO2025002363,V020,SKU0073,2025-08-14,62
GRN2025002364,PO2025002364,V024,SKU0065,2025-12-09,28
GRN2025002365,PO2025002365,V001,SKU0039,2025-10-11,240
GRN2025002366,PO2025002366,V015,SKU0046,2025-02-08,44
GRN2025002367,PO2025002367,V039,SKU0045,2026-02-16,170
GRN2025002368,PO2025002368,V004,SKU0017,2026-03-25,4
GRN2025002369,PO2025002369,V034,SKU0032,2025-02-15,120
GRN2025002370,PO2025002370,V026,SKU0075,2025-01-29,177
GRN2025002371,PO2025002371,V013,SKU0058,2025-03-15,57
GRN2025002372,PO2025002372,V030,SKU0022,2026-05-29,138
GRN2025002373,PO2025002373,V018,SKU0026,2025-12-08,56
GRN2025002374,PO2025002374,V020,SKU0051,2026-05-24,39
GRN2025002375,PO2025002375,V005,SKU0053,2025-11-03,115
GRN2025002376,PO2025002376,V010,SKU0011,2026-07-27,154
GRN2025002377,PO2025002377,V021,SKU0076,2025-05-15,12
GRN2025002378,PO2025002378,V001,SKU0002,2026-07-25,152
GRN2025002379,PO2025002379,V032,SKU0034,2026-01-14,155
GRN2025002380,PO2025002380,V035,SKU0075,2025-07-26,201
GRN2025002381,PO2025002381,V030,SKU0079,2025-08-04,137
GRN2025002382,PO2025002382,V027,SKU0001,2025-11-01,212
GRN2025002383,PO2025002383,V039,SKU0020,2025-02-03,73
GRN2025002384,PO2025002384,V039,SKU0059,2025-02-25,240
GRN2025002385,PO2025002385,V032,SKU0034,2025-02-12,188
GRN2025002386,PO2025002386,V001,SKU0006,2026-08-03,25
GRN2025002387,PO2025002387,V035,SKU0015,2026-02-20,63
GRN2025002388,PO2025002388,V040,SKU0005,2026-04-12,61
GRN2025002389,PO2025002389,V015,SKU0024,2025-07-13,143
GRN2025002390,PO2025002390,V013,SKU0074,2026-06-02,185
GRN2025002391,PO2025002391,V039,SKU0077,2025-09-28,59
GRN2025002392,PO2025002392,V014,SKU0018,2026-08-25,241
GRN2025002393,PO2025002393,V032,SKU0060,2025-02-05,156
GRN2025002394,PO2025002394,V025,SKU0052,2026-07-22,75
GRN2025002395,PO2025002395,V030,SKU0078,2026-04-07,75
GRN2025002396,PO2025002396,V037,SKU0021,2025-03-14,18
GRN2025002397,PO2025002397,V023,SKU0067,2026-02-15,39
GRN2025002398,PO2025002398,V009,SKU0051,2025-08-16,27
GRN2025002399,PO2025002399,V015,SKU0070,2025-10-23,83
GRN2025002400,PO2025002400,V017,SKU0064,2026-06-30,68
GRN2025002401,PO2025002401,V008,SKU0078,2025-04-19,39
GRN2025002402,PO2025002402,V031,SKU0008,2025-04-27,207
GRN2025002403,PO2025002403,V008,SKU0043,2025-12-02,37
GRN2025002404,PO2025002404,V028,SKU0005,2026-04-08,221
GRN2025002405,PO2025002405,V004,SKU0071,2025-12-11,155
GRN2025002406,PO2025002406,V027,SKU0075,2025-10-20,25
GRN2025002407,PO2025002407,V034,SKU0020,2025-09-13,26
GRN2025002408,PO2025002408,V007,SKU0068,2026-06-10,208
GRN2025002409,PO2025002409,V024,SKU0045,2026-04-24,228
GRN2025002410,PO2025002410,V040,SKU0044,2026-02-26,61
GRN2025002411,PO2025002411,V021,SKU0011,2025-03-22,176
GRN2025002412,PO2025002412,V012,SKU0028,2025-07-11,167
GRN2025002413,PO2025002413,V008,SKU0031,2026-05-30,154
GRN2025002414,PO2025002414,V036,SKU0020,2026-05-12,206
GRN2025002415,PO2025002415,V040,SKU0052,2025-05-05,101
GRN2025002416,PO2025002416,V021,SKU0057,2025-04-16,166
GRN2025002417,PO2025002417,V032,SKU0045,2025-03-16,71
GRN2025002418,PO2025002418,V016,SKU0018,2025-02-15,187
GRN2025002419,PO2025002419,V009,SKU0015,2025-08-08,242
GRN2025002420,PO2025002420,V020,SKU0078,2025-06-30,158
GRN2025002421,PO2025002421,V021,SKU0029,2025-09-26,215
GRN2025002422,PO2025002422,V011,SKU0038,2026-05-12,185
GRN2025002423,PO2025002423,V035,SKU0045,2026-04-22,123
GRN2025002424,PO2025002424,V001,SKU0062,2026-07-03,242
GRN2025002425,PO2025002425,V006,SKU0018,2025-07-09,156
GRN2025002426,PO2025002426,V015,SKU0054,2026-06-16,123
GRN2025002427,PO2025002427,V026,SKU0025,2025-03-14,69
GRN2025002428,PO2025002428,V039,SKU0001,2025-10-18,115
GRN2025002429,PO2025002429,V038,SKU0013,2025-04-02,142
GRN2025002430,PO2025002430,V023,SKU0071,2026-05-29,97
GRN2025002431,PO2025002431,V039,SKU0028,2025-10-19,237
GRN2025002432,PO2025002432,V040,SKU0020,2025-02-05,9
GRN2025002433,PO2025002433,V020,SKU0027,2025-05-09,99
GRN2025002434,PO2025002434,V022,SKU0053,2026-05-14,58
GRN2025002435,PO2025002435,V013,SKU0041,2025-05-27,77
GRN2025002436,PO2025002436,V029,SKU0015,2025-11-09,119
GRN2025002437,PO2025002437,V026,SKU0041,2025-05-19,235
GRN2025002438,PO2025002438,V025,SKU0035,2025-12-07,187
GRN2025002439,PO2025002439,V009,SKU0059,2026-07-02,128
GRN2025002440,PO2025002440,V024,SKU0021,2025-06-06,221
GRN2025002441,PO2025002441,V017,SKU0011,2025-12-22,98
GRN2025002442,PO2025002442,V017,SKU0005,2025-04-14,81
GRN2025002443,PO2025002443,V001,SKU0036,2025-11-15,141
GRN2025002444,PO2025002444,V022,SKU0056,2025-09-03,39
GRN2025002445,PO2025002445,V019,SKU0053,2025-05-27,180
GRN2025002446,PO2025002446,V036,SKU0057,2025-06-12,220
GRN2025002447,PO2025002447,V026,SKU0024,2025-01-06,50
GRN2025002448,PO2025002448,V026,SKU0049,2025-05-07,27
GRN2025002449,PO2025002449,V024,SKU0035,2025-12-08,82
GRN2025002450,PO2025002450,V022,SKU0057,2026-02-11,213
GRN2025002451,PO2025002451,V017,SKU0009,2025-05-17,118
GRN2025002452,PO2025002452,V018,SKU0076,2025-11-25,96
GRN2025002453,PO2025002453,V026,SKU0031,2026-04-28,146
GRN2025002454,PO2025002454,V040,SKU0001,2025-09-25,206
GRN2025002455,PO2025002455,V010,SKU0062,2026-08-02,172
GRN2025002456,PO2025002456,V037,SKU0062,2026-04-22,50
GRN2025002457,PO2025002457,V017,SKU0019,2026-05-18,125
GRN2025002458,PO2025002458,V010,SKU0011,2025-04-16,4
GRN2025002459,PO2025002459,V005,SKU0020,2026-04-18,221
GRN2025002460,PO2025002460,V004,SKU0019,2025-07-12,168
GRN2025002461,PO2025002461,V015,SKU0032,2025-09-24,226
GRN2025002462,PO2025002462,V019,SKU0005,2025-05-24,203
GRN2025002463,PO2025002463,V016,SKU0049,2026-03-01,245
GRN2025002464,PO2025002464,V017,SKU0061,2026-02-10,163
GRN2025002465,PO2025002465,V035,SKU0001,2026-06-19,53
GRN2025002466,PO2025002466,V034,SKU0048,2025-07-03,215
GRN2025002467,PO2025002467,V032,SKU0063,2025-08-29,138
GRN2025002468,PO2025002468,V005,SKU0020,2026-06-23,14
GRN2025002469,PO2025002469,V037,SKU0033,2026-02-15,134
GRN2025002470,PO2025002470,V034,SKU0047,2026-01-01,5
GRN2025002471,PO2025002471,V039,SKU0077,2026-07-21,115
GRN2025002472,PO2025002472,V035,SKU0076,2025-03-22,178
GRN2025002473,PO2025002473,V038,SKU0043,2025-05-18,103
GRN2025002474,PO2025002474,V008,SKU0021,2025-03-02,178
GRN2025002475,PO2025002475,V035,SKU0016,2026-04-10,157
GRN2025002476,PO2025002476,V011,SKU0054,2026-08-18,63
GRN2025002477,PO2025002477,V018,SKU0072,2025-06-09,213
GRN2025002478,PO2025002478,V025,SKU0055,2025-02-27,240
GRN2025002479,PO2025002479,V036,SKU0061,2025-06-10,158
GRN2025002480,PO2025002480,V004,SKU0044,2025-05-02,196
GRN2025002481,PO2025002481,V024,SKU0017,2026-09-19,164
GRN2025002482,PO2025002482,V015,SKU0076,2025-09-13,171
GRN2025002483,PO2025002483,V015,SKU0078,2026-03-22,179
GRN2025002484,PO2025002484,V021,SKU0044,2025-07-10,56
GRN2025002485,PO2025002485,V001,SKU0005,2025-08-30,172
GRN2025002486,PO2025002486,V027,SKU0039,2025-09-30,81
GRN2025002487,PO2025002487,V011,SKU0023,2025-07-20,181
GRN2025002488,PO2025002488,V039,SKU0040,2026-04-23,77
GRN2025002489,PO2025002489,V006,SKU0060,2025-11-16,248
GRN2025002490,PO2025002490,V001,SKU0080,2026-04-02,125
GRN2025002491,PO2025002491,V038,SKU0013,2025-08-22,110
GRN2025002492,PO2025002492,V034,SKU0078,2025-07-16,236
GRN2025002493,PO2025002493,V015,SKU0004,2025-12-16,58
GRN2025002494,PO2025002494,V016,SKU0010,2025-09-09,24
GRN2025002495,PO2025002495,V013,SKU0078,2025-03-05,162
GRN2025002496,PO2025002496,V023,SKU0062,2025-12-31,48
GRN2025002497,PO2025002497,V021,SKU0019,2026-09-04,169
GRN2025002498,PO2025002498,V038,SKU0005,2026-05-23,91
GRN2025002499,PO2025002499,V027,SKU0060,2025-10-30,161
GRN2025002500,PO2025002500,V035,SKU0004,2025-06-05,118
