PO_ID,Vendor_ID,Vendor_Name,Item_ID,Item_Description,Category,PO_Date,PO_Qty,PO_Unit_Price,PO_Net_Amount
PO2025000001,V020,Trident Facility Services,SKU0041,MRO Item 041,MRO,2025-09-22,37,1049.07,38815.59
PO2025000002,V021,United Process Equipment,SKU0075,Office Supplies Item 075,Office Supplies,2026-02-28,192,316.6,60787.2
PO2025000003,V023,Westline Consumables,SKU0075,Office Supplies Item 075,Office Supplies,2025-02-19,100,324.88,32488.0
PO2025000004,V039,Omkar Facility Products,SKU0074,IT Item 074,IT,2025-11-01,8,23444.92,187559.36
PO2025000005,V001,Apex Industrial Supplies Pvt Ltd,SKU0078,Safety Item 078,Safety,2025-04-12,150,924.74,138711.0
PO2025000006,V034,Jade Logistics Supplies,SKU0021,Electrical Item 021,Electrical,2026-05-02,117,1344.11,157260.87
PO2025000007,V025,Arun Safety & PPE,SKU0010,IT Item 010,IT,2025-08-17,232,13062.1,3030407.2
PO2025000008,V010,Jupiter Office Products,SKU0068,Packaging Item 068,Packaging,2026-05-14,240,87.32,20956.8
PO2025000009,V033,Innovatech Solutions,SKU0074,IT Item 074,IT,2025-03-29,229,21281.02,4873353.58
PO2025000010,V005,Evergreen Facility Products,SKU0016,Facility Item 016,Facility,2025-04-17,208,659.46,137167.68
PO2025000011,V013,Metro Fasteners,SKU0059,Office Supplies Item 059,Office Supplies,2026-06-18,199,192.99,38405.01
PO2025000012,V010,Jupiter Office Products,SKU0076,Packaging Item 076,Packaging,2025-09-11,72,158.76,11430.72
PO2025000013,V034,Jade Logistics Supplies,SKU0056,Facility Item 056,Facility,2025-03-02,210,781.5,164115.0
PO2025000014,V025,Arun Safety & PPE,SKU0063,Mechanical Item 063,Mechanical,2026-03-27,35,2821.79,98762.65
PO2025000015,V028,Dynamo Power Systems,SKU0052,Packaging Item 052,Packaging,2025-06-02,68,145.64,9903.52
PO2025000016,V021,United Process Equipment,SKU0030,Safety Item 030,Safety,2026-03-26,83,919.48,76316.84
PO2025000017,V035,Keystone Industrial Products,SKU0039,Mechanical Item 039,Mechanical,2026-04-15,83,1809.34,150175.22
PO2025000018,V003,Crown Packaging Solutions,SKU0024,Facility Item 024,Facility,2025-04-18,184,822.89,151411.76
PO2025000019,V026,Bharat Industrial Stores,SKU0008,Facility Item 008,Facility,2026-01-15,182,741.82,135011.24
PO2025000020,V018,Ridgeway Bearings,SKU0063,Mechanical Item 063,Mechanical,2026-08-31,199,3097.04,616310.96
PO2025000021,V007,Gamma Safety Solutions,SKU0014,Safety Item 014,Safety,2025-03-20,142,1317.89,187140.38
PO2025000022,V021,United Process Equipment,SKU0040,Facility Item 040,Facility,2025-05-24,151,1404.88,212136.88
PO2025000023,V030,Frontier Components,SKU0034,IT Item 034,IT,2026-07-17,194,13354.41,2590755.54
PO2025000024,V032,Helios Controls,SKU0030,Safety Item 030,Safety,2025-11-21,80,869.06,69524.8
PO2025000025,V006,Falcon Electricals India Pvt Ltd,SKU0059,Office Supplies Item 059,Office Supplies,2025-04-18,139,239.43,33280.77
PO2025000026,V016,Prime Tools & Components,SKU0001,MRO Item 001,MRO,2026-03-14,212,885.65,187757.8
PO2025000027,V024,Zenith Engineering Supplies,SKU0044,Packaging Item 044,Packaging,2025-01-08,25,143.61,3590.25
PO2025000028,V018,Ridgeway Bearings,SKU0042,IT Item 042,IT,2026-07-15,185,21414.57,3961695.45
PO2025000029,V002,BluePeak Office Systems Pvt Ltd,SKU0009,MRO Item 009,MRO,2026-02-11,250,877.15,219287.5
PO2025000030,V019,Sigma Industrial Products,SKU0012,Packaging Item 012,Packaging,2026-06-06,195,157.96,30802.2
PO2025000031,V040,Pioneer Electrical Traders,SKU0065,MRO Item 065,MRO,2026-08-11,61,1268.79,77396.19
PO2025000032,V034,Jade Logistics Supplies,SKU0056,Facility Item 056,Facility,2026-05-16,210,633.98,133135.8
PO2025000033,V022,Vertex Automation,SKU0051,Office Supplies Item 051,Office Supplies,2025-02-22,213,334.3,71205.9
PO2025000034,V021,United Process Equipment,SKU0079,Mechanical Item 079,Mechanical,2026-04-03,154,3076.98,473854.92
PO2025000035,V017,Quantum Electricals,SKU0014,Safety Item 014,Safety,2025-08-15,24,1196.98,28727.52
PO2025000036,V035,Keystone Industrial Products,SKU0046,Safety Item 046,Safety,2025-09-30,38,952.79,36206.02
PO2025000037,V018,Ridgeway Bearings,SKU0076,Packaging Item 076,Packaging,2025-04-07,38,164.06,6234.28
PO2025000038,V012,Lotus Packaging India Pvt Ltd,SKU0008,Facility Item 008,Facility,2025-07-05,155,845.94,131120.7
PO2025000039,V017,Quantum Electricals,SKU0076,Packaging Item 076,Packaging,2025-12-25,151,145.5,21970.5
PO2025000040,V010,Jupiter Office Products,SKU0029,Electrical Item 029,Electrical,2025-12-12,148,1807.93,267573.64
PO2025000041,V032,Helios Controls,SKU0016,Facility Item 016,Facility,2025-09-21,133,623.76,82960.08
PO2025000042,V036,Lumina Office Technologies,SKU0069,Electrical Item 069,Electrical,2025-11-04,184,2286.79,420769.36
PO2025000043,V003,Crown Packaging Solutions,SKU0006,Safety Item 006,Safety,2026-06-14,211,387.82,81830.02
PO2025000044,V003,Crown Packaging Solutions,SKU0060,Packaging Item 060,Packaging,2026-07-05,5,200.1,1000.5
PO2025000045,V021,United Process Equipment,SKU0030,Safety Item 030,Safety,2025-11-03,240,1059.46,254270.4
PO2025000046,V031,Ganga Hardware Traders,SKU0032,Facility Item 032,Facility,2026-07-19,161,698.31,112427.91
PO2025000047,V034,Jade Logistics Supplies,SKU0074,IT Item 074,IT,2026-08-27,240,25021.32,6005116.8
PO2025000048,V014,Nova Tech Systems,SKU0007,Mechanical Item 007,Mechanical,2026-05-25,190,2710.19,514936.1
PO2025000049,V038,NexGen Components,SKU0004,Packaging Item 004,Packaging,2026-01-21,59,174.09,10271.31
PO2025000050,V010,Jupiter Office Products,SKU0068,Packaging Item 068,Packaging,2026-05-30,214,100.95,21603.3
PO2025000051,V003,Crown Packaging Solutions,SKU0060,Packaging Item 060,Packaging,2025-11-26,221,200.87,44392.27
PO2025000052,V035,Keystone Industrial Products,SKU0035,Office Supplies Item 035,Office Supplies,2026-07-09,77,457.7,35242.9
PO2025000053,V001,Apex Industrial Supplies Pvt Ltd,SKU0032,Facility Item 032,Facility,2026-09-01,230,816.06,187693.8
PO2025000054,V028,Dynamo Power Systems,SKU0036,Packaging Item 036,Packaging,2025-09-14,78,204.15,15923.7
PO2025000055,V029,Eagle Stationery Solutions,SKU0079,Mechanical Item 079,Mechanical,2026-05-05,156,3426.76,534574.56
PO2025000056,V025,Arun Safety & PPE,SKU0063,Mechanical Item 063,Mechanical,2025-10-09,217,2538.47,550847.99
PO2025000057,V017,Quantum Electricals,SKU0078,Safety Item 078,Safety,2025-03-07,247,795.1,196389.7
PO2025000058,V002,BluePeak Office Systems Pvt Ltd,SKU0041,MRO Item 041,MRO,2026-04-20,241,1326.0,319566.0
PO2025000059,V010,Jupiter Office Products,SKU0033,MRO Item 033,MRO,2025-02-15,199,607.75,120942.25
PO2025000060,V010,Jupiter Office Products,SKU0003,Office Supplies Item 003,Office Supplies,2025-02-03,94,399.97,37597.18
PO2025000061,V001,Apex Industrial Supplies Pvt Ltd,SKU0070,Safety Item 070,Safety,2026-03-28,186,767.34,142725.24
PO2025000062,V018,Ridgeway Bearings,SKU0001,MRO Item 001,MRO,2026-08-04,130,1016.4,132132.0
PO2025000063,V011,Kaveri Industrial Traders,SKU0020,Packaging Item 020,Packaging,2025-09-11,214,113.05,24192.7
PO2025000064,V022,Vertex Automation,SKU0071,Mechanical Item 071,Mechanical,2026-06-13,48,1318.49,63287.52
PO2025000065,V026,Bharat Industrial Stores,SKU0024,Facility Item 024,Facility,2026-04-18,103,808.94,83320.82
PO2025000066,V003,Crown Packaging Solutions,SKU0032,Facility Item 032,Facility,2025-10-30,229,790.63,181054.27
PO2025000067,V023,Westline Consumables,SKU0002,IT Item 002,IT,2025-07-04,114,11959.87,1363425.18
PO2025000068,V021,United Process Equipment,SKU0044,Packaging Item 044,Packaging,2026-08-22,72,145.9,10504.8
PO2025000069,V040,Pioneer Electrical Traders,SKU0060,Packaging Item 060,Packaging,2025-05-12,149,192.36,28661.64
PO2025000070,V035,Keystone Industrial Products,SKU0001,MRO Item 001,MRO,2025-06-22,17,1043.24,17735.08
PO2025000071,V040,Pioneer Electrical Traders,SKU0021,Electrical Item 021,Electrical,2026-05-12,169,1426.35,241053.15
PO2025000072,V005,Evergreen Facility Products,SKU0026,IT Item 026,IT,2026-08-06,196,15534.96,3044852.16
PO2025000073,V005,Evergreen Facility Products,SKU0046,Safety Item 046,Safety,2025-02-09,247,863.98,213403.06
PO2025000074,V005,Evergreen Facility Products,SKU0063,Mechanical Item 063,Mechanical,2025-02-06,225,2600.86,585193.5
PO2025000075,V017,Quantum Electricals,SKU0034,IT Item 034,IT,2026-06-11,42,12852.41,539801.22
PO2025000076,V018,Ridgeway Bearings,SKU0038,Safety Item 038,Safety,2026-05-29,133,511.67,68052.11
PO2025000077,V028,Dynamo Power Systems,SKU0060,Packaging Item 060,Packaging,2025-07-21,63,165.43,10422.09
PO2025000078,V007,Gamma Safety Solutions,SKU0002,IT Item 002,IT,2026-07-15,24,10719.12,257258.88
PO2025000079,V025,Arun Safety & PPE,SKU0008,Facility Item 008,Facility,2025-12-14,59,893.09,52692.31
PO2025000080,V036,Lumina Office Technologies,SKU0062,Safety Item 062,Safety,2026-08-31,215,631.31,135731.65
PO2025000081,V025,Arun Safety & PPE,SKU0007,Mechanical Item 007,Mechanical,2025-08-09,184,2633.93,484643.12
PO2025000082,V017,Quantum Electricals,SKU0066,IT Item 066,IT,2025-02-17,216,25463.24,5500059.84
PO2025000083,V030,Frontier Components,SKU0025,MRO Item 025,MRO,2026-03-27,207,766.61,158688.27
PO2025000084,V006,Falcon Electricals India Pvt Ltd,SKU0005,Electrical Item 005,Electrical,2025-04-16,199,673.79,134084.21
PO2025000085,V040,Pioneer Electrical Traders,SKU0032,Facility Item 032,Facility,2025-03-19,144,863.45,124336.8
PO2025000086,V011,Kaveri Industrial Traders,SKU0011,Office Supplies Item 011,Office Supplies,2025-06-29,87,513.71,44692.77
PO2025000087,V010,Jupiter Office Products,SKU0068,Packaging Item 068,Packaging,2025-06-04,156,98.71,15398.76
PO2025000088,V030,Frontier Components,SKU0022,Safety Item 022,Safety,2026-04-08,180,563.02,101343.6
PO2025000089,V032,Helios Controls,SKU0035,Office Supplies Item 035,Office Supplies,2025-09-06,235,461.69,108497.15
PO2025000090,V006,Falcon Electricals India Pvt Ltd,SKU0022,Safety Item 022,Safety,2025-04-19,171,623.61,106637.31
PO2025000091,V030,Frontier Components,SKU0052,Packaging Item 052,Packaging,2025-08-20,104,168.67,17541.68
PO2025000092,V032,Helios Controls,SKU0073,MRO Item 073,MRO,2026-03-03,217,602.2,130677.4
PO2025000093,V040,Pioneer Electrical Traders,SKU0031,Mechanical Item 031,Mechanical,2026-05-07,181,7449.85,1348422.85
PO2025000094,V016,Prime Tools & Components,SKU0033,MRO Item 033,MRO,2025-01-07,151,745.54,112576.54
PO2025000095,V031,Ganga Hardware Traders,SKU0011,Office Supplies Item 011,Office Supplies,2025-07-22,42,496.41,20849.22
PO2025000096,V031,Ganga Hardware Traders,SKU0047,Mechanical Item 047,Mechanical,2026-06-22,87,3573.23,310871.01
PO2025000097,V019,Sigma Industrial Products,SKU0011,Office Supplies Item 011,Office Supplies,2025-01-28,4,527.75,2111.0
PO2025000098,V005,Evergreen Facility Products,SKU0011,Office Supplies Item 011,Office Supplies,2025-06-29,79,518.33,40948.07
PO2025000099,V015,Orbit Maintenance Supplies,SKU0077,Electrical Item 077,Electrical,2025-12-26,19,1092.38,20755.22
PO2025000100,V030,Frontier Components,SKU0050,IT Item 050,IT,2025-09-03,137,17539.34,2402889.58
PO2025000101,V021,United Process Equipment,SKU0059,Office Supplies Item 059,Office Supplies,2026-03-28,75,210.04,15753.0
PO2025000102,V025,Arun Safety & PPE,SKU0076,Packaging Item 076,Packaging,2025-09-07,32,179.3,5737.6
PO2025000103,V027,Crest Chemicals,SKU0034,IT Item 034,IT,2025-02-07,114,12043.04,1372906.56
PO2025000104,V022,Vertex Automation,SKU0043,Office Supplies Item 043,Office Supplies,2026-03-16,63,222.66,14027.58
PO2025000105,V014,Nova Tech Systems,SKU0042,IT Item 042,IT,2025-06-22,124,23790.92,2950074.08
PO2025000106,V039,Omkar Facility Products,SKU0008,Facility Item 008,Facility,2025-10-22,209,757.46,158309.14
PO2025000107,V011,Kaveri Industrial Traders,SKU0013,Electrical Item 013,Electrical,2026-07-14,2,1532.49,3064.98
PO2025000108,V022,Vertex Automation,SKU0068,Packaging Item 068,Packaging,2026-08-27,37,103.11,3815.07
PO2025000109,V037,Magnus Tools,SKU0045,Electrical Item 045,Electrical,2025-01-31,234,1636.17,382863.78
PO2025000110,V032,Helios Controls,SKU0017,MRO Item 017,MRO,2026-07-18,134,1036.9,138944.6
PO2025000111,V012,Lotus Packaging India Pvt Ltd,SKU0023,Mechanical Item 023,Mechanical,2026-06-20,17,4461.96,75853.32
PO2025000112,V007,Gamma Safety Solutions,SKU0074,IT Item 074,IT,2026-01-31,81,24394.42,1975948.02
PO2025000113,V025,Arun Safety & PPE,SKU0077,Electrical Item 077,Electrical,2025-11-17,87,1103.7,96021.9
PO2025000114,V012,Lotus Packaging India Pvt Ltd,SKU0072,Facility Item 072,Facility,2026-04-01,188,637.82,119910.16
PO2025000115,V029,Eagle Stationery Solutions,SKU0030,Safety Item 030,Safety,2026-03-25,185,924.86,171099.1
PO2025000116,V014,Nova Tech Systems,SKU0034,IT Item 034,IT,2025-04-26,163,12341.98,2011742.74
PO2025000117,V027,Crest Chemicals,SKU0011,Office Supplies Item 011,Office Supplies,2026-02-04,184,420.56,77383.04
PO2025000118,V032,Helios Controls,SKU0061,Electrical Item 061,Electrical,2025-05-31,229,619.48,141860.92
PO2025000119,V012,Lotus Packaging India Pvt Ltd,SKU0074,IT Item 074,IT,2026-07-10,186,23372.06,4347203.16
PO2025000120,V025,Arun Safety & PPE,SKU0025,MRO Item 025,MRO,2026-01-17,17,781.09,13278.53
PO2025000121,V001,Apex Industrial Supplies Pvt Ltd,SKU0057,MRO Item 057,MRO,2026-06-18,241,740.91,178559.31
PO2025000122,V022,Vertex Automation,SKU0036,Packaging Item 036,Packaging,2026-01-21,204,187.2,38188.8
PO2025000123,V040,Pioneer Electrical Traders,SKU0080,Facility Item 080,Facility,2026-04-12,60,822.7,49362.0
PO2025000124,V026,Bharat Industrial Stores,SKU0025,MRO Item 025,MRO,2025-06-07,116,685.85,79558.6
PO2025000125,V015,Orbit Maintenance Supplies,SKU0001,MRO Item 001,MRO,2025-01-24,85,1044.53,88785.05
PO2025000126,V019,Sigma Industrial Products,SKU0080,Facility Item 080,Facility,2025-06-24,49,757.91,37137.59
PO2025000127,V026,Bharat Industrial Stores,SKU0006,Safety Item 006,Safety,2026-07-27,36,464.41,16718.76
PO2025000128,V034,Jade Logistics Supplies,SKU0047,Mechanical Item 047,Mechanical,2025-04-18,40,3896.59,155863.6
PO2025000129,V027,Crest Chemicals,SKU0002,IT Item 002,IT,2026-09-02,9,10460.19,94141.71
PO2025000130,V013,Metro Fasteners,SKU0026,IT Item 026,IT,2025-07-01,116,15503.9,1798452.4
PO2025000131,V028,Dynamo Power Systems,SKU0067,Office Supplies Item 067,Office Supplies,2026-07-07,206,268.06,55220.36
PO2025000132,V009,Indus Mechanical Works,SKU0072,Facility Item 072,Facility,2025-06-13,37,622.38,23028.06
PO2025000133,V003,Crown Packaging Solutions,SKU0019,Office Supplies Item 019,Office Supplies,2025-01-01,23,506.47,11648.81
PO2025000134,V002,BluePeak Office Systems Pvt Ltd,SKU0012,Packaging Item 012,Packaging,2025-02-09,216,183.5,39636.0
PO2025000135,V022,Vertex Automation,SKU0060,Packaging Item 060,Packaging,2025-12-25,66,196.77,12986.82
PO2025000136,V017,Quantum Electricals,SKU0018,IT Item 018,IT,2026-01-17,53,12741.69,675309.57
PO2025000137,V002,BluePeak Office Systems Pvt Ltd,SKU0066,IT Item 066,IT,2025-02-07,101,29548.82,2984430.82
PO2025000138,V008,Horizon IT Distribution,SKU0071,Mechanical Item 071,Mechanical,2026-08-05,244,1595.45,389289.8
PO2025000139,V011,Kaveri Industrial Traders,SKU0059,Office Supplies Item 059,Office Supplies,2025-01-04,143,219.39,31372.77
PO2025000140,V015,Orbit Maintenance Supplies,SKU0039,Mechanical Item 039,Mechanical,2026-01-13,66,1759.06,116097.96
PO2025000141,V031,Ganga Hardware Traders,SKU0022,Safety Item 022,Safety,2025-03-22,131,548.61,71867.91
PO2025000142,V024,Zenith Engineering Supplies,SKU0072,Facility Item 072,Facility,2026-04-17,162,525.57,85142.34
PO2025000143,V019,Sigma Industrial Products,SKU0047,Mechanical Item 047,Mechanical,2025-10-10,50,4014.2,200710.0
PO2025000144,V021,United Process Equipment,SKU0015,Mechanical Item 015,Mechanical,2025-02-17,35,3486.24,122018.4
PO2025000145,V014,Nova Tech Systems,SKU0022,Safety Item 022,Safety,2026-07-21,154,533.54,82165.16
PO2025000146,V025,Arun Safety & PPE,SKU0033,MRO Item 033,MRO,2025-03-16,51,716.2,36526.2
PO2025000147,V018,Ridgeway Bearings,SKU0004,Packaging Item 004,Packaging,2025-05-09,101,175.49,17724.49
PO2025000148,V014,Nova Tech Systems,SKU0040,Facility Item 040,Facility,2025-11-20,124,1417.0,175708.0
PO2025000149,V013,Metro Fasteners,SKU0018,IT Item 018,IT,2025-04-28,246,13072.35,3215798.1
PO2025000150,V017,Quantum Electricals,SKU0065,MRO Item 065,MRO,2026-01-22,96,1292.21,124052.16
PO2025000151,V019,Sigma Industrial Products,SKU0031,Mechanical Item 031,Mechanical,2025-10-09,74,6904.85,510958.9
PO2025000152,V013,Metro Fasteners,SKU0014,Safety Item 014,Safety,2025-11-02,182,1260.89,229481.98
PO2025000153,V022,Vertex Automation,SKU0067,Office Supplies Item 067,Office Supplies,2026-08-16,232,279.92,64941.44
PO2025000154,V005,Evergreen Facility Products,SKU0074,IT Item 074,IT,2026-07-17,146,20387.43,2976564.78
PO2025000155,V007,Gamma Safety Solutions,SKU0069,Electrical Item 069,Electrical,2025-05-27,125,2115.73,264466.25
PO2025000156,V040,Pioneer Electrical Traders,SKU0030,Safety Item 030,Safety,2026-06-04,142,894.68,127044.56
PO2025000157,V010,Jupiter Office Products,SKU0078,Safety Item 078,Safety,2025-02-16,241,909.18,219112.38
PO2025000158,V005,Evergreen Facility Products,SKU0009,MRO Item 009,MRO,2025-08-26,203,839.91,170501.73
PO2025000159,V038,NexGen Components,SKU0030,Safety Item 030,Safety,2025-03-19,105,860.15,90315.75
PO2025000160,V003,Crown Packaging Solutions,SKU0002,IT Item 002,IT,2026-07-28,131,11484.77,1504504.87
PO2025000161,V032,Helios Controls,SKU0050,IT Item 050,IT,2025-03-25,11,18896.06,207856.66
PO2025000162,V020,Trident Facility Services,SKU0028,Packaging Item 028,Packaging,2025-04-24,26,156.64,4072.64
PO2025000163,V033,Innovatech Solutions,SKU0020,Packaging Item 020,Packaging,2025-02-19,147,127.79,18785.13
PO2025000164,V018,Ridgeway Bearings,SKU0030,Safety Item 030,Safety,2026-08-30,121,842.43,101934.03
PO2025000165,V037,Magnus Tools,SKU0061,Electrical Item 061,Electrical,2026-05-26,228,608.13,138653.64
PO2025000166,V037,Magnus Tools,SKU0057,MRO Item 057,MRO,2025-08-31,199,672.27,133781.73
PO2025000167,V008,Horizon IT Distribution,SKU0078,Safety Item 078,Safety,2025-05-02,25,911.52,22788.0
PO2025000168,V034,Jade Logistics Supplies,SKU0050,IT Item 050,IT,2026-05-29,92,17363.69,1597459.48
PO2025000169,V036,Lumina Office Technologies,SKU0036,Packaging Item 036,Packaging,2026-03-06,192,197.35,37891.2
PO2025000170,V029,Eagle Stationery Solutions,SKU0007,Mechanical Item 007,Mechanical,2025-12-13,196,2718.32,532790.72
PO2025000171,V012,Lotus Packaging India Pvt Ltd,SKU0079,Mechanical Item 079,Mechanical,2026-05-15,56,3458.39,193669.84
PO2025000172,V003,Crown Packaging Solutions,SKU0012,Packaging Item 012,Packaging,2025-04-30,38,187.15,7111.7
PO2025000173,V009,Indus Mechanical Works,SKU0070,Safety Item 070,Safety,2026-01-12,164,792.75,130011.0
PO2025000174,V010,Jupiter Office Products,SKU0050,IT Item 050,IT,2026-07-31,213,20310.6,4326157.8
PO2025000175,V013,Metro Fasteners,SKU0014,Safety Item 014,Safety,2026-02-15,42,1211.01,50862.42
PO2025000176,V038,NexGen Components,SKU0066,IT Item 066,IT,2025-03-07,148,26561.37,3931082.76
PO2025000177,V040,Pioneer Electrical Traders,SKU0042,IT Item 042,IT,2025-10-19,231,21166.46,4889452.26
PO2025000178,V026,Bharat Industrial Stores,SKU0002,IT Item 002,IT,2025-10-14,125,11517.82,1439727.5
PO2025000179,V026,Bharat Industrial Stores,SKU0073,MRO Item 073,MRO,2025-09-19,115,610.04,70154.6
PO2025000180,V027,Crest Chemicals,SKU0075,Office Supplies Item 075,Office Supplies,2026-08-09,177,335.05,59303.85
PO2025000181,V019,Sigma Industrial Products,SKU0048,Facility Item 048,Facility,2026-03-31,89,974.56,86735.84
PO2025000182,V036,Lumina Office Technologies,SKU0046,Safety Item 046,Safety,2025-03-09,26,789.28,20521.28
PO2025000183,V022,Vertex Automation,SKU0059,Office Supplies Item 059,Office Supplies,2026-04-09,44,199.84,8792.96
PO2025000184,V006,Falcon Electricals India Pvt Ltd,SKU0020,Packaging Item 020,Packaging,2025-07-08,97,118.74,11517.78
PO2025000185,V020,Trident Facility Services,SKU0047,Mechanical Item 047,Mechanical,2026-04-02,29,3800.58,110216.82
PO2025000186,V008,Horizon IT Distribution,SKU0028,Packaging Item 028,Packaging,2025-08-28,181,150.0,27150.0
PO2025000187,V006,Falcon Electricals India Pvt Ltd,SKU0057,MRO Item 057,MRO,2025-07-04,216,703.43,151940.88
PO2025000188,V020,Trident Facility Services,SKU0002,IT Item 002,IT,2026-06-13,157,11901.41,1868521.37
PO2025000189,V029,Eagle Stationery Solutions,SKU0002,IT Item 002,IT,2025-12-21,120,11569.96,1388395.2
PO2025000190,V040,Pioneer Electrical Traders,SKU0009,MRO Item 009,MRO,2026-03-11,58,902.92,52369.36
PO2025000191,V006,Falcon Electricals India Pvt Ltd,SKU0033,MRO Item 033,MRO,2026-04-02,68,692.23,47071.64
PO2025000192,V008,Horizon IT Distribution,SKU0060,Packaging Item 060,Packaging,2025-02-05,158,181.21,28631.18
PO2025000193,V008,Horizon IT Distribution,SKU0079,Mechanical Item 079,Mechanical,2025-06-11,231,3147.73,727125.63
PO2025000194,V010,Jupiter Office Products,SKU0028,Packaging Item 028,Packaging,2026-08-12,141,139.07,19608.87
PO2025000195,V032,Helios Controls,SKU0047,Mechanical Item 047,Mechanical,2025-08-19,185,3583.38,662925.3
PO2025000196,V040,Pioneer Electrical Traders,SKU0072,Facility Item 072,Facility,2025-11-13,183,514.21,94100.43
PO2025000197,V015,Orbit Maintenance Supplies,SKU0014,Safety Item 014,Safety,2025-04-30,142,1288.97,183033.74
PO2025000198,V040,Pioneer Electrical Traders,SKU0053,Electrical Item 053,Electrical,2025-09-04,62,706.75,43818.5
PO2025000199,V004,Delta Engineering Components,SKU0011,Office Supplies Item 011,Office Supplies,2025-05-03,45,471.22,21204.9
PO2025000200,V037,Magnus Tools,SKU0051,Office Supplies Item 051,Office Supplies,2025-06-12,151,343.01,51794.51
PO2025000201,V017,Quantum Electricals,SKU0033,MRO Item 033,MRO,2026-06-01,159,599.7,95352.3
PO2025000202,V032,Helios Controls,SKU0032,Facility Item 032,Facility,2026-07-14,154,857.37,132034.98
PO2025000203,V035,Keystone Industrial Products,SKU0008,Facility Item 008,Facility,2026-01-13,135,750.48,101314.8
PO2025000204,V018,Ridgeway Bearings,SKU0015,Mechanical Item 015,Mechanical,2025-11-18,247,3455.6,853533.2
PO2025000205,V005,Evergreen Facility Products,SKU0025,MRO Item 025,MRO,2025-11-03,169,714.89,120816.41
PO2025000206,V037,Magnus Tools,SKU0062,Safety Item 062,Safety,2026-03-26,74,674.6,49920.4
PO2025000207,V039,Omkar Facility Products,SKU0066,IT Item 066,IT,2026-07-14,41,25498.6,1045442.6
PO2025000208,V024,Zenith Engineering Supplies,SKU0033,MRO Item 033,MRO,2026-01-11,220,640.03,140806.6
PO2025000209,V010,Jupiter Office Products,SKU0062,Safety Item 062,Safety,2025-05-07,85,688.01,58480.85
PO2025000210,V037,Magnus Tools,SKU0057,MRO Item 057,MRO,2025-07-15,142,750.22,106531.24
PO2025000211,V017,Quantum Electricals,SKU0076,Packaging Item 076,Packaging,2026-06-14,14,173.54,2429.56
PO2025000212,V012,Lotus Packaging India Pvt Ltd,SKU0018,IT Item 018,IT,2025-12-01,134,12821.81,1718122.54
PO2025000213,V018,Ridgeway Bearings,SKU0057,MRO Item 057,MRO,2025-03-07,160,794.99,127198.4
PO2025000214,V013,Metro Fasteners,SKU0017,MRO Item 017,MRO,2025-01-11,223,1078.5,240505.5
PO2025000215,V007,Gamma Safety Solutions,SKU0073,MRO Item 073,MRO,2026-02-18,231,539.35,124589.85
PO2025000216,V003,Crown Packaging Solutions,SKU0005,Electrical Item 005,Electrical,2026-08-27,23,549.51,12638.73
PO2025000217,V026,Bharat Industrial Stores,SKU0025,MRO Item 025,MRO,2026-01-25,111,736.78,81782.58
PO2025000218,V017,Quantum Electricals,SKU0064,Facility Item 064,Facility,2026-04-22,66,1133.93,74839.38
PO2025000219,V026,Bharat Industrial Stores,SKU0069,Electrical Item 069,Electrical,2026-06-22,21,2268.95,47647.95
PO2025000220,V005,Evergreen Facility Products,SKU0024,Facility Item 024,Facility,2026-08-24,143,841.48,120331.64
PO2025000221,V037,Magnus Tools,SKU0011,Office Supplies Item 011,Office Supplies,2025-07-19,174,495.29,86180.46
PO2025000222,V018,Ridgeway Bearings,SKU0007,Mechanical Item 007,Mechanical,2026-08-31,57,2714.94,154751.58
PO2025000223,V002,BluePeak Office Systems Pvt Ltd,SKU0061,Electrical Item 061,Electrical,2026-08-10,119,679.83,80899.77
PO2025000224,V026,Bharat Industrial Stores,SKU0049,MRO Item 049,MRO,2026-09-02,185,1035.17,191506.45
PO2025000225,V023,Westline Consumables,SKU0038,Safety Item 038,Safety,2026-08-14,241,528.1,127272.1
PO2025000226,V015,Orbit Maintenance Supplies,SKU0062,Safety Item 062,Safety,2025-11-25,184,595.55,109581.2
PO2025000227,V026,Bharat Industrial Stores,SKU0016,Facility Item 016,Facility,2025-07-19,100,631.75,63175.0
PO2025000228,V037,Magnus Tools,SKU0013,Electrical Item 013,Electrical,2026-04-07,124,1672.56,207397.44
PO2025000229,V011,Kaveri Industrial Traders,SKU0052,Packaging Item 052,Packaging,2025-12-22,188,178.18,33497.84
PO2025000230,V035,Keystone Industrial Products,SKU0026,IT Item 026,IT,2025-05-05,96,17050.19,1636818.24
PO2025000231,V040,Pioneer Electrical Traders,SKU0074,IT Item 074,IT,2026-07-07,146,21856.32,3191022.72
PO2025000232,V023,Westline Consumables,SKU0047,Mechanical Item 047,Mechanical,2026-01-24,104,4078.53,424167.12
PO2025000233,V006,Falcon Electricals India Pvt Ltd,SKU0043,Office Supplies Item 043,Office Supplies,2026-06-03,247,221.7,54759.9
PO2025000234,V001,Apex Industrial Supplies Pvt Ltd,SKU0009,MRO Item 009,MRO,2025-04-18,65,798.05,51873.25
PO2025000235,V024,Zenith Engineering Supplies,SKU0009,MRO Item 009,MRO,2025-04-05,131,832.4,109044.4
PO2025000236,V033,Innovatech Solutions,SKU0011,Office Supplies Item 011,Office Supplies,2025-01-07,138,521.43,71957.34
PO2025000237,V009,Indus Mechanical Works,SKU0012,Packaging Item 012,Packaging,2026-03-19,50,188.81,9440.5
PO2025000238,V020,Trident Facility Services,SKU0060,Packaging Item 060,Packaging,2025-05-17,184,178.95,32926.8
PO2025000239,V018,Ridgeway Bearings,SKU0020,Packaging Item 020,Packaging,2026-01-08,159,126.07,20045.13
PO2025000240,V020,Trident Facility Services,SKU0056,Facility Item 056,Facility,2025-05-30,46,665.36,30606.56
PO2025000241,V008,Horizon IT Distribution,SKU0046,Safety Item 046,Safety,2026-07-19,110,949.39,104432.9
PO2025000242,V039,Omkar Facility Products,SKU0058,IT Item 058,IT,2026-08-15,50,40347.39,2017369.5
PO2025000243,V034,Jade Logistics Supplies,SKU0076,Packaging Item 076,Packaging,2026-01-10,121,166.55,20152.55
PO2025000244,V004,Delta Engineering Components,SKU0015,Mechanical Item 015,Mechanical,2026-06-02,132,3216.35,424558.2
PO2025000245,V006,Falcon Electricals India Pvt Ltd,SKU0059,Office Supplies Item 059,Office Supplies,2025-01-15,93,199.82,18583.26
PO2025000246,V004,Delta Engineering Components,SKU0018,IT Item 018,IT,2026-08-01,216,11665.15,2519672.4
PO2025000247,V004,Delta Engineering Components,SKU0056,Facility Item 056,Facility,2026-01-28,247,652.87,161258.89
PO2025000248,V020,Trident Facility Services,SKU0061,Electrical Item 061,Electrical,2026-04-05,36,653.04,23509.44
PO2025000249,V018,Ridgeway Bearings,SKU0021,Electrical Item 021,Electrical,2026-02-01,49,1457.58,71421.42
PO2025000250,V007,Gamma Safety Solutions,SKU0011,Office Supplies Item 011,Office Supplies,2025-01-29,137,434.26,59493.62
PO2025000251,V021,United Process Equipment,SKU0035,Office Supplies Item 035,Office Supplies,2025-01-20,172,409.41,70418.52
PO2025000252,V001,Apex Industrial Supplies Pvt Ltd,SKU0027,Office Supplies Item 027,Office Supplies,2025-10-06,82,436.89,35824.98
PO2025000253,V024,Zenith Engineering Supplies,SKU0061,Electrical Item 061,Electrical,2025-07-30,214,614.73,131552.22
PO2025000254,V025,Arun Safety & PPE,SKU0073,MRO Item 073,MRO,2025-06-23,193,579.84,111909.12
PO2025000255,V018,Ridgeway Bearings,SKU0043,Office Supplies Item 043,Office Supplies,2025-03-31,199,264.95,52725.05
PO2025000256,V034,Jade Logistics Supplies,SKU0001,MRO Item 001,MRO,2025-10-20,39,969.04,37792.56
PO2025000257,V038,NexGen Components,SKU0064,Facility Item 064,Facility,2025-11-04,13,1214.11,15783.43
PO2025000258,V039,Omkar Facility Products,SKU0021,Electrical Item 021,Electrical,2026-06-22,127,1449.39,184072.53
PO2025000259,V014,Nova Tech Systems,SKU0043,Office Supplies Item 043,Office Supplies,2026-07-11,245,219.34,53738.3
PO2025000260,V029,Eagle Stationery Solutions,SKU0055,Mechanical Item 055,Mechanical,2025-10-10,47,2192.28,103037.16
PO2025000261,V019,Sigma Industrial Products,SKU0038,Safety Item 038,Safety,2026-02-03,91,579.67,52749.97
PO2025000262,V030,Frontier Components,SKU0004,Packaging Item 004,Packaging,2025-12-11,125,166.69,20836.25
PO2025000263,V037,Magnus Tools,SKU0075,Office Supplies Item 075,Office Supplies,2025-05-19,153,358.4,54835.2
PO2025000264,V021,United Process Equipment,SKU0067,Office Supplies Item 067,Office Supplies,2025-11-22,196,280.96,55068.16
PO2025000265,V011,Kaveri Industrial Traders,SKU0061,Electrical Item 061,Electrical,2025-05-27,85,603.72,51316.2
PO2025000266,V016,Prime Tools & Components,SKU0079,Mechanical Item 079,Mechanical,2025-07-26,87,3106.11,270231.57
PO2025000267,V031,Ganga Hardware Traders,SKU0029,Electrical Item 029,Electrical,2026-07-21,13,1759.28,22870.64
PO2025000268,V031,Ganga Hardware Traders,SKU0039,Mechanical Item 039,Mechanical,2026-07-01,44,1908.99,83995.56
PO2025000269,V004,Delta Engineering Components,SKU0036,Packaging Item 036,Packaging,2026-04-15,11,206.92,2276.12
PO2025000270,V032,Helios Controls,SKU0042,IT Item 042,IT,2026-06-07,88,22351.91,1966968.08
PO2025000271,V018,Ridgeway Bearings,SKU0078,Safety Item 078,Safety,2025-08-28,213,913.96,194673.48
PO2025000272,V018,Ridgeway Bearings,SKU0060,Packaging Item 060,Packaging,2025-11-03,14,174.73,2446.22
PO2025000273,V015,Orbit Maintenance Supplies,SKU0045,Electrical Item 045,Electrical,2025-09-10,122,1438.95,175551.9
PO2025000274,V032,Helios Controls,SKU0047,Mechanical Item 047,Mechanical,2026-05-27,43,3872.83,166531.69
PO2025000275,V024,Zenith Engineering Supplies,SKU0014,Safety Item 014,Safety,2026-07-22,236,1315.22,310391.92
PO2025000276,V024,Zenith Engineering Supplies,SKU0001,MRO Item 001,MRO,2025-02-11,128,918.43,117559.04
PO2025000277,V038,NexGen Components,SKU0021,Electrical Item 021,Electrical,2025-04-24,66,1362.32,89913.12
PO2025000278,V029,Eagle Stationery Solutions,SKU0080,Facility Item 080,Facility,2026-04-12,115,900.45,103551.75
PO2025000279,V038,NexGen Components,SKU0053,Electrical Item 053,Electrical,2026-08-01,87,726.49,63204.63
PO2025000280,V008,Horizon IT Distribution,SKU0069,Electrical Item 069,Electrical,2025-06-04,120,1911.65,229398.0
PO2025000281,V014,Nova Tech Systems,SKU0036,Packaging Item 036,Packaging,2025-02-27,200,211.34,42268.0
PO2025000282,V015,Orbit Maintenance Supplies,SKU0038,Safety Item 038,Safety,2025-07-01,210,517.62,108700.2
PO2025000283,V008,Horizon IT Distribution,SKU0025,MRO Item 025,MRO,2026-01-18,84,674.98,56698.32
PO2025000284,V016,Prime Tools & Components,SKU0022,Safety Item 022,Safety,2026-08-13,76,630.61,47926.36
PO2025000285,V028,Dynamo Power Systems,SKU0065,MRO Item 065,MRO,2025-10-07,6,1188.04,7128.24
PO2025000286,V021,United Process Equipment,SKU0067,Office Supplies Item 067,Office Supplies,2026-06-15,150,280.91,42136.5
PO2025000287,V035,Keystone Industrial Products,SKU0057,MRO Item 057,MRO,2025-05-12,40,777.76,31110.4
PO2025000288,V014,Nova Tech Systems,SKU0025,MRO Item 025,MRO,2025-05-05,174,766.27,133330.98
PO2025000289,V012,Lotus Packaging India Pvt Ltd,SKU0014,Safety Item 014,Safety,2026-03-08,148,1235.56,182862.88
PO2025000290,V030,Frontier Components,SKU0077,Electrical Item 077,Electrical,2026-03-21,248,1270.03,314967.44
PO2025000291,V018,Ridgeway Bearings,SKU0063,Mechanical Item 063,Mechanical,2025-11-15,141,2863.48,403750.68
PO2025000292,V016,Prime Tools & Components,SKU0061,Electrical Item 061,Electrical,2025-08-03,38,626.85,23820.3
PO2025000293,V037,Magnus Tools,SKU0003,Office Supplies Item 003,Office Supplies,2025-09-03,187,423.01,79102.87
PO2025000294,V017,Quantum Electricals,SKU0040,Facility Item 040,Facility,2026-05-23,146,1235.46,180377.16
PO2025000295,V034,Jade Logistics Supplies,SKU0030,Safety Item 030,Safety,2025-12-05,143,848.96,121401.28
PO2025000296,V001,Apex Industrial Supplies Pvt Ltd,SKU0058,IT Item 058,IT,2025-01-01,18,39406.33,709313.94
PO2025000297,V030,Frontier Components,SKU0019,Office Supplies Item 019,Office Supplies,2025-10-14,138,466.74,64410.12
PO2025000298,V021,United Process Equipment,SKU0033,MRO Item 033,MRO,2025-04-02,144,602.39,86744.16
PO2025000299,V027,Crest Chemicals,SKU0062,Safety Item 062,Safety,2025-06-10,208,649.4,135075.2
PO2025000300,V014,Nova Tech Systems,SKU0062,Safety Item 062,Safety,2025-06-03,217,614.52,133350.84
PO2025000301,V028,Dynamo Power Systems,SKU0008,Facility Item 008,Facility,2025-05-25,110,726.82,79950.2
PO2025000302,V040,Pioneer Electrical Traders,SKU0009,MRO Item 009,MRO,2025-02-13,213,895.45,190730.85
PO2025000303,V024,Zenith Engineering Supplies,SKU0078,Safety Item 078,Safety,2025-06-07,100,762.07,76207.0
PO2025000304,V032,Helios Controls,SKU0038,Safety Item 038,Safety,2026-06-29,99,502.02,49699.98
PO2025000305,V014,Nova Tech Systems,SKU0044,Packaging Item 044,Packaging,2026-02-20,228,130.55,29765.4
PO2025000306,V005,Evergreen Facility Products,SKU0079,Mechanical Item 079,Mechanical,2025-11-18,36,3802.13,136876.68
PO2025000307,V007,Gamma Safety Solutions,SKU0073,MRO Item 073,MRO,2026-07-21,182,503.81,91693.42
PO2025000308,V036,Lumina Office Technologies,SKU0058,IT Item 058,IT,2026-06-21,147,34707.34,5101978.98
PO2025000309,V017,Quantum Electricals,SKU0035,Office Supplies Item 035,Office Supplies,2026-02-14,190,472.64,89801.6
PO2025000310,V034,Jade Logistics Supplies,SKU0046,Safety Item 046,Safety,2025-02-05,14,840.89,11772.46
PO2025000311,V008,Horizon IT Distribution,SKU0052,Packaging Item 052,Packaging,2025-06-24,198,164.19,32509.62
PO2025000312,V034,Jade Logistics Supplies,SKU0043,Office Supplies Item 043,Office Supplies,2026-08-19,219,247.38,54176.22
PO2025000313,V036,Lumina Office Technologies,SKU0067,Office Supplies Item 067,Office Supplies,2025-08-20,149,279.53,41649.97
PO2025000314,V015,Orbit Maintenance Supplies,SKU0042,IT Item 042,IT,2025-06-11,93,21073.23,1959810.39
PO2025000315,V016,Prime Tools & Components,SKU0041,MRO Item 041,MRO,2026-08-25,60,1075.24,64514.4
PO2025000316,V033,Innovatech Solutions,SKU0065,MRO Item 065,MRO,2025-12-16,29,1201.15,34833.35
PO2025000317,V026,Bharat Industrial Stores,SKU0042,IT Item 042,IT,2026-08-28,139,21988.04,3056337.56
PO2025000318,V020,Trident Facility Services,SKU0067,Office Supplies Item 067,Office Supplies,2026-03-13,71,244.21,17338.91
PO2025000319,V028,Dynamo Power Systems,SKU0034,IT Item 034,IT,2026-06-16,31,11585.86,359161.66
PO2025000320,V037,Magnus Tools,SKU0044,Packaging Item 044,Packaging,2026-08-30,55,122.44,6734.2
PO2025000321,V018,Ridgeway Bearings,SKU0013,Electrical Item 013,Electrical,2026-08-11,229,1638.02,375106.58
PO2025000322,V022,Vertex Automation,SKU0002,IT Item 002,IT,2025-01-22,240,11823.8,2837712.0
PO2025000323,V001,Apex Industrial Supplies Pvt Ltd,SKU0035,Office Supplies Item 035,Office Supplies,2025-11-13,86,396.86,34129.96
PO2025000324,V016,Prime Tools & Components,SKU0036,Packaging Item 036,Packaging,2025-04-16,155,189.58,29384.9
PO2025000325,V026,Bharat Industrial Stores,SKU0027,Office Supplies Item 027,Office Supplies,2025-06-23,138,360.26,49715.88
PO2025000326,V002,BluePeak Office Systems Pvt Ltd,SKU0050,IT Item 050,IT,2026-02-18,30,19147.1,574413.0
PO2025000327,V019,Sigma Industrial Products,SKU0053,Electrical Item 053,Electrical,2025-02-19,249,665.19,165632.31
PO2025000328,V007,Gamma Safety Solutions,SKU0050,IT Item 050,IT,2025-06-09,175,20714.26,3624995.5
PO2025000329,V015,Orbit Maintenance Supplies,SKU0007,Mechanical Item 007,Mechanical,2026-03-17,50,2426.06,121303.0
PO2025000330,V004,Delta Engineering Components,SKU0033,MRO Item 033,MRO,2026-06-06,193,738.7,142569.1
PO2025000331,V020,Trident Facility Services,SKU0008,Facility Item 008,Facility,2025-08-14,103,911.5,93884.5
PO2025000332,V020,Trident Facility Services,SKU0003,Office Supplies Item 003,Office Supplies,2025-03-04,37,460.84,17051.08
PO2025000333,V037,Magnus Tools,SKU0066,IT Item 066,IT,2025-11-19,124,28168.84,3492936.16
PO2025000334,V023,Westline Consumables,SKU0066,IT Item 066,IT,2026-07-12,226,28832.41,6516124.66
PO2025000335,V029,Eagle Stationery Solutions,SKU0045,Electrical Item 045,Electrical,2025-07-30,87,1450.62,126203.94
PO2025000336,V022,Vertex Automation,SKU0051,Office Supplies Item 051,Office Supplies,2026-03-03,131,358.21,46925.51
PO2025000337,V029,Eagle Stationery Solutions,SKU0058,IT Item 058,IT,2026-05-19,191,36903.39,7048547.49
PO2025000338,V001,Apex Industrial Supplies Pvt Ltd,SKU0054,Safety Item 054,Safety,2025-04-14,212,755.43,160151.16
PO2025000339,V037,Magnus Tools,SKU0075,Office Supplies Item 075,Office Supplies,2025-05-08,100,346.54,34654.0
PO2025000340,V037,Magnus Tools,SKU0032,Facility Item 032,Facility,2025-12-11,63,789.63,49746.69
PO2025000341,V013,Metro Fasteners,SKU0050,IT Item 050,IT,2025-12-12,113,18607.33,2102628.29
PO2025000342,V032,Helios Controls,SKU0066,IT Item 066,IT,2026-02-28,187,25430.88,4755574.56
PO2025000343,V032,Helios Controls,SKU0060,Packaging Item 060,Packaging,2025-08-08,61,193.16,11782.76
PO2025000344,V003,Crown Packaging Solutions,SKU0071,Mechanical Item 071,Mechanical,2025-05-24,247,1596.15,394249.05
PO2025000345,V038,NexGen Components,SKU0070,Safety Item 070,Safety,2026-06-04,173,721.28,124781.44
PO2025000346,V021,United Process Equipment,SKU0072,Facility Item 072,Facility,2025-07-09,59,525.35,30995.65
PO2025000347,V034,Jade Logistics Supplies,SKU0012,Packaging Item 012,Packaging,2025-01-19,216,159.11,34367.76
PO2025000348,V021,United Process Equipment,SKU0041,MRO Item 041,MRO,2026-07-17,203,1146.36,232711.08
PO2025000349,V013,Metro Fasteners,SKU0011,Office Supplies Item 011,Office Supplies,2025-04-08,99,520.17,51496.83
PO2025000350,V023,Westline Consumables,SKU0022,Safety Item 022,Safety,2025-12-28,116,530.26,61510.16
PO2025000351,V034,Jade Logistics Supplies,SKU0043,Office Supplies Item 043,Office Supplies,2025-04-17,55,229.25,12608.75
PO2025000352,V020,Trident Facility Services,SKU0003,Office Supplies Item 003,Office Supplies,2026-03-18,134,403.42,54058.28
PO2025000353,V028,Dynamo Power Systems,SKU0046,Safety Item 046,Safety,2025-11-17,110,947.23,104195.3
PO2025000354,V003,Crown Packaging Solutions,SKU0041,MRO Item 041,MRO,2025-09-29,24,1284.84,30836.16
PO2025000355,V032,Helios Controls,SKU0013,Electrical Item 013,Electrical,2025-01-30,56,1441.65,80732.4
PO2025000356,V020,Trident Facility Services,SKU0010,IT Item 010,IT,2026-04-26,27,13019.33,351521.91
PO2025000357,V029,Eagle Stationery Solutions,SKU0044,Packaging Item 044,Packaging,2025-12-19,234,129.55,30314.7
PO2025000358,V030,Frontier Components,SKU0065,MRO Item 065,MRO,2026-06-01,22,1206.23,26537.06
PO2025000359,V031,Ganga Hardware Traders,SKU0001,MRO Item 001,MRO,2025-10-28,153,997.35,152594.55
PO2025000360,V014,Nova Tech Systems,SKU0064,Facility Item 064,Facility,2025-04-23,226,1101.7,248984.2
PO2025000361,V002,BluePeak Office Systems Pvt Ltd,SKU0042,IT Item 042,IT,2025-06-22,192,23251.53,4464293.76
PO2025000362,V003,Crown Packaging Solutions,SKU0078,Safety Item 078,Safety,2026-08-22,233,830.69,193550.77
PO2025000363,V030,Frontier Components,SKU0069,Electrical Item 069,Electrical,2025-10-03,138,2300.38,317452.44
PO2025000364,V026,Bharat Industrial Stores,SKU0042,IT Item 042,IT,2025-08-15,154,25249.05,3888353.7
PO2025000365,V010,Jupiter Office Products,SKU0030,Safety Item 030,Safety,2025-12-25,222,847.84,188220.48
PO2025000366,V016,Prime Tools & Components,SKU0025,MRO Item 025,MRO,2026-05-13,104,744.4,77417.6
PO2025000367,V030,Frontier Components,SKU0079,Mechanical Item 079,Mechanical,2025-09-10,172,3294.64,566678.08
PO2025000368,V005,Evergreen Facility Products,SKU0053,Electrical Item 053,Electrical,2025-12-06,76,668.88,50834.88
PO2025000369,V001,Apex Industrial Supplies Pvt Ltd,SKU0074,IT Item 074,IT,2025-03-14,221,21886.53,4836923.13
PO2025000370,V008,Horizon IT Distribution,SKU0008,Facility Item 008,Facility,2025-07-11,138,790.19,109046.22
PO2025000371,V016,Prime Tools & Components,SKU0009,MRO Item 009,MRO,2026-03-08,33,772.04,25477.32
PO2025000372,V030,Frontier Components,SKU0008,Facility Item 008,Facility,2025-08-28,244,765.46,186772.24
PO2025000373,V013,Metro Fasteners,SKU0012,Packaging Item 012,Packaging,2025-09-18,250,165.35,41337.5
PO2025000374,V016,Prime Tools & Components,SKU0046,Safety Item 046,Safety,2026-01-09,177,788.2,139511.4
PO2025000375,V010,Jupiter Office Products,SKU0021,Electrical Item 021,Electrical,2026-06-06,220,1401.14,308250.8
PO2025000376,V025,Arun Safety & PPE,SKU0005,Electrical Item 005,Electrical,2025-04-14,148,629.27,93131.96
PO2025000377,V024,Zenith Engineering Supplies,SKU0017,MRO Item 017,MRO,2026-07-12,142,1095.39,155545.38
PO2025000378,V010,Jupiter Office Products,SKU0053,Electrical Item 053,Electrical,2025-01-07,40,702.52,28100.8
PO2025000379,V017,Quantum Electricals,SKU0044,Packaging Item 044,Packaging,2026-05-02,7,145.21,1016.47
PO2025000380,V006,Falcon Electricals India Pvt Ltd,SKU0064,Facility Item 064,Facility,2025-11-12,50,1134.97,56748.5
PO2025000381,V037,Magnus Tools,SKU0053,Electrical Item 053,Electrical,2026-08-15,228,769.3,175400.4
PO2025000382,V013,Metro Fasteners,SKU0013,Electrical Item 013,Electrical,2025-12-17,249,1482.66,369182.34
PO2025000383,V038,NexGen Components,SKU0033,MRO Item 033,MRO,2026-05-15,50,709.03,35451.5
PO2025000384,V025,Arun Safety & PPE,SKU0060,Packaging Item 060,Packaging,2025-03-02,180,166.22,29919.6
PO2025000385,V009,Indus Mechanical Works,SKU0049,MRO Item 049,MRO,2026-01-04,198,1242.85,246084.3
PO2025000386,V033,Innovatech Solutions,SKU0053,Electrical Item 053,Electrical,2025-03-22,54,839.22,45317.88
PO2025000387,V012,Lotus Packaging India Pvt Ltd,SKU0060,Packaging Item 060,Packaging,2025-02-12,23,197.75,4548.25
PO2025000388,V011,Kaveri Industrial Traders,SKU0024,Facility Item 024,Facility,2025-07-13,223,941.92,210048.16
PO2025000389,V010,Jupiter Office Products,SKU0008,Facility Item 008,Facility,2025-12-22,83,771.52,64036.16
PO2025000390,V008,Horizon IT Distribution,SKU0026,IT Item 026,IT,2025-09-11,37,14905.78,551513.86
PO2025000391,V016,Prime Tools & Components,SKU0019,Office Supplies Item 019,Office Supplies,2025-04-02,247,498.65,123166.55
PO2025000392,V036,Lumina Office Technologies,SKU0031,Mechanical Item 031,Mechanical,2025-05-24,232,7248.9,1681744.8
PO2025000393,V030,Frontier Components,SKU0015,Mechanical Item 015,Mechanical,2025-10-09,80,3531.2,282496.0
PO2025000394,V004,Delta Engineering Components,SKU0003,Office Supplies Item 003,Office Supplies,2026-04-23,153,448.07,68554.71
PO2025000395,V009,Indus Mechanical Works,SKU0019,Office Supplies Item 019,Office Supplies,2025-12-31,201,446.01,89648.01
PO2025000396,V017,Quantum Electricals,SKU0012,Packaging Item 012,Packaging,2026-03-23,18,150.52,2709.36
PO2025000397,V029,Eagle Stationery Solutions,SKU0001,MRO Item 001,MRO,2026-07-08,165,1000.88,165145.2
PO2025000398,V010,Jupiter Office Products,SKU0053,Electrical Item 053,Electrical,2025-07-04,196,799.79,156758.84
PO2025000399,V032,Helios Controls,SKU0074,IT Item 074,IT,2025-08-27,219,25448.85,5573298.15
PO2025000400,V016,Prime Tools & Components,SKU0050,IT Item 050,IT,2025-06-07,41,21145.6,866969.6
PO2025000401,V031,Ganga Hardware Traders,SKU0005,Electrical Item 005,Electrical,2026-02-17,146,623.84,91080.64
PO2025000402,V013,Metro Fasteners,SKU0031,Mechanical Item 031,Mechanical,2026-03-10,150,6736.19,1010428.5
PO2025000403,V027,Crest Chemicals,SKU0080,Facility Item 080,Facility,2025-06-16,164,793.3,130101.2
PO2025000404,V008,Horizon IT Distribution,SKU0023,Mechanical Item 023,Mechanical,2025-11-27,65,4711.44,306243.6
PO2025000405,V004,Delta Engineering Components,SKU0041,MRO Item 041,MRO,2026-04-10,144,1061.29,152825.76
PO2025000406,V013,Metro Fasteners,SKU0038,Safety Item 038,Safety,2026-08-31,19,576.38,10951.22
PO2025000407,V029,Eagle Stationery Solutions,SKU0024,Facility Item 024,Facility,2025-04-23,85,907.14,77106.9
PO2025000408,V008,Horizon IT Distribution,SKU0004,Packaging Item 004,Packaging,2025-02-12,214,201.52,43125.28
PO2025000409,V005,Evergreen Facility Products,SKU0078,Safety Item 078,Safety,2026-07-30,37,880.89,32592.93
PO2025000410,V022,Vertex Automation,SKU0007,Mechanical Item 007,Mechanical,2026-05-05,152,3075.57,467486.64
PO2025000411,V029,Eagle Stationery Solutions,SKU0039,Mechanical Item 039,Mechanical,2026-02-18,86,1952.1,167880.6
PO2025000412,V021,United Process Equipment,SKU0061,Electrical Item 061,Electrical,2025-06-06,204,626.72,127850.88
PO2025000413,V030,Frontier Components,SKU0012,Packaging Item 012,Packaging,2025-03-29,145,157.83,22885.35
PO2025000414,V028,Dynamo Power Systems,SKU0061,Electrical Item 061,Electrical,2025-08-25,65,613.72,39891.8
PO2025000415,V031,Ganga Hardware Traders,SKU0066,IT Item 066,IT,2026-07-14,186,29154.49,5422735.14
PO2025000416,V040,Pioneer Electrical Traders,SKU0008,Facility Item 008,Facility,2026-01-18,89,863.79,76877.31
PO2025000417,V025,Arun Safety & PPE,SKU0002,IT Item 002,IT,2026-05-14,71,11114.74,789146.54
PO2025000418,V008,Horizon IT Distribution,SKU0012,Packaging Item 012,Packaging,2026-04-26,203,177.53,36038.59
PO2025000419,V010,Jupiter Office Products,SKU0009,MRO Item 009,MRO,2025-03-22,131,762.6,99900.6
PO2025000420,V010,Jupiter Office Products,SKU0029,Electrical Item 029,Electrical,2026-03-14,82,1912.82,156851.24
PO2025000421,V023,Westline Consumables,SKU0024,Facility Item 024,Facility,2025-07-30,72,966.88,69615.36
PO2025000422,V021,United Process Equipment,SKU0045,Electrical Item 045,Electrical,2025-09-10,69,1524.13,105164.97
PO2025000423,V011,Kaveri Industrial Traders,SKU0046,Safety Item 046,Safety,2025-04-29,12,773.76,9285.12
PO2025000424,V003,Crown Packaging Solutions,SKU0019,Office Supplies Item 019,Office Supplies,2025-11-01,49,505.19,24754.31
PO2025000425,V028,Dynamo Power Systems,SKU0057,MRO Item 057,MRO,2025-12-13,177,808.65,143131.05
PO2025000426,V027,Crest Chemicals,SKU0038,Safety Item 038,Safety,2025-01-21,10,482.39,4823.9
PO2025000427,V026,Bharat Industrial Stores,SKU0004,Packaging Item 004,Packaging,2025-02-25,35,176.75,6186.25
PO2025000428,V020,Trident Facility Services,SKU0001,MRO Item 001,MRO,2026-08-13,94,974.21,91575.74
PO2025000429,V038,NexGen Components,SKU0036,Packaging Item 036,Packaging,2025-06-06,218,209.91,45760.38
PO2025000430,V002,BluePeak Office Systems Pvt Ltd,SKU0026,IT Item 026,IT,2025-02-13,30,17444.54,523336.2
PO2025000431,V012,Lotus Packaging India Pvt Ltd,SKU0070,Safety Item 070,Safety,2025-03-04,26,683.24,17764.24
PO2025000432,V029,Eagle Stationery Solutions,SKU0045,Electrical Item 045,Electrical,2026-01-04,51,1493.88,76187.88
PO2025000433,V038,NexGen Components,SKU0056,Facility Item 056,Facility,2025-01-16,21,689.83,14486.43
PO2025000434,V036,Lumina Office Technologies,SKU0073,MRO Item 073,MRO,2025-11-14,48,605.39,29058.72
PO2025000435,V021,United Process Equipment,SKU0067,Office Supplies Item 067,Office Supplies,2026-05-01,36,291.51,10494.36
PO2025000436,V005,Evergreen Facility Products,SKU0017,MRO Item 017,MRO,2025-10-30,76,1018.01,77368.76
PO2025000437,V027,Crest Chemicals,SKU0015,Mechanical Item 015,Mechanical,2025-07-31,70,3283.04,229812.8
PO2025000438,V028,Dynamo Power Systems,SKU0032,Facility Item 032,Facility,2025-03-24,94,865.79,81384.26
PO2025000439,V007,Gamma Safety Solutions,SKU0059,Office Supplies Item 059,Office Supplies,2025-09-16,154,238.35,36705.9
PO2025000440,V012,Lotus Packaging India Pvt Ltd,SKU0039,Mechanical Item 039,Mechanical,2026-07-17,167,1666.06,278232.02
PO2025000441,V038,NexGen Components,SKU0012,Packaging Item 012,Packaging,2025-06-13,220,178.41,39250.2
PO2025000442,V035,Keystone Industrial Products,SKU0006,Safety Item 006,Safety,2026-03-22,29,454.12,13169.48
PO2025000443,V020,Trident Facility Services,SKU0073,MRO Item 073,MRO,2025-01-31,220,604.14,132910.8
PO2025000444,V027,Crest Chemicals,SKU0080,Facility Item 080,Facility,2025-03-23,136,738.15,100388.4
PO2025000445,V025,Arun Safety & PPE,SKU0058,IT Item 058,IT,2025-02-04,18,39390.84,709035.12
PO2025000446,V015,Orbit Maintenance Supplies,SKU0043,Office Supplies Item 043,Office Supplies,2026-02-18,23,258.73,5950.79
PO2025000447,V018,Ridgeway Bearings,SKU0020,Packaging Item 020,Packaging,2026-04-01,20,119.07,2381.4
PO2025000448,V013,Metro Fasteners,SKU0022,Safety Item 022,Safety,2026-04-10,48,510.81,24518.88
PO2025000449,V028,Dynamo Power Systems,SKU0061,Electrical Item 061,Electrical,2025-06-10,83,732.45,60793.35
PO2025000450,V026,Bharat Industrial Stores,SKU0063,Mechanical Item 063,Mechanical,2025-06-30,235,3067.68,720904.8
PO2025000451,V014,Nova Tech Systems,SKU0001,MRO Item 001,MRO,2025-08-24,73,1033.72,75461.56
PO2025000452,V033,Innovatech Solutions,SKU0036,Packaging Item 036,Packaging,2025-11-04,113,201.94,22819.22
PO2025000453,V018,Ridgeway Bearings,SKU0073,MRO Item 073,MRO,2025-04-16,234,570.66,133534.44
PO2025000454,V022,Vertex Automation,SKU0056,Facility Item 056,Facility,2025-05-02,188,742.8,139646.4
PO2025000455,V040,Pioneer Electrical Traders,SKU0001,MRO Item 001,MRO,2026-08-07,215,1000.66,215141.9
PO2025000456,V014,Nova Tech Systems,SKU0032,Facility Item 032,Facility,2025-09-11,214,774.89,165826.46
PO2025000457,V002,BluePeak Office Systems Pvt Ltd,SKU0046,Safety Item 046,Safety,2026-03-30,125,924.68,115585.0
PO2025000458,V005,Evergreen Facility Products,SKU0080,Facility Item 080,Facility,2025-05-30,243,909.65,221044.95
PO2025000459,V033,Innovatech Solutions,SKU0062,Safety Item 062,Safety,2025-11-19,131,730.17,95652.27
PO2025000460,V028,Dynamo Power Systems,SKU0009,MRO Item 009,MRO,2026-07-23,40,911.96,36478.4
PO2025000461,V001,Apex Industrial Supplies Pvt Ltd,SKU0014,Safety Item 014,Safety,2026-01-18,177,1387.18,245530.86
PO2025000462,V014,Nova Tech Systems,SKU0072,Facility Item 072,Facility,2026-03-23,137,623.31,85393.47
PO2025000463,V039,Omkar Facility Products,SKU0080,Facility Item 080,Facility,2025-04-09,30,896.37,26891.1
PO2025000464,V002,BluePeak Office Systems Pvt Ltd,SKU0064,Facility Item 064,Facility,2026-07-27,126,1363.17,171759.42
PO2025000465,V004,Delta Engineering Components,SKU0073,MRO Item 073,MRO,2026-06-26,47,625.83,29414.01
PO2025000466,V008,Horizon IT Distribution,SKU0061,Electrical Item 061,Electrical,2026-09-02,36,648.47,23344.92
PO2025000467,V017,Quantum Electricals,SKU0021,Electrical Item 021,Electrical,2026-03-21,187,1197.75,223979.25
PO2025000468,V016,Prime Tools & Components,SKU0074,IT Item 074,IT,2026-07-03,201,22530.02,4528534.02
PO2025000469,V003,Crown Packaging Solutions,SKU0027,Office Supplies Item 027,Office Supplies,2025-05-21,202,366.29,73990.58
PO2025000470,V013,Metro Fasteners,SKU0077,Electrical Item 077,Electrical,2025-05-26,111,1135.17,126003.87
PO2025000471,V031,Ganga Hardware Traders,SKU0001,MRO Item 001,MRO,2025-11-02,37,915.6,33877.2
PO2025000472,V021,United Process Equipment,SKU0050,IT Item 050,IT,2025-01-10,223,19540.65,4357564.95
PO2025000473,V012,Lotus Packaging India Pvt Ltd,SKU0078,Safety Item 078,Safety,2025-11-06,156,792.95,123700.2
PO2025000474,V032,Helios Controls,SKU0071,Mechanical Item 071,Mechanical,2025-05-07,169,1514.57,255962.33
PO2025000475,V005,Evergreen Facility Products,SKU0042,IT Item 042,IT,2026-01-01,194,24126.97,4680632.18
PO2025000476,V009,Indus Mechanical Works,SKU0041,MRO Item 041,MRO,2025-11-22,162,1053.71,170701.02
PO2025000477,V031,Ganga Hardware Traders,SKU0019,Office Supplies Item 019,Office Supplies,2025-08-26,69,516.11,35611.59
PO2025000478,V013,Metro Fasteners,SKU0061,Electrical Item 061,Electrical,2025-07-13,219,624.24,136708.56
PO2025000479,V003,Crown Packaging Solutions,SKU0074,IT Item 074,IT,2026-07-09,120,24134.92,2896190.4
PO2025000480,V039,Omkar Facility Products,SKU0031,Mechanical Item 031,Mechanical,2025-03-07,145,6586.74,955077.3
PO2025000481,V032,Helios Controls,SKU0071,Mechanical Item 071,Mechanical,2025-08-16,82,1489.54,122142.28
PO2025000482,V040,Pioneer Electrical Traders,SKU0035,Office Supplies Item 035,Office Supplies,2026-03-20,123,390.24,47999.52
PO2025000483,V015,Orbit Maintenance Supplies,SKU0031,Mechanical Item 031,Mechanical,2026-02-23,11,6979.89,76778.79
PO2025000484,V012,Lotus Packaging India Pvt Ltd,SKU0024,Facility Item 024,Facility,2025-12-28,13,785.11,10206.43
PO2025000485,V040,Pioneer Electrical Traders,SKU0055,Mechanical Item 055,Mechanical,2025-11-25,17,1928.84,32790.28
PO2025000486,V029,Eagle Stationery Solutions,SKU0070,Safety Item 070,Safety,2025-04-23,190,800.21,152039.9
PO2025000487,V017,Quantum Electricals,SKU0065,MRO Item 065,MRO,2026-05-10,234,1163.65,272294.1
PO2025000488,V029,Eagle Stationery Solutions,SKU0066,IT Item 066,IT,2026-04-20,201,29367.98,5902963.98
PO2025000489,V009,Indus Mechanical Works,SKU0073,MRO Item 073,MRO,2025-10-01,144,572.67,82464.48
PO2025000490,V039,Omkar Facility Products,SKU0064,Facility Item 064,Facility,2026-04-30,111,1151.05,127766.55
PO2025000491,V029,Eagle Stationery Solutions,SKU0017,MRO Item 017,MRO,2025-06-02,216,957.56,206832.96
PO2025000492,V021,United Process Equipment,SKU0013,Electrical Item 013,Electrical,2026-04-04,159,1437.74,228600.66
PO2025000493,V007,Gamma Safety Solutions,SKU0080,Facility Item 080,Facility,2025-10-18,83,744.9,61826.7
PO2025000494,V009,Indus Mechanical Works,SKU0027,Office Supplies Item 027,Office Supplies,2025-05-16,166,419.36,69613.76
PO2025000495,V015,Orbit Maintenance Supplies,SKU0040,Facility Item 040,Facility,2025-11-01,177,1144.26,202534.02
PO2025000496,V012,Lotus Packaging India Pvt Ltd,SKU0075,Office Supplies Item 075,Office Supplies,2025-09-13,58,343.21,19906.18
PO2025000497,V001,Apex Industrial Supplies Pvt Ltd,SKU0018,IT Item 018,IT,2026-02-23,82,10641.61,872612.02
PO2025000498,V020,Trident Facility Services,SKU0063,Mechanical Item 063,Mechanical,2026-01-29,105,2645.49,277776.45
PO2025000499,V011,Kaveri Industrial Traders,SKU0002,IT Item 002,IT,2025-01-31,41,12047.62,493952.42
PO2025000500,V034,Jade Logistics Supplies,SKU0012,Packaging Item 012,Packaging,2026-06-21,142,152.37,21636.54
PO2025000501,V006,Falcon Electricals India Pvt Ltd,SKU0055,Mechanical Item 055,Mechanical,2026-05-04,211,2239.6,472555.6
PO2025000502,V015,Orbit Maintenance Supplies,SKU0044,Packaging Item 044,Packaging,2025-06-24,69,127.71,8811.99
PO2025000503,V023,Westline Consumables,SKU0038,Safety Item 038,Safety,2025-06-24,74,526.73,38978.02
PO2025000504,V015,Orbit Maintenance Supplies,SKU0055,Mechanical Item 055,Mechanical,2026-06-10,162,2181.08,353334.96
PO2025000505,V026,Bharat Industrial Stores,SKU0057,MRO Item 057,MRO,2025-11-11,60,711.95,42717.0
PO2025000506,V018,Ridgeway Bearings,SKU0049,MRO Item 049,MRO,2025-06-10,56,1237.98,69326.88
PO2025000507,V033,Innovatech Solutions,SKU0003,Office Supplies Item 003,Office Supplies,2026-06-26,170,431.73,73394.1
PO2025000508,V027,Crest Chemicals,SKU0038,Safety Item 038,Safety,2025-03-27,94,496.43,46664.42
PO2025000509,V005,Evergreen Facility Products,SKU0052,Packaging Item 052,Packaging,2025-09-09,53,176.75,9367.75
PO2025000510,V029,Eagle Stationery Solutions,SKU0038,Safety Item 038,Safety,2026-03-11,220,595.29,130963.8
PO2025000511,V004,Delta Engineering Components,SKU0068,Packaging Item 068,Packaging,2026-05-22,233,91.72,21370.76
PO2025000512,V034,Jade Logistics Supplies,SKU0074,IT Item 074,IT,2026-08-03,156,22089.19,3445913.64
PO2025000513,V033,Innovatech Solutions,SKU0061,Electrical Item 061,Electrical,2026-03-06,60,659.46,39567.6
PO2025000514,V036,Lumina Office Technologies,SKU0056,Facility Item 056,Facility,2026-05-16,41,708.27,29039.07
PO2025000515,V013,Metro Fasteners,SKU0074,IT Item 074,IT,2025-11-29,98,22752.45,2229740.1
PO2025000516,V014,Nova Tech Systems,SKU0006,Safety Item 006,Safety,2025-05-07,80,437.93,35034.4
PO2025000517,V022,Vertex Automation,SKU0019,Office Supplies Item 019,Office Supplies,2025-11-08,177,474.82,84043.14
PO2025000518,V026,Bharat Industrial Stores,SKU0064,Facility Item 064,Facility,2025-02-26,91,1143.47,104055.77
PO2025000519,V008,Horizon IT Distribution,SKU0026,IT Item 026,IT,2025-05-08,187,17212.78,3218789.86
PO2025000520,V039,Omkar Facility Products,SKU0061,Electrical Item 061,Electrical,2026-03-13,29,695.19,20160.51
PO2025000521,V005,Evergreen Facility Products,SKU0028,Packaging Item 028,Packaging,2025-07-12,133,148.06,19691.98
PO2025000522,V004,Delta Engineering Components,SKU0054,Safety Item 054,Safety,2025-04-07,48,617.67,29648.16
PO2025000523,V026,Bharat Industrial Stores,SKU0017,MRO Item 017,MRO,2026-07-09,15,916.58,13748.7
PO2025000524,V003,Crown Packaging Solutions,SKU0047,Mechanical Item 047,Mechanical,2025-05-09,60,3730.24,223814.4
PO2025000525,V019,Sigma Industrial Products,SKU0080,Facility Item 080,Facility,2026-06-22,245,811.29,198766.05
PO2025000526,V034,Jade Logistics Supplies,SKU0037,Electrical Item 037,Electrical,2026-03-15,86,1271.84,109378.24
PO2025000527,V013,Metro Fasteners,SKU0044,Packaging Item 044,Packaging,2025-12-12,47,133.06,6253.82
PO2025000528,V040,Pioneer Electrical Traders,SKU0014,Safety Item 014,Safety,2025-04-26,233,1153.29,268716.57
PO2025000529,V039,Omkar Facility Products,SKU0008,Facility Item 008,Facility,2025-07-17,181,768.95,139179.95
PO2025000530,V011,Kaveri Industrial Traders,SKU0076,Packaging Item 076,Packaging,2025-09-23,164,170.13,27901.32
PO2025000531,V031,Ganga Hardware Traders,SKU0052,Packaging Item 052,Packaging,2025-05-09,137,145.03,19869.11
PO2025000532,V002,BluePeak Office Systems Pvt Ltd,SKU0066,IT Item 066,IT,2026-07-01,112,28045.78,3141127.36
PO2025000533,V027,Crest Chemicals,SKU0020,Packaging Item 020,Packaging,2025-07-28,68,113.58,7723.44
PO2025000534,V020,Trident Facility Services,SKU0036,Packaging Item 036,Packaging,2026-02-04,208,216.18,44965.44
PO2025000535,V020,Trident Facility Services,SKU0078,Safety Item 078,Safety,2026-03-28,177,769.64,136226.28
PO2025000536,V030,Frontier Components,SKU0056,Facility Item 056,Facility,2026-05-14,228,658.07,150039.96
PO2025000537,V004,Delta Engineering Components,SKU0003,Office Supplies Item 003,Office Supplies,2026-05-12,103,464.61,47854.83
PO2025000538,V014,Nova Tech Systems,SKU0022,Safety Item 022,Safety,2025-06-29,183,547.91,100267.53
PO2025000539,V007,Gamma Safety Solutions,SKU0006,Safety Item 006,Safety,2026-02-14,46,392.54,18056.84
PO2025000540,V009,Indus Mechanical Works,SKU0026,IT Item 026,IT,2025-05-11,149,16250.48,2421321.52
PO2025000541,V018,Ridgeway Bearings,SKU0045,Electrical Item 045,Electrical,2025-10-15,78,1677.59,130852.02
PO2025000542,V020,Trident Facility Services,SKU0042,IT Item 042,IT,2025-07-11,82,25480.36,2089389.52
PO2025000543,V035,Keystone Industrial Products,SKU0048,Facility Item 048,Facility,2025-08-05,217,1004.67,218013.39
PO2025000544,V017,Quantum Electricals,SKU0031,Mechanical Item 031,Mechanical,2025-09-15,250,6247.52,1561880.0
PO2025000545,V026,Bharat Industrial Stores,SKU0059,Office Supplies Item 059,Office Supplies,2026-04-22,158,212.97,33649.26
PO2025000546,V004,Delta Engineering Components,SKU0069,Electrical Item 069,Electrical,2026-04-08,178,2284.66,406669.48
PO2025000547,V021,United Process Equipment,SKU0038,Safety Item 038,Safety,2025-09-17,65,474.31,30830.15
PO2025000548,V020,Trident Facility Services,SKU0044,Packaging Item 044,Packaging,2025-07-21,111,132.38,14694.18
PO2025000549,V019,Sigma Industrial Products,SKU0019,Office Supplies Item 019,Office Supplies,2025-05-07,167,450.09,75165.03
PO2025000550,V010,Jupiter Office Products,SKU0032,Facility Item 032,Facility,2025-11-24,161,878.95,141510.95
PO2025000551,V011,Kaveri Industrial Traders,SKU0024,Facility Item 024,Facility,2026-03-12,198,898.0,177804.0
PO2025000552,V008,Horizon IT Distribution,SKU0059,Office Supplies Item 059,Office Supplies,2026-04-16,33,227.11,7494.63
PO2025000553,V006,Falcon Electricals India Pvt Ltd,SKU0014,Safety Item 014,Safety,2025-02-12,237,1165.04,276114.48
PO2025000554,V034,Jade Logistics Supplies,SKU0080,Facility Item 080,Facility,2025-11-13,233,902.85,210364.05
PO2025000555,V009,Indus Mechanical Works,SKU0068,Packaging Item 068,Packaging,2025-03-06,25,103.22,2580.5
PO2025000556,V003,Crown Packaging Solutions,SKU0060,Packaging Item 060,Packaging,2025-05-04,191,179.15,34217.65
PO2025000557,V023,Westline Consumables,SKU0007,Mechanical Item 007,Mechanical,2026-02-19,86,3068.5,263891.0
PO2025000558,V001,Apex Industrial Supplies Pvt Ltd,SKU0040,Facility Item 040,Facility,2025-04-04,207,1387.01,287111.07
PO2025000559,V023,Westline Consumables,SKU0060,Packaging Item 060,Packaging,2026-08-19,173,195.87,33885.51
PO2025000560,V007,Gamma Safety Solutions,SKU0065,MRO Item 065,MRO,2026-06-14,116,1214.25,140853.0
PO2025000561,V021,United Process Equipment,SKU0034,IT Item 034,IT,2025-06-10,115,11351.99,1305478.85
PO2025000562,V007,Gamma Safety Solutions,SKU0015,Mechanical Item 015,Mechanical,2025-10-07,134,3475.38,465700.92
PO2025000563,V038,NexGen Components,SKU0023,Mechanical Item 023,Mechanical,2025-12-20,240,4926.47,1182352.8
PO2025000564,V013,Metro Fasteners,SKU0034,IT Item 034,IT,2025-10-31,205,13729.53,2814553.65
PO2025000565,V029,Eagle Stationery Solutions,SKU0069,Electrical Item 069,Electrical,2025-02-26,54,1898.81,102535.74
PO2025000566,V039,Omkar Facility Products,SKU0001,MRO Item 001,MRO,2026-08-19,90,1001.95,90175.5
PO2025000567,V040,Pioneer Electrical Traders,SKU0018,IT Item 018,IT,2025-12-20,249,12318.5,3067306.5
PO2025000568,V021,United Process Equipment,SKU0065,MRO Item 065,MRO,2025-09-08,102,1155.12,117822.24
PO2025000569,V011,Kaveri Industrial Traders,SKU0058,IT Item 058,IT,2025-04-25,250,34949.51,8737377.5
PO2025000570,V031,Ganga Hardware Traders,SKU0076,Packaging Item 076,Packaging,2025-01-09,158,164.53,25995.74
PO2025000571,V018,Ridgeway Bearings,SKU0075,Office Supplies Item 075,Office Supplies,2026-05-12,198,370.14,73287.72
PO2025000572,V028,Dynamo Power Systems,SKU0005,Electrical Item 005,Electrical,2026-05-14,52,610.03,31721.56
PO2025000573,V038,NexGen Components,SKU0009,MRO Item 009,MRO,2026-01-30,235,756.06,177674.1
PO2025000574,V032,Helios Controls,SKU0041,MRO Item 041,MRO,2025-12-22,204,1081.42,220609.68
PO2025000575,V014,Nova Tech Systems,SKU0076,Packaging Item 076,Packaging,2026-08-29,192,178.55,34281.6
PO2025000576,V027,Crest Chemicals,SKU0047,Mechanical Item 047,Mechanical,2025-02-01,124,4025.31,499138.44
PO2025000577,V030,Frontier Components,SKU0061,Electrical Item 061,Electrical,2025-11-27,233,758.1,176637.3
PO2025000578,V020,Trident Facility Services,SKU0036,Packaging Item 036,Packaging,2025-03-31,180,189.1,34038.0
PO2025000579,V007,Gamma Safety Solutions,SKU0017,MRO Item 017,MRO,2025-04-14,108,930.03,100443.24
PO2025000580,V013,Metro Fasteners,SKU0018,IT Item 018,IT,2025-10-15,28,13214.04,369993.12
PO2025000581,V029,Eagle Stationery Solutions,SKU0044,Packaging Item 044,Packaging,2025-05-03,32,133.82,4282.24
PO2025000582,V018,Ridgeway Bearings,SKU0036,Packaging Item 036,Packaging,2026-04-07,85,212.76,18084.6
PO2025000583,V011,Kaveri Industrial Traders,SKU0073,MRO Item 073,MRO,2025-12-30,139,545.21,75784.19
PO2025000584,V003,Crown Packaging Solutions,SKU0019,Office Supplies Item 019,Office Supplies,2025-04-02,158,506.54,80033.32
PO2025000585,V001,Apex Industrial Supplies Pvt Ltd,SKU0024,Facility Item 024,Facility,2025-07-06,162,910.34,147475.08
PO2025000586,V016,Prime Tools & Components,SKU0046,Safety Item 046,Safety,2025-03-26,37,763.54,28250.98
PO2025000587,V034,Jade Logistics Supplies,SKU0060,Packaging Item 060,Packaging,2025-12-18,3,200.17,600.51
PO2025000588,V013,Metro Fasteners,SKU0013,Electrical Item 013,Electrical,2026-06-20,170,1353.79,230144.3
PO2025000589,V020,Trident Facility Services,SKU0059,Office Supplies Item 059,Office Supplies,2025-01-13,34,241.38,8206.92
PO2025000590,V022,Vertex Automation,SKU0055,Mechanical Item 055,Mechanical,2025-04-01,169,1874.22,316743.18
PO2025000591,V014,Nova Tech Systems,SKU0054,Safety Item 054,Safety,2025-04-17,217,621.27,134815.59
PO2025000592,V036,Lumina Office Technologies,SKU0019,Office Supplies Item 019,Office Supplies,2025-02-27,227,449.9,102127.3
PO2025000593,V015,Orbit Maintenance Supplies,SKU0043,Office Supplies Item 043,Office Supplies,2026-07-03,61,255.89,15609.29
PO2025000594,V032,Helios Controls,SKU0032,Facility Item 032,Facility,2026-06-12,155,843.6,130758.0
PO2025000595,V022,Vertex Automation,SKU0070,Safety Item 070,Safety,2026-06-03,54,648.2,35002.8
PO2025000596,V020,Trident Facility Services,SKU0018,IT Item 018,IT,2026-06-07,24,10628.81,255091.44
PO2025000597,V019,Sigma Industrial Products,SKU0037,Electrical Item 037,Electrical,2025-08-31,199,1274.28,253581.72
PO2025000598,V024,Zenith Engineering Supplies,SKU0069,Electrical Item 069,Electrical,2026-06-20,244,1935.77,472327.88
PO2025000599,V012,Lotus Packaging India Pvt Ltd,SKU0079,Mechanical Item 079,Mechanical,2025-05-30,184,3374.08,620830.72
PO2025000600,V030,Frontier Components,SKU0004,Packaging Item 004,Packaging,2026-03-18,242,171.55,41515.1
PO2025000601,V013,Metro Fasteners,SKU0069,Electrical Item 069,Electrical,2025-10-21,126,1923.38,242345.88
PO2025000602,V006,Falcon Electricals India Pvt Ltd,SKU0074,IT Item 074,IT,2025-01-30,48,25857.57,1241163.36
PO2025000603,V011,Kaveri Industrial Traders,SKU0017,MRO Item 017,MRO,2025-06-03,33,951.34,31394.22
PO2025000604,V001,Apex Industrial Supplies Pvt Ltd,SKU0028,Packaging Item 028,Packaging,2025-06-02,40,150.61,6024.4
PO2025000605,V029,Eagle Stationery Solutions,SKU0080,Facility Item 080,Facility,2025-05-29,4,888.74,3554.96
PO2025000606,V031,Ganga Hardware Traders,SKU0074,IT Item 074,IT,2025-12-18,126,25228.31,3178767.06
PO2025000607,V034,Jade Logistics Supplies,SKU0025,MRO Item 025,MRO,2026-05-17,230,699.18,160811.4
PO2025000608,V032,Helios Controls,SKU0060,Packaging Item 060,Packaging,2026-08-22,169,197.51,33379.19
PO2025000609,V026,Bharat Industrial Stores,SKU0069,Electrical Item 069,Electrical,2025-05-24,219,2250.92,492951.48
PO2025000610,V040,Pioneer Electrical Traders,SKU0018,IT Item 018,IT,2025-04-21,230,11720.45,2695703.5
PO2025000611,V040,Pioneer Electrical Traders,SKU0030,Safety Item 030,Safety,2026-03-03,187,1028.03,192241.61
PO2025000612,V039,Omkar Facility Products,SKU0035,Office Supplies Item 035,Office Supplies,2025-07-05,20,418.87,8377.4
PO2025000613,V006,Falcon Electricals India Pvt Ltd,SKU0045,Electrical Item 045,Electrical,2025-09-30,162,1423.77,230650.74
PO2025000614,V005,Evergreen Facility Products,SKU0023,Mechanical Item 023,Mechanical,2026-06-03,218,4177.34,910660.12
PO2025000615,V018,Ridgeway Bearings,SKU0043,Office Supplies Item 043,Office Supplies,2025-06-15,177,211.75,37479.75
PO2025000616,V008,Horizon IT Distribution,SKU0044,Packaging Item 044,Packaging,2025-05-03,32,132.37,4235.84
PO2025000617,V040,Pioneer Electrical Traders,SKU0016,Facility Item 016,Facility,2025-05-12,188,639.72,120267.36
PO2025000618,V005,Evergreen Facility Products,SKU0064,Facility Item 064,Facility,2026-06-15,103,1120.23,115383.69
PO2025000619,V028,Dynamo Power Systems,SKU0033,MRO Item 033,MRO,2025-10-05,42,687.85,28889.7
PO2025000620,V014,Nova Tech Systems,SKU0056,Facility Item 056,Facility,2025-06-16,172,679.53,116879.16
PO2025000621,V002,BluePeak Office Systems Pvt Ltd,SKU0009,MRO Item 009,MRO,2025-09-07,34,758.07,25774.38
PO2025000622,V031,Ganga Hardware Traders,SKU0080,Facility Item 080,Facility,2025-07-21,88,784.0,68992.0
PO2025000623,V030,Frontier Components,SKU0020,Packaging Item 020,Packaging,2025-09-17,183,127.31,23297.73
PO2025000624,V010,Jupiter Office Products,SKU0042,IT Item 042,IT,2026-06-27,195,26329.43,5134238.85
PO2025000625,V012,Lotus Packaging India Pvt Ltd,SKU0066,IT Item 066,IT,2025-02-22,126,24326.73,3065167.98
PO2025000626,V010,Jupiter Office Products,SKU0035,Office Supplies Item 035,Office Supplies,2026-07-04,111,391.18,43420.98
PO2025000627,V017,Quantum Electricals,SKU0036,Packaging Item 036,Packaging,2025-04-24,137,188.3,25797.1
PO2025000628,V011,Kaveri Industrial Traders,SKU0021,Electrical Item 021,Electrical,2025-02-06,152,1305.45,198428.4
PO2025000629,V036,Lumina Office Technologies,SKU0073,MRO Item 073,MRO,2025-08-20,187,586.51,109677.37
PO2025000630,V001,Apex Industrial Supplies Pvt Ltd,SKU0019,Office Supplies Item 019,Office Supplies,2025-10-05,196,450.74,88345.04
PO2025000631,V016,Prime Tools & Components,SKU0070,Safety Item 070,Safety,2026-07-15,29,663.56,19243.24
PO2025000632,V009,Indus Mechanical Works,SKU0044,Packaging Item 044,Packaging,2025-10-17,105,148.86,15630.3
PO2025000633,V020,Trident Facility Services,SKU0074,IT Item 074,IT,2026-05-21,128,22796.35,2917932.8
PO2025000634,V022,Vertex Automation,SKU0057,MRO Item 057,MRO,2025-01-28,162,732.51,118666.62
PO2025000635,V018,Ridgeway Bearings,SKU0038,Safety Item 038,Safety,2025-02-19,189,554.38,104777.82
PO2025000636,V037,Magnus Tools,SKU0074,IT Item 074,IT,2025-05-15,147,25731.45,3782523.15
PO2025000637,V019,Sigma Industrial Products,SKU0040,Facility Item 040,Facility,2026-05-13,6,1204.14,7224.84
PO2025000638,V028,Dynamo Power Systems,SKU0068,Packaging Item 068,Packaging,2025-12-07,190,95.98,18236.2
PO2025000639,V039,Omkar Facility Products,SKU0059,Office Supplies Item 059,Office Supplies,2025-02-18,103,221.67,22832.01
PO2025000640,V035,Keystone Industrial Products,SKU0041,MRO Item 041,MRO,2025-08-25,236,1167.1,275435.6
PO2025000641,V037,Magnus Tools,SKU0045,Electrical Item 045,Electrical,2025-08-07,179,1445.52,258748.08
PO2025000642,V034,Jade Logistics Supplies,SKU0015,Mechanical Item 015,Mechanical,2026-08-17,105,3429.66,360114.3
PO2025000643,V008,Horizon IT Distribution,SKU0027,Office Supplies Item 027,Office Supplies,2026-02-17,207,365.01,75557.07
PO2025000644,V018,Ridgeway Bearings,SKU0034,IT Item 034,IT,2026-01-30,70,12608.92,882624.4
PO2025000645,V018,Ridgeway Bearings,SKU0011,Office Supplies Item 011,Office Supplies,2026-04-02,195,441.32,86057.4
PO2025000646,V038,NexGen Components,SKU0042,IT Item 042,IT,2025-10-10,173,20919.48,3619070.04
PO2025000647,V036,Lumina Office Technologies,SKU0075,Office Supplies Item 075,Office Supplies,2026-04-18,216,309.68,66890.88
PO2025000648,V018,Ridgeway Bearings,SKU0028,Packaging Item 028,Packaging,2025-09-22,133,148.1,19697.3
PO2025000649,V023,Westline Consumables,SKU0046,Safety Item 046,Safety,2026-02-20,82,832.46,68261.72
PO2025000650,V025,Arun Safety & PPE,SKU0057,MRO Item 057,MRO,2026-06-09,33,680.55,22458.15
PO2025000651,V040,Pioneer Electrical Traders,SKU0080,Facility Item 080,Facility,2025-06-21,119,780.67,92899.73
PO2025000652,V009,Indus Mechanical Works,SKU0050,IT Item 050,IT,2026-06-27,179,19065.88,3412792.52
PO2025000653,V036,Lumina Office Technologies,SKU0080,Facility Item 080,Facility,2025-12-16,86,751.5,64629.0
PO2025000654,V005,Evergreen Facility Products,SKU0004,Packaging Item 004,Packaging,2025-08-25,228,175.49,40011.72
PO2025000655,V037,Magnus Tools,SKU0080,Facility Item 080,Facility,2025-08-26,165,782.07,129041.55
PO2025000656,V009,Indus Mechanical Works,SKU0026,IT Item 026,IT,2026-03-14,92,16765.53,1542428.76
PO2025000657,V011,Kaveri Industrial Traders,SKU0052,Packaging Item 052,Packaging,2025-04-04,196,168.0,32928.0
PO2025000658,V035,Keystone Industrial Products,SKU0051,Office Supplies Item 051,Office Supplies,2026-08-24,234,390.76,91437.84
PO2025000659,V027,Crest Chemicals,SKU0047,Mechanical Item 047,Mechanical,2025-05-19,72,3606.32,259655.04
PO2025000660,V021,United Process Equipment,SKU0020,Packaging Item 020,Packaging,2025-02-18,91,123.37,11226.67
PO2025000661,V009,Indus Mechanical Works,SKU0019,Office Supplies Item 019,Office Supplies,2025-07-29,4,460.38,1841.52
PO2025000662,V033,Innovatech Solutions,SKU0006,Safety Item 006,Safety,2025-04-13,80,472.96,37836.8
PO2025000663,V031,Ganga Hardware Traders,SKU0065,MRO Item 065,MRO,2025-07-04,229,1286.0,294494.0
PO2025000664,V008,Horizon IT Distribution,SKU0027,Office Supplies Item 027,Office Supplies,2026-01-03,159,376.32,59834.88
PO2025000665,V020,Trident Facility Services,SKU0029,Electrical Item 029,Electrical,2026-02-08,150,1630.1,244515.0
PO2025000666,V014,Nova Tech Systems,SKU0018,IT Item 018,IT,2025-11-14,167,12786.02,2135265.34
PO2025000667,V028,Dynamo Power Systems,SKU0053,Electrical Item 053,Electrical,2026-05-28,176,735.1,129377.6
PO2025000668,V031,Ganga Hardware Traders,SKU0016,Facility Item 016,Facility,2025-02-09,74,646.35,47829.9
PO2025000669,V015,Orbit Maintenance Supplies,SKU0068,Packaging Item 068,Packaging,2025-11-23,220,100.49,22107.8
PO2025000670,V030,Frontier Components,SKU0048,Facility Item 048,Facility,2025-11-12,8,926.37,7410.96
PO2025000671,V015,Orbit Maintenance Supplies,SKU0072,Facility Item 072,Facility,2026-04-13,49,623.13,30533.37
PO2025000672,V023,Westline Consumables,SKU0032,Facility Item 032,Facility,2025-09-14,63,885.96,55815.48
PO2025000673,V033,Innovatech Solutions,SKU0019,Office Supplies Item 019,Office Supplies,2026-06-29,107,481.83,51555.81
PO2025000674,V029,Eagle Stationery Solutions,SKU0044,Packaging Item 044,Packaging,2026-08-21,152,119.0,18088.0
PO2025000675,V037,Magnus Tools,SKU0023,Mechanical Item 023,Mechanical,2025-11-09,246,4352.95,1070825.7
PO2025000676,V012,Lotus Packaging India Pvt Ltd,SKU0019,Office Supplies Item 019,Office Supplies,2025-10-04,236,530.38,125169.68
PO2025000677,V006,Falcon Electricals India Pvt Ltd,SKU0074,IT Item 074,IT,2026-03-14,211,23590.15,4977521.65
PO2025000678,V038,NexGen Components,SKU0042,IT Item 042,IT,2026-04-24,247,26101.83,6447152.01
PO2025000679,V031,Ganga Hardware Traders,SKU0037,Electrical Item 037,Electrical,2025-08-11,31,1395.91,43273.21
PO2025000680,V034,Jade Logistics Supplies,SKU0019,Office Supplies Item 019,Office Supplies,2025-12-10,205,420.73,86249.65
PO2025000681,V033,Innovatech Solutions,SKU0024,Facility Item 024,Facility,2025-12-18,128,957.79,122597.12
PO2025000682,V004,Delta Engineering Components,SKU0010,IT Item 010,IT,2025-01-16,232,12909.47,2994997.04
PO2025000683,V023,Westline Consumables,SKU0025,MRO Item 025,MRO,2025-03-06,109,710.12,77403.08
PO2025000684,V032,Helios Controls,SKU0074,IT Item 074,IT,2025-11-06,245,22025.79,5396318.55
PO2025000685,V039,Omkar Facility Products,SKU0041,MRO Item 041,MRO,2025-11-17,15,1056.47,15847.05
PO2025000686,V023,Westline Consumables,SKU0026,IT Item 026,IT,2026-03-31,233,15149.23,3529770.59
PO2025000687,V003,Crown Packaging Solutions,SKU0053,Electrical Item 053,Electrical,2025-03-30,23,747.94,17202.62
PO2025000688,V022,Vertex Automation,SKU0048,Facility Item 048,Facility,2025-07-08,115,1000.58,115066.7
PO2025000689,V017,Quantum Electricals,SKU0025,MRO Item 025,MRO,2026-03-24,126,742.42,93544.92
PO2025000690,V029,Eagle Stationery Solutions,SKU0057,MRO Item 057,MRO,2026-05-26,236,692.32,163387.52
PO2025000691,V001,Apex Industrial Supplies Pvt Ltd,SKU0078,Safety Item 078,Safety,2025-11-19,113,814.54,92043.02
PO2025000692,V003,Crown Packaging Solutions,SKU0027,Office Supplies Item 027,Office Supplies,2025-01-14,183,445.15,81462.45
PO2025000693,V007,Gamma Safety Solutions,SKU0054,Safety Item 054,Safety,2025-03-14,221,752.37,166273.77
PO2025000694,V040,Pioneer Electrical Traders,SKU0021,Electrical Item 021,Electrical,2026-02-27,44,1228.66,54061.04
PO2025000695,V007,Gamma Safety Solutions,SKU0006,Safety Item 006,Safety,2026-03-30,20,429.03,8580.6
PO2025000696,V024,Zenith Engineering Supplies,SKU0036,Packaging Item 036,Packaging,2025-05-29,95,177.32,16845.4
PO2025000697,V035,Keystone Industrial Products,SKU0008,Facility Item 008,Facility,2025-09-23,27,820.14,22143.78
PO2025000698,V004,Delta Engineering Components,SKU0019,Office Supplies Item 019,Office Supplies,2026-08-18,201,522.52,105026.52
PO2025000699,V030,Frontier Components,SKU0015,Mechanical Item 015,Mechanical,2025-08-30,28,3160.73,88500.44
PO2025000700,V037,Magnus Tools,SKU0021,Electrical Item 021,Electrical,2026-08-25,116,1383.27,160459.32
PO2025000701,V004,Delta Engineering Components,SKU0039,Mechanical Item 039,Mechanical,2026-02-04,17,1689.93,28728.81
PO2025000702,V034,Jade Logistics Supplies,SKU0035,Office Supplies Item 035,Office Supplies,2025-11-14,50,437.49,21874.5
PO2025000703,V011,Kaveri Industrial Traders,SKU0004,Packaging Item 004,Packaging,2026-03-23,83,199.49,16557.67
PO2025000704,V035,Keystone Industrial Products,SKU0069,Electrical Item 069,Electrical,2025-09-09,97,2264.57,219663.29
PO2025000705,V031,Ganga Hardware Traders,SKU0077,Electrical Item 077,Electrical,2025-07-19,77,1335.97,102869.69
PO2025000706,V025,Arun Safety & PPE,SKU0045,Electrical Item 045,Electrical,2026-06-07,78,1567.95,122300.1
PO2025000707,V038,NexGen Components,SKU0061,Electrical Item 061,Electrical,2026-08-27,147,760.15,111742.05
PO2025000708,V003,Crown Packaging Solutions,SKU0050,IT Item 050,IT,2026-04-05,182,18318.06,3333886.92
PO2025000709,V026,Bharat Industrial Stores,SKU0047,Mechanical Item 047,Mechanical,2025-06-29,241,3646.83,878886.03
PO2025000710,V014,Nova Tech Systems,SKU0056,Facility Item 056,Facility,2025-07-30,35,633.96,22188.6
PO2025000711,V004,Delta Engineering Components,SKU0069,Electrical Item 069,Electrical,2026-06-11,89,1951.65,173696.85
PO2025000712,V037,Magnus Tools,SKU0012,Packaging Item 012,Packaging,2025-07-29,147,180.2,26489.4
PO2025000713,V015,Orbit Maintenance Supplies,SKU0027,Office Supplies Item 027,Office Supplies,2026-02-28,181,438.76,79415.56
PO2025000714,V002,BluePeak Office Systems Pvt Ltd,SKU0057,MRO Item 057,MRO,2025-12-22,213,673.4,143434.2
PO2025000715,V027,Crest Chemicals,SKU0039,Mechanical Item 039,Mechanical,2026-07-12,105,1862.01,195511.05
PO2025000716,V038,NexGen Components,SKU0027,Office Supplies Item 027,Office Supplies,2025-09-12,164,437.75,71791.0
PO2025000717,V006,Falcon Electricals India Pvt Ltd,SKU0039,Mechanical Item 039,Mechanical,2026-06-24,108,1763.01,190405.08
PO2025000718,V006,Falcon Electricals India Pvt Ltd,SKU0066,IT Item 066,IT,2025-01-19,149,27390.42,4081172.58
PO2025000719,V029,Eagle Stationery Solutions,SKU0047,Mechanical Item 047,Mechanical,2026-05-21,52,4030.07,209563.64
PO2025000720,V008,Horizon IT Distribution,SKU0016,Facility Item 016,Facility,2025-09-03,115,711.97,81876.55
PO2025000721,V016,Prime Tools & Components,SKU0001,MRO Item 001,MRO,2025-10-10,31,954.25,29581.75
PO2025000722,V028,Dynamo Power Systems,SKU0021,Electrical Item 021,Electrical,2025-05-03,157,1221.07,191707.99
PO2025000723,V031,Ganga Hardware Traders,SKU0019,Office Supplies Item 019,Office Supplies,2025-11-03,205,448.65,91973.25
PO2025000724,V012,Lotus Packaging India Pvt Ltd,SKU0038,Safety Item 038,Safety,2025-07-23,9,593.43,5340.87
PO2025000725,V031,Ganga Hardware Traders,SKU0063,Mechanical Item 063,Mechanical,2025-01-18,3,3087.94,9263.82
PO2025000726,V006,Falcon Electricals India Pvt Ltd,SKU0049,MRO Item 049,MRO,2025-01-15,90,1137.91,102411.9
PO2025000727,V034,Jade Logistics Supplies,SKU0039,Mechanical Item 039,Mechanical,2025-05-05,13,1645.77,21395.01
PO2025000728,V033,Innovatech Solutions,SKU0023,Mechanical Item 023,Mechanical,2026-08-09,120,4860.45,583254.0
PO2025000729,V018,Ridgeway Bearings,SKU0042,IT Item 042,IT,2026-04-01,224,26069.49,5839565.76
PO2025000730,V026,Bharat Industrial Stores,SKU0011,Office Supplies Item 011,Office Supplies,2025-02-08,161,430.94,69381.34
PO2025000731,V003,Crown Packaging Solutions,SKU0012,Packaging Item 012,Packaging,2026-05-01,117,171.04,20011.68
PO2025000732,V003,Crown Packaging Solutions,SKU0063,Mechanical Item 063,Mechanical,2025-05-07,229,2548.0,583492.0
PO2025000733,V023,Westline Consumables,SKU0061,Electrical Item 061,Electrical,2025-01-16,24,655.54,15732.96
PO2025000734,V037,Magnus Tools,SKU0066,IT Item 066,IT,2025-03-29,157,27997.46,4395601.22
PO2025000735,V010,Jupiter Office Products,SKU0037,Electrical Item 037,Electrical,2026-06-09,90,1531.03,137792.7
PO2025000736,V011,Kaveri Industrial Traders,SKU0051,Office Supplies Item 051,Office Supplies,2025-11-06,154,375.49,57825.46
PO2025000737,V017,Quantum Electricals,SKU0013,Electrical Item 013,Electrical,2025-12-27,115,1507.06,173311.9
PO2025000738,V005,Evergreen Facility Products,SKU0050,IT Item 050,IT,2025-04-18,122,17449.04,2128782.88
PO2025000739,V010,Jupiter Office Products,SKU0037,Electrical Item 037,Electrical,2026-02-15,15,1514.8,22722.0
PO2025000740,V039,Omkar Facility Products,SKU0059,Office Supplies Item 059,Office Supplies,2025-07-29,120,217.72,26126.4
PO2025000741,V031,Ganga Hardware Traders,SKU0018,IT Item 018,IT,2026-01-06,121,10577.47,1279873.87
PO2025000742,V002,BluePeak Office Systems Pvt Ltd,SKU0045,Electrical Item 045,Electrical,2025-12-19,74,1701.13,125883.62
PO2025000743,V039,Omkar Facility Products,SKU0006,Safety Item 006,Safety,2025-07-21,89,400.37,35632.93
PO2025000744,V014,Nova Tech Systems,SKU0054,Safety Item 054,Safety,2025-06-28,39,745.11,29059.29
PO2025000745,V031,Ganga Hardware Traders,SKU0020,Packaging Item 020,Packaging,2026-01-12,166,107.65,17869.9
PO2025000746,V014,Nova Tech Systems,SKU0070,Safety Item 070,Safety,2026-06-02,83,651.79,54098.57
PO2025000747,V031,Ganga Hardware Traders,SKU0044,Packaging Item 044,Packaging,2025-08-23,150,140.15,21022.5
PO2025000748,V023,Westline Consumables,SKU0046,Safety Item 046,Safety,2025-10-26,236,845.53,199545.08
PO2025000749,V023,Westline Consumables,SKU0055,Mechanical Item 055,Mechanical,2026-07-13,10,2141.61,21416.1
PO2025000750,V003,Crown Packaging Solutions,SKU0037,Electrical Item 037,Electrical,2026-07-10,134,1396.22,187093.48
PO2025000751,V018,Ridgeway Bearings,SKU0049,MRO Item 049,MRO,2025-01-29,114,1094.71,124796.94
PO2025000752,V010,Jupiter Office Products,SKU0007,Mechanical Item 007,Mechanical,2026-05-25,243,2468.92,599947.56
PO2025000753,V026,Bharat Industrial Stores,SKU0075,Office Supplies Item 075,Office Supplies,2025-01-07,220,360.41,79290.2
PO2025000754,V013,Metro Fasteners,SKU0059,Office Supplies Item 059,Office Supplies,2025-04-20,244,194.43,47440.92
PO2025000755,V011,Kaveri Industrial Traders,SKU0040,Facility Item 040,Facility,2025-01-30,47,1239.95,58277.65
PO2025000756,V025,Arun Safety & PPE,SKU0062,Safety Item 062,Safety,2025-12-21,207,660.35,136692.45
PO2025000757,V018,Ridgeway Bearings,SKU0016,Facility Item 016,Facility,2025-08-08,93,599.33,55737.69
PO2025000758,V030,Frontier Components,SKU0042,IT Item 042,IT,2025-01-10,74,21524.88,1592841.12
PO2025000759,V011,Kaveri Industrial Traders,SKU0029,Electrical Item 029,Electrical,2026-02-05,174,1794.21,312192.54
PO2025000760,V021,United Process Equipment,SKU0047,Mechanical Item 047,Mechanical,2025-04-11,247,4083.39,1008597.33
PO2025000761,V015,Orbit Maintenance Supplies,SKU0060,Packaging Item 060,Packaging,2025-12-23,214,163.94,35083.16
PO2025000762,V031,Ganga Hardware Traders,SKU0021,Electrical Item 021,Electrical,2025-11-29,23,1345.28,30941.44
PO2025000763,V005,Evergreen Facility Products,SKU0054,Safety Item 054,Safety,2026-06-05,149,727.96,108466.04
PO2025000764,V031,Ganga Hardware Traders,SKU0008,Facility Item 008,Facility,2025-09-10,203,891.09,180891.27
PO2025000765,V031,Ganga Hardware Traders,SKU0026,IT Item 026,IT,2026-08-23,241,14288.91,3443627.31
PO2025000766,V039,Omkar Facility Products,SKU0009,MRO Item 009,MRO,2026-03-25,192,755.4,145036.8
PO2025000767,V031,Ganga Hardware Traders,SKU0053,Electrical Item 053,Electrical,2026-08-31,82,826.04,67735.28
PO2025000768,V031,Ganga Hardware Traders,SKU0072,Facility Item 072,Facility,2026-04-03,40,632.41,25296.4
PO2025000769,V010,Jupiter Office Products,SKU0058,IT Item 058,IT,2025-01-19,161,38755.58,6239648.38
PO2025000770,V017,Quantum Electricals,SKU0078,Safety Item 078,Safety,2025-01-31,242,744.56,180183.52
PO2025000771,V025,Arun Safety & PPE,SKU0018,IT Item 018,IT,2025-03-29,188,11265.68,2117947.84
PO2025000772,V037,Magnus Tools,SKU0028,Packaging Item 028,Packaging,2026-07-23,206,138.51,28533.06
PO2025000773,V015,Orbit Maintenance Supplies,SKU0066,IT Item 066,IT,2026-05-04,41,24805.41,1017021.81
PO2025000774,V002,BluePeak Office Systems Pvt Ltd,SKU0054,Safety Item 054,Safety,2025-12-01,92,608.64,55994.88
PO2025000775,V021,United Process Equipment,SKU0020,Packaging Item 020,Packaging,2025-02-25,185,128.01,23681.85
PO2025000776,V014,Nova Tech Systems,SKU0011,Office Supplies Item 011,Office Supplies,2025-04-14,30,506.37,15191.1
PO2025000777,V023,Westline Consumables,SKU0032,Facility Item 032,Facility,2026-06-28,105,811.21,85177.05
PO2025000778,V036,Lumina Office Technologies,SKU0057,MRO Item 057,MRO,2026-04-17,208,672.16,139809.28
PO2025000779,V021,United Process Equipment,SKU0058,IT Item 058,IT,2025-10-27,132,38808.18,5122679.76
PO2025000780,V021,United Process Equipment,SKU0056,Facility Item 056,Facility,2025-07-04,212,750.41,159086.92
PO2025000781,V030,Frontier Components,SKU0020,Packaging Item 020,Packaging,2025-07-30,132,125.55,16572.6
PO2025000782,V025,Arun Safety & PPE,SKU0044,Packaging Item 044,Packaging,2025-05-22,26,145.17,3774.42
PO2025000783,V038,NexGen Components,SKU0027,Office Supplies Item 027,Office Supplies,2026-01-09,69,413.19,28510.11
PO2025000784,V029,Eagle Stationery Solutions,SKU0009,MRO Item 009,MRO,2026-08-09,197,943.79,185926.63
PO2025000785,V034,Jade Logistics Supplies,SKU0047,Mechanical Item 047,Mechanical,2026-02-08,129,3898.68,502929.72
PO2025000786,V028,Dynamo Power Systems,SKU0059,Office Supplies Item 059,Office Supplies,2026-08-28,169,208.01,35153.69
PO2025000787,V023,Westline Consumables,SKU0024,Facility Item 024,Facility,2025-12-18,31,812.8,25196.8
PO2025000788,V001,Apex Industrial Supplies Pvt Ltd,SKU0057,MRO Item 057,MRO,2026-08-23,71,717.04,50909.84
PO2025000789,V016,Prime Tools & Components,SKU0004,Packaging Item 004,Packaging,2025-08-25,66,168.19,11100.54
PO2025000790,V022,Vertex Automation,SKU0068,Packaging Item 068,Packaging,2025-11-19,8,103.94,831.52
PO2025000791,V022,Vertex Automation,SKU0003,Office Supplies Item 003,Office Supplies,2026-03-05,36,480.61,17301.96
PO2025000792,V024,Zenith Engineering Supplies,SKU0024,Facility Item 024,Facility,2026-04-13,35,984.26,34449.1
PO2025000793,V023,Westline Consumables,SKU0048,Facility Item 048,Facility,2026-01-29,200,1120.45,224090.0
PO2025000794,V033,Innovatech Solutions,SKU0025,MRO Item 025,MRO,2025-07-09,141,645.35,90994.35
PO2025000795,V026,Bharat Industrial Stores,SKU0020,Packaging Item 020,Packaging,2026-06-05,79,110.27,8711.33
PO2025000796,V026,Bharat Industrial Stores,SKU0053,Electrical Item 053,Electrical,2026-08-12,210,787.47,165368.7
PO2025000797,V007,Gamma Safety Solutions,SKU0005,Electrical Item 005,Electrical,2025-11-25,168,583.62,98048.16
PO2025000798,V034,Jade Logistics Supplies,SKU0004,Packaging Item 004,Packaging,2025-11-18,109,189.43,20647.87
PO2025000799,V035,Keystone Industrial Products,SKU0002,IT Item 002,IT,2025-02-18,40,11578.98,463159.2
PO2025000800,V006,Falcon Electricals India Pvt Ltd,SKU0023,Mechanical Item 023,Mechanical,2025-08-01,156,4830.77,753600.12
PO2025000801,V008,Horizon IT Distribution,SKU0078,Safety Item 078,Safety,2026-02-20,57,889.09,50678.13
PO2025000802,V006,Falcon Electricals India Pvt Ltd,SKU0044,Packaging Item 044,Packaging,2025-06-03,208,127.98,26619.84
PO2025000803,V022,Vertex Automation,SKU0077,Electrical Item 077,Electrical,2026-08-05,122,1083.89,132234.58
PO2025000804,V004,Delta Engineering Components,SKU0031,Mechanical Item 031,Mechanical,2026-04-12,146,7332.66,1070568.36
PO2025000805,V023,Westline Consumables,SKU0013,Electrical Item 013,Electrical,2025-11-08,17,1493.25,25385.25
PO2025000806,V016,Prime Tools & Components,SKU0061,Electrical Item 061,Electrical,2026-08-16,177,600.02,106203.54
PO2025000807,V033,Innovatech Solutions,SKU0042,IT Item 042,IT,2026-03-30,177,26337.76,4661783.52
PO2025000808,V034,Jade Logistics Supplies,SKU0064,Facility Item 064,Facility,2025-04-03,182,1362.57,247987.74
PO2025000809,V012,Lotus Packaging India Pvt Ltd,SKU0002,IT Item 002,IT,2026-07-13,249,12633.1,3145641.9
PO2025000810,V032,Helios Controls,SKU0001,MRO Item 001,MRO,2026-04-03,196,1091.13,213861.48
PO2025000811,V011,Kaveri Industrial Traders,SKU0035,Office Supplies Item 035,Office Supplies,2025-11-03,180,426.77,76818.6
PO2025000812,V027,Crest Chemicals,SKU0046,Safety Item 046,Safety,2025-05-25,203,940.56,190933.68
PO2025000813,V034,Jade Logistics Supplies,SKU0027,Office Supplies Item 027,Office Supplies,2026-08-06,218,405.31,88357.58
PO2025000814,V004,Delta Engineering Components,SKU0005,Electrical Item 005,Electrical,2025-09-16,5,556.81,2784.05
PO2025000815,V005,Evergreen Facility Products,SKU0069,Electrical Item 069,Electrical,2025-02-11,49,1894.19,92815.31
PO2025000816,V021,United Process Equipment,SKU0040,Facility Item 040,Facility,2025-03-08,62,1226.87,76065.94
PO2025000817,V006,Falcon Electricals India Pvt Ltd,SKU0049,MRO Item 049,MRO,2025-04-18,244,1118.98,273031.12
PO2025000818,V023,Westline Consumables,SKU0060,Packaging Item 060,Packaging,2025-05-01,138,200.45,27662.1
PO2025000819,V010,Jupiter Office Products,SKU0079,Mechanical Item 079,Mechanical,2025-01-02,34,3335.97,113422.98
PO2025000820,V009,Indus Mechanical Works,SKU0077,Electrical Item 077,Electrical,2025-12-07,104,1271.8,132267.2
PO2025000821,V021,United Process Equipment,SKU0030,Safety Item 030,Safety,2025-03-22,173,910.9,157585.7
PO2025000822,V002,BluePeak Office Systems Pvt Ltd,SKU0010,IT Item 010,IT,2025-03-04,73,13029.62,951162.26
PO2025000823,V011,Kaveri Industrial Traders,SKU0077,Electrical Item 077,Electrical,2026-02-03,49,1105.41,54165.09
PO2025000824,V026,Bharat Industrial Stores,SKU0022,Safety Item 022,Safety,2026-01-09,173,611.8,105841.4
PO2025000825,V030,Frontier Components,SKU0024,Facility Item 024,Facility,2026-03-16,51,840.03,42841.53
PO2025000826,V019,Sigma Industrial Products,SKU0025,MRO Item 025,MRO,2026-07-23,39,711.39,27744.21
PO2025000827,V036,Lumina Office Technologies,SKU0052,Packaging Item 052,Packaging,2026-01-03,185,153.52,28401.2
PO2025000828,V016,Prime Tools & Components,SKU0034,IT Item 034,IT,2025-12-09,99,12605.96,1247990.04
PO2025000829,V039,Omkar Facility Products,SKU0030,Safety Item 030,Safety,2026-08-29,109,841.59,91733.31
PO2025000830,V004,Delta Engineering Components,SKU0059,Office Supplies Item 059,Office Supplies,2025-01-14,181,204.39,36994.59
PO2025000831,V008,Horizon IT Distribution,SKU0043,Office Supplies Item 043,Office Supplies,2025-10-24,193,232.39,44851.27
PO2025000832,V040,Pioneer Electrical Traders,SKU0034,IT Item 034,IT,2025-10-31,79,11860.62,936988.98
PO2025000833,V016,Prime Tools & Components,SKU0074,IT Item 074,IT,2025-01-20,38,20541.31,780569.78
PO2025000834,V024,Zenith Engineering Supplies,SKU0023,Mechanical Item 023,Mechanical,2025-04-05,167,4718.71,788024.57
PO2025000835,V018,Ridgeway Bearings,SKU0023,Mechanical Item 023,Mechanical,2025-12-11,13,4517.66,58729.58
PO2025000836,V013,Metro Fasteners,SKU0038,Safety Item 038,Safety,2025-09-22,116,533.15,61845.4
PO2025000837,V004,Delta Engineering Components,SKU0067,Office Supplies Item 067,Office Supplies,2026-02-12,23,277.86,6390.78
PO2025000838,V002,BluePeak Office Systems Pvt Ltd,SKU0012,Packaging Item 012,Packaging,2025-04-12,127,188.17,23897.59
PO2025000839,V008,Horizon IT Distribution,SKU0017,MRO Item 017,MRO,2025-10-10,108,968.99,104650.92
PO2025000840,V029,Eagle Stationery Solutions,SKU0020,Packaging Item 020,Packaging,2025-02-28,222,107.15,23787.3
PO2025000841,V008,Horizon IT Distribution,SKU0006,Safety Item 006,Safety,2025-04-06,201,385.92,77569.92
PO2025000842,V033,Innovatech Solutions,SKU0003,Office Supplies Item 003,Office Supplies,2025-02-12,10,473.0,4730.0
PO2025000843,V028,Dynamo Power Systems,SKU0022,Safety Item 022,Safety,2026-04-07,98,517.18,50683.64
PO2025000844,V021,United Process Equipment,SKU0022,Safety Item 022,Safety,2025-07-24,94,604.41,56814.54
PO2025000845,V026,Bharat Industrial Stores,SKU0011,Office Supplies Item 011,Office Supplies,2025-03-11,200,510.09,102018.0
PO2025000846,V012,Lotus Packaging India Pvt Ltd,SKU0066,IT Item 066,IT,2025-05-05,235,26573.66,6244810.1
PO2025000847,V004,Delta Engineering Components,SKU0036,Packaging Item 036,Packaging,2026-06-02,18,209.46,3770.28
PO2025000848,V006,Falcon Electricals India Pvt Ltd,SKU0056,Facility Item 056,Facility,2025-01-07,127,718.02,91188.54
PO2025000849,V010,Jupiter Office Products,SKU0031,Mechanical Item 031,Mechanical,2026-03-26,217,6177.74,1340569.58
PO2025000850,V011,Kaveri Industrial Traders,SKU0033,MRO Item 033,MRO,2025-02-11,64,664.78,42545.92
PO2025000851,V011,Kaveri Industrial Traders,SKU0035,Office Supplies Item 035,Office Supplies,2025-12-09,85,386.84,32881.4
PO2025000852,V014,Nova Tech Systems,SKU0037,Electrical Item 037,Electrical,2025-09-09,72,1423.12,102464.64
PO2025000853,V025,Arun Safety & PPE,SKU0074,IT Item 074,IT,2025-03-04,192,22767.38,4371336.96
PO2025000854,V005,Evergreen Facility Products,SKU0041,MRO Item 041,MRO,2026-05-25,119,1144.34,136176.46
PO2025000855,V037,Magnus Tools,SKU0029,Electrical Item 029,Electrical,2026-01-17,109,1622.61,176864.49
PO2025000856,V013,Metro Fasteners,SKU0057,MRO Item 057,MRO,2026-05-30,72,697.74,50237.28
PO2025000857,V021,United Process Equipment,SKU0057,MRO Item 057,MRO,2025-03-25,219,779.59,170730.21
PO2025000858,V006,Falcon Electricals India Pvt Ltd,SKU0011,Office Supplies Item 011,Office Supplies,2026-07-16,245,441.31,108120.95
PO2025000859,V025,Arun Safety & PPE,SKU0006,Safety Item 006,Safety,2026-04-08,116,398.23,46194.68
PO2025000860,V007,Gamma Safety Solutions,SKU0009,MRO Item 009,MRO,2025-01-02,22,781.78,17199.16
PO2025000861,V005,Evergreen Facility Products,SKU0017,MRO Item 017,MRO,2025-10-05,163,934.02,152245.26
PO2025000862,V021,United Process Equipment,SKU0043,Office Supplies Item 043,Office Supplies,2026-07-22,41,234.33,9607.53
PO2025000863,V025,Arun Safety & PPE,SKU0043,Office Supplies Item 043,Office Supplies,2026-02-28,168,253.29,42552.72
PO2025000864,V006,Falcon Electricals India Pvt Ltd,SKU0038,Safety Item 038,Safety,2026-07-20,35,523.04,18306.4
PO2025000865,V026,Bharat Industrial Stores,SKU0032,Facility Item 032,Facility,2025-03-15,128,755.94,96760.32
PO2025000866,V033,Innovatech Solutions,SKU0066,IT Item 066,IT,2026-06-04,58,24236.41,1405711.78
PO2025000867,V005,Evergreen Facility Products,SKU0024,Facility Item 024,Facility,2025-02-03,72,884.23,63664.56
PO2025000868,V004,Delta Engineering Components,SKU0058,IT Item 058,IT,2026-05-09,129,38104.08,4915426.32
PO2025000869,V002,BluePeak Office Systems Pvt Ltd,SKU0045,Electrical Item 045,Electrical,2025-09-06,214,1436.3,307368.2
PO2025000870,V003,Crown Packaging Solutions,SKU0049,MRO Item 049,MRO,2026-04-12,248,1172.67,290822.16
PO2025000871,V020,Trident Facility Services,SKU0020,Packaging Item 020,Packaging,2025-09-15,88,124.58,10963.04
PO2025000872,V030,Frontier Components,SKU0072,Facility Item 072,Facility,2026-07-09,65,592.26,38496.9
PO2025000873,V014,Nova Tech Systems,SKU0068,Packaging Item 068,Packaging,2025-12-20,41,105.6,4329.6
PO2025000874,V010,Jupiter Office Products,SKU0047,Mechanical Item 047,Mechanical,2026-02-15,229,3688.59,844687.11
PO2025000875,V011,Kaveri Industrial Traders,SKU0004,Packaging Item 004,Packaging,2026-02-20,148,186.54,27607.92
PO2025000876,V019,Sigma Industrial Products,SKU0051,Office Supplies Item 051,Office Supplies,2026-03-23,227,339.15,76987.05
PO2025000877,V010,Jupiter Office Products,SKU0036,Packaging Item 036,Packaging,2025-08-06,13,186.02,2418.26
PO2025000878,V010,Jupiter Office Products,SKU0007,Mechanical Item 007,Mechanical,2025-06-27,70,3079.4,215558.0
PO2025000879,V019,Sigma Industrial Products,SKU0010,IT Item 010,IT,2026-07-31,148,12619.68,1867712.64
PO2025000880,V029,Eagle Stationery Solutions,SKU0042,IT Item 042,IT,2026-02-12,66,25582.66,1688455.56
PO2025000881,V012,Lotus Packaging India Pvt Ltd,SKU0070,Safety Item 070,Safety,2025-08-06,61,774.04,47216.44
PO2025000882,V028,Dynamo Power Systems,SKU0012,Packaging Item 012,Packaging,2025-12-23,219,159.24,34873.56
PO2025000883,V024,Zenith Engineering Supplies,SKU0036,Packaging Item 036,Packaging,2026-07-23,173,203.04,35125.92
PO2025000884,V002,BluePeak Office Systems Pvt Ltd,SKU0043,Office Supplies Item 043,Office Supplies,2026-07-03,162,243.25,39406.5
PO2025000885,V017,Quantum Electricals,SKU0078,Safety Item 078,Safety,2025-01-09,241,902.16,217420.56
PO2025000886,V030,Frontier Components,SKU0021,Electrical Item 021,Electrical,2025-12-11,2,1483.72,2967.44
PO2025000887,V013,Metro Fasteners,SKU0065,MRO Item 065,MRO,2026-08-26,250,1128.22,282055.0
PO2025000888,V023,Westline Consumables,SKU0002,IT Item 002,IT,2026-06-01,30,10950.95,328528.5
PO2025000889,V005,Evergreen Facility Products,SKU0018,IT Item 018,IT,2025-11-29,29,10603.59,307504.11
PO2025000890,V040,Pioneer Electrical Traders,SKU0058,IT Item 058,IT,2025-03-18,77,39311.51,3026986.27
PO2025000891,V033,Innovatech Solutions,SKU0020,Packaging Item 020,Packaging,2025-01-02,5,103.6,518.0
PO2025000892,V009,Indus Mechanical Works,SKU0054,Safety Item 054,Safety,2026-02-18,153,737.23,112796.19
PO2025000893,V038,NexGen Components,SKU0057,MRO Item 057,MRO,2025-07-19,199,730.47,145363.53
PO2025000894,V030,Frontier Components,SKU0051,Office Supplies Item 051,Office Supplies,2025-02-26,26,327.02,8502.52
PO2025000895,V024,Zenith Engineering Supplies,SKU0080,Facility Item 080,Facility,2026-01-20,168,831.53,139697.04
PO2025000896,V022,Vertex Automation,SKU0064,Facility Item 064,Facility,2025-06-02,107,1187.04,127013.28
PO2025000897,V032,Helios Controls,SKU0065,MRO Item 065,MRO,2026-08-05,120,1084.17,130100.4
PO2025000898,V026,Bharat Industrial Stores,SKU0055,Mechanical Item 055,Mechanical,2025-01-27,36,2071.54,74575.44
PO2025000899,V020,Trident Facility Services,SKU0048,Facility Item 048,Facility,2025-01-24,207,980.64,202992.48
PO2025000900,V019,Sigma Industrial Products,SKU0039,Mechanical Item 039,Mechanical,2025-12-26,114,1604.1,182867.4
PO2025000901,V020,Trident Facility Services,SKU0010,IT Item 010,IT,2025-10-30,181,12773.97,2312088.57
PO2025000902,V025,Arun Safety & PPE,SKU0005,Electrical Item 005,Electrical,2025-03-16,87,601.82,52358.34
PO2025000903,V007,Gamma Safety Solutions,SKU0013,Electrical Item 013,Electrical,2026-01-13,215,1426.11,306613.65
PO2025000904,V017,Quantum Electricals,SKU0068,Packaging Item 068,Packaging,2025-11-17,157,96.28,15115.96
PO2025000905,V017,Quantum Electricals,SKU0003,Office Supplies Item 003,Office Supplies,2025-08-26,81,424.34,34371.54
PO2025000906,V033,Innovatech Solutions,SKU0061,Electrical Item 061,Electrical,2026-06-05,54,614.4,33177.6
PO2025000907,V016,Prime Tools & Components,SKU0027,Office Supplies Item 027,Office Supplies,2025-06-26,151,393.16,59367.16
PO2025000908,V025,Arun Safety & PPE,SKU0007,Mechanical Item 007,Mechanical,2025-11-17,194,2880.81,558877.14
PO2025000909,V032,Helios Controls,SKU0039,Mechanical Item 039,Mechanical,2025-09-25,211,1922.71,405691.81
PO2025000910,V002,BluePeak Office Systems Pvt Ltd,SKU0048,Facility Item 048,Facility,2026-07-10,240,1004.48,241075.2
PO2025000911,V020,Trident Facility Services,SKU0022,Safety Item 022,Safety,2025-08-28,11,585.58,6441.38
PO2025000912,V003,Crown Packaging Solutions,SKU0042,IT Item 042,IT,2025-11-19,97,23026.62,2233582.14
PO2025000913,V003,Crown Packaging Solutions,SKU0031,Mechanical Item 031,Mechanical,2025-12-20,155,6097.49,945110.95
PO2025000914,V029,Eagle Stationery Solutions,SKU0061,Electrical Item 061,Electrical,2025-05-28,212,659.53,139820.36
PO2025000915,V008,Horizon IT Distribution,SKU0045,Electrical Item 045,Electrical,2025-11-06,194,1414.49,274411.06
PO2025000916,V012,Lotus Packaging India Pvt Ltd,SKU0040,Facility Item 040,Facility,2026-05-31,96,1390.75,133512.0
PO2025000917,V035,Keystone Industrial Products,SKU0064,Facility Item 064,Facility,2026-04-09,43,1173.19,50447.17
PO2025000918,V031,Ganga Hardware Traders,SKU0051,Office Supplies Item 051,Office Supplies,2025-12-24,49,331.53,16244.97
PO2025000919,V020,Trident Facility Services,SKU0030,Safety Item 030,Safety,2025-12-07,185,1028.96,190357.6
PO2025000920,V020,Trident Facility Services,SKU0010,IT Item 010,IT,2025-06-07,199,12302.29,2448155.71
PO2025000921,V026,Bharat Industrial Stores,SKU0072,Facility Item 072,Facility,2026-07-01,182,637.65,116052.3
PO2025000922,V025,Arun Safety & PPE,SKU0018,IT Item 018,IT,2025-02-16,105,11156.47,1171429.35
PO2025000923,V014,Nova Tech Systems,SKU0012,Packaging Item 012,Packaging,2025-01-16,85,159.39,13548.15
PO2025000924,V034,Jade Logistics Supplies,SKU0073,MRO Item 073,MRO,2025-08-15,23,538.35,12382.05
PO2025000925,V027,Crest Chemicals,SKU0046,Safety Item 046,Safety,2025-11-17,171,874.55,149548.05
PO2025000926,V038,NexGen Components,SKU0003,Office Supplies Item 003,Office Supplies,2026-07-03,83,467.7,38819.1
PO2025000927,V004,Delta Engineering Components,SKU0065,MRO Item 065,MRO,2026-03-21,235,1299.02,305269.7
PO2025000928,V012,Lotus Packaging India Pvt Ltd,SKU0050,IT Item 050,IT,2025-10-17,82,17074.49,1400108.18
PO2025000929,V024,Zenith Engineering Supplies,SKU0002,IT Item 002,IT,2026-06-12,151,12830.01,1937331.51
PO2025000930,V003,Crown Packaging Solutions,SKU0039,Mechanical Item 039,Mechanical,2026-01-31,205,1899.73,389444.65
PO2025000931,V023,Westline Consumables,SKU0054,Safety Item 054,Safety,2025-09-14,186,715.98,133172.28
PO2025000932,V025,Arun Safety & PPE,SKU0061,Electrical Item 061,Electrical,2025-04-11,198,666.93,132052.14
PO2025000933,V021,United Process Equipment,SKU0073,MRO Item 073,MRO,2025-03-07,78,626.02,48829.56
PO2025000934,V028,Dynamo Power Systems,SKU0052,Packaging Item 052,Packaging,2025-01-29,177,174.94,30964.38
PO2025000935,V038,NexGen Components,SKU0040,Facility Item 040,Facility,2025-11-06,138,1302.63,179762.94
PO2025000936,V040,Pioneer Electrical Traders,SKU0058,IT Item 058,IT,2026-05-26,223,37081.95,8269274.85
PO2025000937,V029,Eagle Stationery Solutions,SKU0022,Safety Item 022,Safety,2025-06-25,243,555.5,134986.5
PO2025000938,V024,Zenith Engineering Supplies,SKU0054,Safety Item 054,Safety,2025-02-28,234,681.63,159501.42
PO2025000939,V023,Westline Consumables,SKU0072,Facility Item 072,Facility,2025-08-09,177,632.26,111910.02
PO2025000940,V033,Innovatech Solutions,SKU0061,Electrical Item 061,Electrical,2026-04-25,2,756.47,1512.94
PO2025000941,V031,Ganga Hardware Traders,SKU0079,Mechanical Item 079,Mechanical,2026-01-19,49,3077.02,150773.98
PO2025000942,V006,Falcon Electricals India Pvt Ltd,SKU0062,Safety Item 062,Safety,2026-07-08,64,718.68,45995.52
PO2025000943,V035,Keystone Industrial Products,SKU0032,Facility Item 032,Facility,2026-03-30,24,809.96,19439.04
PO2025000944,V019,Sigma Industrial Products,SKU0010,IT Item 010,IT,2025-02-02,65,12688.14,824729.1
PO2025000945,V024,Zenith Engineering Supplies,SKU0001,MRO Item 001,MRO,2025-08-30,180,914.88,164678.4
PO2025000946,V002,BluePeak Office Systems Pvt Ltd,SKU0041,MRO Item 041,MRO,2026-08-25,128,1141.23,146077.44
PO2025000947,V021,United Process Equipment,SKU0007,Mechanical Item 007,Mechanical,2025-06-03,167,3018.14,504029.38
PO2025000948,V022,Vertex Automation,SKU0014,Safety Item 014,Safety,2025-11-02,157,1171.85,183980.45
PO2025000949,V001,Apex Industrial Supplies Pvt Ltd,SKU0016,Facility Item 016,Facility,2025-09-04,23,603.84,13888.32
PO2025000950,V017,Quantum Electricals,SKU0041,MRO Item 041,MRO,2025-10-23,74,1324.33,98000.42
PO2025000951,V016,Prime Tools & Components,SKU0026,IT Item 026,IT,2026-06-07,223,16107.34,3591936.82
PO2025000952,V001,Apex Industrial Supplies Pvt Ltd,SKU0012,Packaging Item 012,Packaging,2025-02-07,97,182.97,17748.09
PO2025000953,V018,Ridgeway Bearings,SKU0008,Facility Item 008,Facility,2026-02-10,196,785.15,153889.4
PO2025000954,V019,Sigma Industrial Products,SKU0037,Electrical Item 037,Electrical,2026-08-30,101,1528.24,154352.24
PO2025000955,V009,Indus Mechanical Works,SKU0059,Office Supplies Item 059,Office Supplies,2026-04-07,43,204.86,8808.98
PO2025000956,V020,Trident Facility Services,SKU0043,Office Supplies Item 043,Office Supplies,2026-05-26,125,247.22,30902.5
PO2025000957,V014,Nova Tech Systems,SKU0063,Mechanical Item 063,Mechanical,2025-01-07,210,2633.82,553102.2
PO2025000958,V011,Kaveri Industrial Traders,SKU0079,Mechanical Item 079,Mechanical,2025-12-13,41,3153.75,129303.75
PO2025000959,V022,Vertex Automation,SKU0048,Facility Item 048,Facility,2026-07-01,147,1098.47,161475.09
PO2025000960,V016,Prime Tools & Components,SKU0047,Mechanical Item 047,Mechanical,2026-06-14,56,4308.13,241255.28
PO2025000961,V035,Keystone Industrial Products,SKU0078,Safety Item 078,Safety,2025-10-02,109,763.39,83209.51
PO2025000962,V020,Trident Facility Services,SKU0019,Office Supplies Item 019,Office Supplies,2025-06-14,179,435.95,78035.05
PO2025000963,V035,Keystone Industrial Products,SKU0046,Safety Item 046,Safety,2026-03-18,38,915.15,34775.7
PO2025000964,V023,Westline Consumables,SKU0003,Office Supplies Item 003,Office Supplies,2026-09-02,210,481.78,101173.8
PO2025000965,V039,Omkar Facility Products,SKU0011,Office Supplies Item 011,Office Supplies,2025-04-11,248,469.57,116453.36
PO2025000966,V038,NexGen Components,SKU0028,Packaging Item 028,Packaging,2026-03-14,165,142.62,23532.3
PO2025000967,V022,Vertex Automation,SKU0016,Facility Item 016,Facility,2026-02-01,210,568.79,119445.9
PO2025000968,V040,Pioneer Electrical Traders,SKU0074,IT Item 074,IT,2025-12-24,82,21799.25,1787538.5
PO2025000969,V017,Quantum Electricals,SKU0080,Facility Item 080,Facility,2025-06-08,161,759.69,122310.09
PO2025000970,V011,Kaveri Industrial Traders,SKU0006,Safety Item 006,Safety,2025-10-28,98,481.63,47199.74
PO2025000971,V029,Eagle Stationery Solutions,SKU0008,Facility Item 008,Facility,2025-08-17,88,726.23,63908.24
PO2025000972,V002,BluePeak Office Systems Pvt Ltd,SKU0004,Packaging Item 004,Packaging,2026-07-02,45,188.65,8489.25
PO2025000973,V022,Vertex Automation,SKU0066,IT Item 066,IT,2026-06-14,18,27648.5,497673.0
PO2025000974,V018,Ridgeway Bearings,SKU0016,Facility Item 016,Facility,2025-04-07,132,588.91,77736.12
PO2025000975,V035,Keystone Industrial Products,SKU0016,Facility Item 016,Facility,2026-04-23,248,614.83,152477.84
PO2025000976,V024,Zenith Engineering Supplies,SKU0063,Mechanical Item 063,Mechanical,2026-08-06,92,2882.15,265157.8
PO2025000977,V019,Sigma Industrial Products,SKU0057,MRO Item 057,MRO,2026-02-13,206,744.78,153424.68
PO2025000978,V032,Helios Controls,SKU0050,IT Item 050,IT,2025-11-23,129,20688.84,2668860.36
PO2025000979,V002,BluePeak Office Systems Pvt Ltd,SKU0032,Facility Item 032,Facility,2026-07-08,225,705.95,158838.75
PO2025000980,V001,Apex Industrial Supplies Pvt Ltd,SKU0013,Electrical Item 013,Electrical,2025-02-03,243,1539.94,374205.42
PO2025000981,V037,Magnus Tools,SKU0068,Packaging Item 068,Packaging,2026-03-10,59,94.94,5601.46
PO2025000982,V030,Frontier Components,SKU0005,Electrical Item 005,Electrical,2025-02-22,182,549.54,100016.28
PO2025000983,V005,Evergreen Facility Products,SKU0070,Safety Item 070,Safety,2025-04-25,48,675.66,32431.68
PO2025000984,V040,Pioneer Electrical Traders,SKU0003,Office Supplies Item 003,Office Supplies,2025-02-18,156,463.95,72376.2
PO2025000985,V036,Lumina Office Technologies,SKU0028,Packaging Item 028,Packaging,2025-11-21,201,126.94,25514.94
PO2025000986,V016,Prime Tools & Components,SKU0010,IT Item 010,IT,2025-09-03,181,12032.09,2177808.29
PO2025000987,V039,Omkar Facility Products,SKU0054,Safety Item 054,Safety,2025-07-19,52,600.41,31221.32
PO2025000988,V030,Frontier Components,SKU0014,Safety Item 014,Safety,2026-08-14,97,1225.98,118920.06
PO2025000989,V036,Lumina Office Technologies,SKU0023,Mechanical Item 023,Mechanical,2026-02-06,142,4941.67,701717.14
PO2025000990,V006,Falcon Electricals India Pvt Ltd,SKU0011,Office Supplies Item 011,Office Supplies,2025-11-30,125,518.47,64808.75
PO2025000991,V022,Vertex Automation,SKU0059,Office Supplies Item 059,Office Supplies,2025-10-18,142,197.5,28045.0
PO2025000992,V039,Omkar Facility Products,SKU0010,IT Item 010,IT,2025-10-26,223,13232.96,2950950.08
PO2025000993,V027,Crest Chemicals,SKU0058,IT Item 058,IT,2026-04-15,179,39065.49,6992722.71
PO2025000994,V007,Gamma Safety Solutions,SKU0036,Packaging Item 036,Packaging,2026-07-12,228,189.78,43269.84
PO2025000995,V003,Crown Packaging Solutions,SKU0007,Mechanical Item 007,Mechanical,2026-08-09,240,2704.92,649180.8
PO2025000996,V009,Indus Mechanical Works,SKU0006,Safety Item 006,Safety,2025-11-18,31,464.3,14393.3
PO2025000997,V037,Magnus Tools,SKU0021,Electrical Item 021,Electrical,2025-05-03,5,1243.35,6216.75
PO2025000998,V026,Bharat Industrial Stores,SKU0026,IT Item 026,IT,2026-01-04,250,16809.57,4202392.5
PO2025000999,V009,Indus Mechanical Works,SKU0044,Packaging Item 044,Packaging,2026-05-09,5,147.9,739.5
PO2025001000,V012,Lotus Packaging India Pvt Ltd,SKU0059,Office Supplies Item 059,Office Supplies,2026-03-20,25,221.68,5542.0
PO2025001001,V029,Eagle Stationery Solutions,SKU0037,Electrical Item 037,Electrical,2025-05-08,26,1247.14,32425.64
PO2025001002,V020,Trident Facility Services,SKU0015,Mechanical Item 015,Mechanical,2026-02-26,249,2948.12,734081.88
PO2025001003,V030,Frontier Components,SKU0058,IT Item 058,IT,2026-01-25,35,31985.82,1119503.7
PO2025001004,V017,Quantum Electricals,SKU0074,IT Item 074,IT,2025-08-25,221,24909.55,5505010.55
PO2025001005,V031,Ganga Hardware Traders,SKU0052,Packaging Item 052,Packaging,2025-08-13,93,158.37,14728.41
PO2025001006,V005,Evergreen Facility Products,SKU0049,MRO Item 049,MRO,2026-03-24,239,1164.38,278286.82
PO2025001007,V022,Vertex Automation,SKU0039,Mechanical Item 039,Mechanical,2025-04-16,144,1595.33,229727.52
PO2025001008,V038,NexGen Components,SKU0063,Mechanical Item 063,Mechanical,2025-06-17,150,2580.93,387139.5
PO2025001009,V002,BluePeak Office Systems Pvt Ltd,SKU0039,Mechanical Item 039,Mechanical,2025-09-26,70,1761.6,123312.0
PO2025001010,V016,Prime Tools & Components,SKU0024,Facility Item 024,Facility,2025-02-05,198,836.06,165539.88
PO2025001011,V018,Ridgeway Bearings,SKU0080,Facility Item 080,Facility,2025-06-13,191,748.81,143022.71
PO2025001012,V019,Sigma Industrial Products,SKU0002,IT Item 002,IT,2025-02-15,126,12231.97,1541228.22
PO2025001013,V015,Orbit Maintenance Supplies,SKU0078,Safety Item 078,Safety,2026-02-16,213,862.11,183629.43
PO2025001014,V020,Trident Facility Services,SKU0058,IT Item 058,IT,2026-04-21,129,39474.54,5092215.66
PO2025001015,V002,BluePeak Office Systems Pvt Ltd,SKU0037,Electrical Item 037,Electrical,2026-07-25,43,1274.81,54816.83
PO2025001016,V037,Magnus Tools,SKU0014,Safety Item 014,Safety,2026-03-03,29,1167.01,33843.29
PO2025001017,V025,Arun Safety & PPE,SKU0041,MRO Item 041,MRO,2025-07-25,206,1081.94,222879.64
PO2025001018,V011,Kaveri Industrial Traders,SKU0079,Mechanical Item 079,Mechanical,2025-10-19,139,3284.4,456531.6
PO2025001019,V023,Westline Consumables,SKU0054,Safety Item 054,Safety,2026-02-12,76,630.29,47902.04
PO2025001020,V025,Arun Safety & PPE,SKU0069,Electrical Item 069,Electrical,2025-06-07,224,2345.24,525333.76
PO2025001021,V040,Pioneer Electrical Traders,SKU0071,Mechanical Item 071,Mechanical,2026-07-26,11,1511.46,16626.06
PO2025001022,V009,Indus Mechanical Works,SKU0029,Electrical Item 029,Electrical,2025-01-08,4,1947.57,7790.28
PO2025001023,V028,Dynamo Power Systems,SKU0068,Packaging Item 068,Packaging,2025-12-15,41,104.26,4274.66
PO2025001024,V030,Frontier Components,SKU0050,IT Item 050,IT,2025-07-17,111,18481.38,2051433.18
PO2025001025,V027,Crest Chemicals,SKU0024,Facility Item 024,Facility,2025-11-14,177,865.86,153257.22
PO2025001026,V040,Pioneer Electrical Traders,SKU0003,Office Supplies Item 003,Office Supplies,2025-11-09,105,491.32,51588.6
PO2025001027,V032,Helios Controls,SKU0072,Facility Item 072,Facility,2025-09-18,193,603.65,116504.45
PO2025001028,V014,Nova Tech Systems,SKU0024,Facility Item 024,Facility,2025-11-07,172,934.29,160697.88
PO2025001029,V017,Quantum Electricals,SKU0028,Packaging Item 028,Packaging,2025-02-03,43,155.09,6668.87
PO2025001030,V021,United Process Equipment,SKU0076,Packaging Item 076,Packaging,2026-06-26,157,148.65,23338.05
PO2025001031,V038,NexGen Components,SKU0039,Mechanical Item 039,Mechanical,2025-08-16,24,1972.76,47346.24
PO2025001032,V028,Dynamo Power Systems,SKU0038,Safety Item 038,Safety,2025-02-08,87,510.98,44455.26
PO2025001033,V009,Indus Mechanical Works,SKU0079,Mechanical Item 079,Mechanical,2025-01-25,120,3661.81,439417.2
PO2025001034,V023,Westline Consumables,SKU0014,Safety Item 014,Safety,2026-08-28,227,1430.67,324762.09
PO2025001035,V031,Ganga Hardware Traders,SKU0034,IT Item 034,IT,2026-01-21,160,14341.7,2294672.0
PO2025001036,V017,Quantum Electricals,SKU0005,Electrical Item 005,Electrical,2025-11-19,69,669.72,46210.68
PO2025001037,V027,Crest Chemicals,SKU0054,Safety Item 054,Safety,2025-12-10,114,732.35,83487.9
PO2025001038,V027,Crest Chemicals,SKU0030,Safety Item 030,Safety,2025-09-05,93,840.45,78161.85
PO2025001039,V012,Lotus Packaging India Pvt Ltd,SKU0047,Mechanical Item 047,Mechanical,2025-07-09,81,4153.42,336427.02
PO2025001040,V040,Pioneer Electrical Traders,SKU0045,Electrical Item 045,Electrical,2026-07-18,161,1501.55,241749.55
PO2025001041,V014,Nova Tech Systems,SKU0054,Safety Item 054,Safety,2025-01-05,110,720.78,79285.8
PO2025001042,V009,Indus Mechanical Works,SKU0067,Office Supplies Item 067,Office Supplies,2026-04-04,193,269.45,52003.85
PO2025001043,V032,Helios Controls,SKU0069,Electrical Item 069,Electrical,2026-08-03,99,1937.62,191824.38
PO2025001044,V035,Keystone Industrial Products,SKU0036,Packaging Item 036,Packaging,2025-04-02,85,187.04,15898.4
PO2025001045,V018,Ridgeway Bearings,SKU0044,Packaging Item 044,Packaging,2025-11-06,196,143.32,28090.72
PO2025001046,V022,Vertex Automation,SKU0001,MRO Item 001,MRO,2025-06-25,143,1058.42,151354.06
PO2025001047,V034,Jade Logistics Supplies,SKU0004,Packaging Item 004,Packaging,2026-07-09,147,162.47,23883.09
PO2025001048,V015,Orbit Maintenance Supplies,SKU0060,Packaging Item 060,Packaging,2025-06-05,170,191.53,32560.1
PO2025001049,V016,Prime Tools & Components,SKU0076,Packaging Item 076,Packaging,2026-02-26,111,147.72,16396.92
PO2025001050,V028,Dynamo Power Systems,SKU0036,Packaging Item 036,Packaging,2025-05-03,108,185.15,19996.2
PO2025001051,V012,Lotus Packaging India Pvt Ltd,SKU0074,IT Item 074,IT,2025-05-17,65,25721.38,1671889.7
PO2025001052,V022,Vertex Automation,SKU0030,Safety Item 030,Safety,2026-03-11,7,873.43,6114.01
PO2025001053,V030,Frontier Components,SKU0072,Facility Item 072,Facility,2026-06-19,13,539.15,7008.95
PO2025001054,V015,Orbit Maintenance Supplies,SKU0009,MRO Item 009,MRO,2025-05-16,188,900.5,169294.0
PO2025001055,V035,Keystone Industrial Products,SKU0048,Facility Item 048,Facility,2026-02-24,176,987.7,173835.2
PO2025001056,V015,Orbit Maintenance Supplies,SKU0078,Safety Item 078,Safety,2026-02-20,115,867.48,99760.2
PO2025001057,V025,Arun Safety & PPE,SKU0017,MRO Item 017,MRO,2026-07-17,198,918.31,181825.38
PO2025001058,V028,Dynamo Power Systems,SKU0027,Office Supplies Item 027,Office Supplies,2026-01-04,111,383.26,42541.86
PO2025001059,V014,Nova Tech Systems,SKU0033,MRO Item 033,MRO,2025-06-13,180,691.19,124414.2
PO2025001060,V021,United Process Equipment,SKU0037,Electrical Item 037,Electrical,2025-05-12,12,1393.06,16716.72
PO2025001061,V011,Kaveri Industrial Traders,SKU0026,IT Item 026,IT,2025-05-01,74,17083.35,1264167.9
PO2025001062,V036,Lumina Office Technologies,SKU0040,Facility Item 040,Facility,2025-02-25,187,1262.15,236022.05
PO2025001063,V035,Keystone Industrial Products,SKU0003,Office Supplies Item 003,Office Supplies,2026-08-28,12,422.85,5074.2
PO2025001064,V002,BluePeak Office Systems Pvt Ltd,SKU0063,Mechanical Item 063,Mechanical,2025-01-24,243,3098.64,752969.52
PO2025001065,V004,Delta Engineering Components,SKU0005,Electrical Item 005,Electrical,2026-02-05,91,573.45,52183.95
PO2025001066,V019,Sigma Industrial Products,SKU0073,MRO Item 073,MRO,2025-09-16,27,514.74,13897.98
PO2025001067,V039,Omkar Facility Products,SKU0069,Electrical Item 069,Electrical,2025-07-06,91,2196.56,199886.96
PO2025001068,V008,Horizon IT Distribution,SKU0077,Electrical Item 077,Electrical,2026-05-21,6,1156.81,6940.86
PO2025001069,V017,Quantum Electricals,SKU0074,IT Item 074,IT,2026-07-04,196,25275.53,4954003.88
PO2025001070,V018,Ridgeway Bearings,SKU0054,Safety Item 054,Safety,2025-08-29,214,687.8,147189.2
PO2025001071,V018,Ridgeway Bearings,SKU0064,Facility Item 064,Facility,2025-06-30,20,1109.14,22182.8
PO2025001072,V013,Metro Fasteners,SKU0062,Safety Item 062,Safety,2025-05-20,12,690.66,8287.92
PO2025001073,V028,Dynamo Power Systems,SKU0041,MRO Item 041,MRO,2025-12-31,35,1310.95,45883.25
PO2025001074,V037,Magnus Tools,SKU0056,Facility Item 056,Facility,2026-01-10,72,637.13,45873.36
PO2025001075,V013,Metro Fasteners,SKU0076,Packaging Item 076,Packaging,2026-03-08,37,154.28,5708.36
PO2025001076,V028,Dynamo Power Systems,SKU0041,MRO Item 041,MRO,2025-12-19,213,1069.98,227905.74
PO2025001077,V029,Eagle Stationery Solutions,SKU0002,IT Item 002,IT,2025-06-01,196,12696.7,2488553.2
PO2025001078,V006,Falcon Electricals India Pvt Ltd,SKU0072,Facility Item 072,Facility,2025-10-04,232,635.22,147371.04
PO2025001079,V034,Jade Logistics Supplies,SKU0054,Safety Item 054,Safety,2025-10-19,215,685.41,147363.15
PO2025001080,V014,Nova Tech Systems,SKU0011,Office Supplies Item 011,Office Supplies,2025-10-29,121,444.8,53820.8
PO2025001081,V001,Apex Industrial Supplies Pvt Ltd,SKU0057,MRO Item 057,MRO,2025-09-09,137,807.85,110675.45
PO2025001082,V005,Evergreen Facility Products,SKU0029,Electrical Item 029,Electrical,2025-05-16,2,1637.39,3274.78
PO2025001083,V027,Crest Chemicals,SKU0016,Facility Item 016,Facility,2025-12-20,67,714.64,47880.88
PO2025001084,V036,Lumina Office Technologies,SKU0059,Office Supplies Item 059,Office Supplies,2025-07-23,241,221.51,53383.91
PO2025001085,V019,Sigma Industrial Products,SKU0001,MRO Item 001,MRO,2026-03-06,217,958.41,207974.97
PO2025001086,V001,Apex Industrial Supplies Pvt Ltd,SKU0033,MRO Item 033,MRO,2025-12-29,211,668.17,140983.87
PO2025001087,V029,Eagle Stationery Solutions,SKU0024,Facility Item 024,Facility,2025-12-02,124,863.47,107070.28
PO2025001088,V029,Eagle Stationery Solutions,SKU0001,MRO Item 001,MRO,2025-12-26,10,929.21,9292.1
PO2025001089,V026,Bharat Industrial Stores,SKU0015,Mechanical Item 015,Mechanical,2025-11-28,158,3547.14,560448.12
PO2025001090,V011,Kaveri Industrial Traders,SKU0079,Mechanical Item 079,Mechanical,2025-01-18,107,3473.15,371627.05
PO2025001091,V018,Ridgeway Bearings,SKU0008,Facility Item 008,Facility,2025-10-26,189,773.07,146110.23
PO2025001092,V013,Metro Fasteners,SKU0007,Mechanical Item 007,Mechanical,2026-01-31,145,2506.71,363472.95
PO2025001093,V014,Nova Tech Systems,SKU0060,Packaging Item 060,Packaging,2025-02-09,28,207.36,5806.08
PO2025001094,V004,Delta Engineering Components,SKU0028,Packaging Item 028,Packaging,2025-10-03,58,131.23,7611.34
PO2025001095,V030,Frontier Components,SKU0040,Facility Item 040,Facility,2025-01-16,191,1376.97,263001.27
PO2025001096,V012,Lotus Packaging India Pvt Ltd,SKU0073,MRO Item 073,MRO,2026-08-01,43,511.66,22001.38
PO2025001097,V016,Prime Tools & Components,SKU0030,Safety Item 030,Safety,2025-08-18,237,994.71,235746.27
PO2025001098,V015,Orbit Maintenance Supplies,SKU0063,Mechanical Item 063,Mechanical,2026-03-03,55,2757.37,151655.35
PO2025001099,V033,Innovatech Solutions,SKU0065,MRO Item 065,MRO,2025-06-07,18,1185.74,21343.32
PO2025001100,V013,Metro Fasteners,SKU0024,Facility Item 024,Facility,2025-06-08,87,851.73,74100.51
PO2025001101,V011,Kaveri Industrial Traders,SKU0012,Packaging Item 012,Packaging,2026-05-20,225,170.81,38432.25
PO2025001102,V036,Lumina Office Technologies,SKU0026,IT Item 026,IT,2026-08-17,64,14708.0,941312.0
PO2025001103,V016,Prime Tools & Components,SKU0016,Facility Item 016,Facility,2025-05-22,78,626.97,48903.66
PO2025001104,V040,Pioneer Electrical Traders,SKU0013,Electrical Item 013,Electrical,2025-08-28,210,1561.85,327988.5
PO2025001105,V004,Delta Engineering Components,SKU0055,Mechanical Item 055,Mechanical,2026-01-17,61,2123.96,129561.56
PO2025001106,V031,Ganga Hardware Traders,SKU0018,IT Item 018,IT,2025-01-21,135,13252.48,1789084.8
PO2025001107,V025,Arun Safety & PPE,SKU0016,Facility Item 016,Facility,2026-02-12,246,585.55,144045.3
PO2025001108,V025,Arun Safety & PPE,SKU0037,Electrical Item 037,Electrical,2025-10-01,236,1219.48,287797.28
PO2025001109,V040,Pioneer Electrical Traders,SKU0030,Safety Item 030,Safety,2026-03-14,101,909.38,91847.38
PO2025001110,V031,Ganga Hardware Traders,SKU0054,Safety Item 054,Safety,2026-05-24,153,632.87,96829.11
PO2025001111,V032,Helios Controls,SKU0065,MRO Item 065,MRO,2026-08-02,79,1250.3,98773.7
PO2025001112,V028,Dynamo Power Systems,SKU0013,Electrical Item 013,Electrical,2025-04-10,7,1549.5,10846.5
PO2025001113,V037,Magnus Tools,SKU0074,IT Item 074,IT,2026-06-30,3,25500.68,76502.04
PO2025001114,V015,Orbit Maintenance Supplies,SKU0015,Mechanical Item 015,Mechanical,2026-08-30,73,3550.61,259194.53
PO2025001115,V003,Crown Packaging Solutions,SKU0003,Office Supplies Item 003,Office Supplies,2025-02-01,131,409.62,53660.22
PO2025001116,V028,Dynamo Power Systems,SKU0043,Office Supplies Item 043,Office Supplies,2026-04-13,152,251.96,38297.92
PO2025001117,V004,Delta Engineering Components,SKU0034,IT Item 034,IT,2026-07-28,232,14257.38,3307712.16
PO2025001118,V014,Nova Tech Systems,SKU0031,Mechanical Item 031,Mechanical,2025-04-06,81,7185.78,582048.18
PO2025001119,V017,Quantum Electricals,SKU0062,Safety Item 062,Safety,2026-07-19,198,666.45,131957.1
PO2025001120,V026,Bharat Industrial Stores,SKU0014,Safety Item 014,Safety,2025-03-30,101,1424.37,143861.37
PO2025001121,V005,Evergreen Facility Products,SKU0037,Electrical Item 037,Electrical,2026-03-31,4,1439.72,5758.88
PO2025001122,V040,Pioneer Electrical Traders,SKU0057,MRO Item 057,MRO,2025-04-01,99,700.39,69338.61
PO2025001123,V017,Quantum Electricals,SKU0054,Safety Item 054,Safety,2026-01-23,94,751.74,70663.56
PO2025001124,V021,United Process Equipment,SKU0044,Packaging Item 044,Packaging,2025-08-08,230,145.05,33361.5
PO2025001125,V038,NexGen Components,SKU0006,Safety Item 006,Safety,2026-04-20,235,472.35,111002.25
PO2025001126,V031,Ganga Hardware Traders,SKU0039,Mechanical Item 039,Mechanical,2025-07-02,49,1854.29,90860.21
PO2025001127,V012,Lotus Packaging India Pvt Ltd,SKU0067,Office Supplies Item 067,Office Supplies,2025-08-14,29,266.98,7742.42
PO2025001128,V037,Magnus Tools,SKU0029,Electrical Item 029,Electrical,2025-12-03,209,1750.41,365835.69
PO2025001129,V017,Quantum Electricals,SKU0071,Mechanical Item 071,Mechanical,2026-03-22,203,1358.84,275844.52
PO2025001130,V036,Lumina Office Technologies,SKU0002,IT Item 002,IT,2025-04-09,202,12700.81,2565563.62
PO2025001131,V023,Westline Consumables,SKU0070,Safety Item 070,Safety,2025-03-14,78,687.2,53601.6
PO2025001132,V022,Vertex Automation,SKU0072,Facility Item 072,Facility,2025-09-05,65,580.95,37761.75
PO2025001133,V017,Quantum Electricals,SKU0054,Safety Item 054,Safety,2025-10-30,33,611.99,20195.67
PO2025001134,V016,Prime Tools & Components,SKU0025,MRO Item 025,MRO,2025-12-22,142,712.08,101115.36
PO2025001135,V018,Ridgeway Bearings,SKU0034,IT Item 034,IT,2025-02-07,2,12972.97,25945.94
PO2025001136,V036,Lumina Office Technologies,SKU0064,Facility Item 064,Facility,2025-09-20,127,1138.66,144609.82
PO2025001137,V012,Lotus Packaging India Pvt Ltd,SKU0016,Facility Item 016,Facility,2025-07-02,179,704.22,126055.38
PO2025001138,V026,Bharat Industrial Stores,SKU0024,Facility Item 024,Facility,2025-07-02,24,955.88,22941.12
PO2025001139,V001,Apex Industrial Supplies Pvt Ltd,SKU0068,Packaging Item 068,Packaging,2025-11-18,165,108.38,17882.7
PO2025001140,V023,Westline Consumables,SKU0078,Safety Item 078,Safety,2025-12-20,149,738.75,110073.75
PO2025001141,V027,Crest Chemicals,SKU0063,Mechanical Item 063,Mechanical,2025-06-21,106,2998.06,317794.36
PO2025001142,V019,Sigma Industrial Products,SKU0034,IT Item 034,IT,2026-07-17,217,11355.9,2464230.3
PO2025001143,V040,Pioneer Electrical Traders,SKU0076,Packaging Item 076,Packaging,2025-12-28,24,150.09,3602.16
PO2025001144,V012,Lotus Packaging India Pvt Ltd,SKU0072,Facility Item 072,Facility,2025-11-28,165,577.52,95290.8
PO2025001145,V024,Zenith Engineering Supplies,SKU0041,MRO Item 041,MRO,2025-01-14,99,1188.5,117661.5
PO2025001146,V033,Innovatech Solutions,SKU0034,IT Item 034,IT,2026-04-29,8,12159.29,97274.32
PO2025001147,V033,Innovatech Solutions,SKU0065,MRO Item 065,MRO,2025-03-05,6,1079.1,6474.6
PO2025001148,V031,Ganga Hardware Traders,SKU0006,Safety Item 006,Safety,2025-06-29,201,455.87,91629.87
PO2025001149,V036,Lumina Office Technologies,SKU0049,MRO Item 049,MRO,2026-01-19,133,1059.44,140905.52
PO2025001150,V032,Helios Controls,SKU0013,Electrical Item 013,Electrical,2026-06-22,151,1558.65,235356.15
PO2025001151,V021,United Process Equipment,SKU0069,Electrical Item 069,Electrical,2025-07-21,73,2148.01,156804.73
PO2025001152,V025,Arun Safety & PPE,SKU0075,Office Supplies Item 075,Office Supplies,2025-05-21,42,345.31,14503.02
PO2025001153,V020,Trident Facility Services,SKU0034,IT Item 034,IT,2025-08-09,35,13855.5,484942.5
PO2025001154,V018,Ridgeway Bearings,SKU0004,Packaging Item 004,Packaging,2026-07-11,51,202.24,10314.24
PO2025001155,V030,Frontier Components,SKU0009,MRO Item 009,MRO,2025-03-29,66,779.34,51436.44
PO2025001156,V013,Metro Fasteners,SKU0068,Packaging Item 068,Packaging,2025-07-28,133,103.21,13726.93
PO2025001157,V027,Crest Chemicals,SKU0029,Electrical Item 029,Electrical,2026-02-01,65,1834.02,119211.3
PO2025001158,V030,Frontier Components,SKU0073,MRO Item 073,MRO,2026-06-18,225,527.44,118674.0
PO2025001159,V015,Orbit Maintenance Supplies,SKU0074,IT Item 074,IT,2025-10-05,208,24771.25,5152420.0
PO2025001160,V033,Innovatech Solutions,SKU0036,Packaging Item 036,Packaging,2026-08-03,53,176.59,9359.27
PO2025001161,V007,Gamma Safety Solutions,SKU0009,MRO Item 009,MRO,2025-08-09,78,742.75,57934.5
PO2025001162,V018,Ridgeway Bearings,SKU0078,Safety Item 078,Safety,2026-01-24,7,745.91,5221.37
PO2025001163,V031,Ganga Hardware Traders,SKU0067,Office Supplies Item 067,Office Supplies,2026-02-01,166,267.65,44429.9
PO2025001164,V012,Lotus Packaging India Pvt Ltd,SKU0037,Electrical Item 037,Electrical,2026-02-08,162,1285.73,208288.26
PO2025001165,V008,Horizon IT Distribution,SKU0059,Office Supplies Item 059,Office Supplies,2026-03-06,162,194.36,31486.32
PO2025001166,V034,Jade Logistics Supplies,SKU0015,Mechanical Item 015,Mechanical,2026-06-16,182,3544.62,645120.84
PO2025001167,V033,Innovatech Solutions,SKU0004,Packaging Item 004,Packaging,2026-06-06,77,201.07,15482.39
PO2025001168,V016,Prime Tools & Components,SKU0001,MRO Item 001,MRO,2026-07-18,160,883.16,141305.6
PO2025001169,V008,Horizon IT Distribution,SKU0002,IT Item 002,IT,2025-03-21,72,12947.18,932196.96
PO2025001170,V026,Bharat Industrial Stores,SKU0055,Mechanical Item 055,Mechanical,2025-03-21,63,2083.95,131288.85
PO2025001171,V017,Quantum Electricals,SKU0010,IT Item 010,IT,2025-05-12,87,11719.3,1019579.1
PO2025001172,V013,Metro Fasteners,SKU0022,Safety Item 022,Safety,2025-08-20,71,641.95,45578.45
PO2025001173,V012,Lotus Packaging India Pvt Ltd,SKU0048,Facility Item 048,Facility,2025-05-29,223,941.38,209927.74
PO2025001174,V030,Frontier Components,SKU0003,Office Supplies Item 003,Office Supplies,2026-04-20,58,478.28,27740.24
PO2025001175,V025,Arun Safety & PPE,SKU0025,MRO Item 025,MRO,2026-06-12,113,638.31,72129.03
PO2025001176,V034,Jade Logistics Supplies,SKU0046,Safety Item 046,Safety,2025-07-19,49,764.68,37469.32
PO2025001177,V010,Jupiter Office Products,SKU0010,IT Item 010,IT,2025-09-16,70,12752.31,892661.7
PO2025001178,V024,Zenith Engineering Supplies,SKU0011,Office Supplies Item 011,Office Supplies,2025-12-11,11,422.35,4645.85
PO2025001179,V004,Delta Engineering Components,SKU0058,IT Item 058,IT,2025-08-24,2,32134.47,64268.94
PO2025001180,V012,Lotus Packaging India Pvt Ltd,SKU0040,Facility Item 040,Facility,2026-05-27,183,1349.72,246998.76
PO2025001181,V038,NexGen Components,SKU0055,Mechanical Item 055,Mechanical,2025-08-08,29,2034.95,59013.55
PO2025001182,V016,Prime Tools & Components,SKU0077,Electrical Item 077,Electrical,2026-04-11,20,1207.14,24142.8
PO2025001183,V026,Bharat Industrial Stores,SKU0054,Safety Item 054,Safety,2025-04-14,184,686.41,126299.44
PO2025001184,V035,Keystone Industrial Products,SKU0064,Facility Item 064,Facility,2025-11-29,131,1211.22,158669.82
PO2025001185,V010,Jupiter Office Products,SKU0040,Facility Item 040,Facility,2025-04-12,41,1179.33,48352.53
PO2025001186,V011,Kaveri Industrial Traders,SKU0068,Packaging Item 068,Packaging,2025-09-01,186,104.43,19423.98
PO2025001187,V039,Omkar Facility Products,SKU0045,Electrical Item 045,Electrical,2026-02-19,124,1592.63,197486.12
PO2025001188,V032,Helios Controls,SKU0002,IT Item 002,IT,2025-05-25,75,10632.31,797423.25
PO2025001189,V010,Jupiter Office Products,SKU0007,Mechanical Item 007,Mechanical,2026-02-07,107,2964.69,317221.83
PO2025001190,V030,Frontier Components,SKU0031,Mechanical Item 031,Mechanical,2025-12-28,120,6979.87,837584.4
PO2025001191,V008,Horizon IT Distribution,SKU0060,Packaging Item 060,Packaging,2025-03-19,244,198.08,48331.52
PO2025001192,V032,Helios Controls,SKU0075,Office Supplies Item 075,Office Supplies,2026-06-22,250,381.48,95370.0
PO2025001193,V024,Zenith Engineering Supplies,SKU0076,Packaging Item 076,Packaging,2025-08-04,79,178.01,14062.79
PO2025001194,V031,Ganga Hardware Traders,SKU0052,Packaging Item 052,Packaging,2026-04-05,185,173.95,32180.75
PO2025001195,V001,Apex Industrial Supplies Pvt Ltd,SKU0006,Safety Item 006,Safety,2026-02-08,140,391.42,54798.8
PO2025001196,V012,Lotus Packaging India Pvt Ltd,SKU0059,Office Supplies Item 059,Office Supplies,2026-07-27,45,226.85,10208.25
PO2025001197,V014,Nova Tech Systems,SKU0063,Mechanical Item 063,Mechanical,2025-01-12,150,3005.27,450790.5
PO2025001198,V032,Helios Controls,SKU0022,Safety Item 022,Safety,2025-08-27,49,523.9,25671.1
PO2025001199,V008,Horizon IT Distribution,SKU0001,MRO Item 001,MRO,2026-08-07,242,906.34,219334.28
PO2025001200,V035,Keystone Industrial Products,SKU0002,IT Item 002,IT,2025-02-11,128,10446.65,1337171.2
PO2025001201,V026,Bharat Industrial Stores,SKU0014,Safety Item 014,Safety,2026-06-18,72,1380.55,99399.6
PO2025001202,V036,Lumina Office Technologies,SKU0049,MRO Item 049,MRO,2025-04-15,87,1215.16,105718.92
PO2025001203,V029,Eagle Stationery Solutions,SKU0004,Packaging Item 004,Packaging,2025-06-12,151,195.41,29506.91
PO2025001204,V009,Indus Mechanical Works,SKU0020,Packaging Item 020,Packaging,2025-05-02,100,106.62,10662.0
PO2025001205,V004,Delta Engineering Components,SKU0016,Facility Item 016,Facility,2025-09-13,226,689.31,155784.06
PO2025001206,V004,Delta Engineering Components,SKU0066,IT Item 066,IT,2026-06-14,112,24753.54,2772396.48
PO2025001207,V032,Helios Controls,SKU0035,Office Supplies Item 035,Office Supplies,2026-08-15,67,425.79,28527.93
PO2025001208,V027,Crest Chemicals,SKU0060,Packaging Item 060,Packaging,2025-06-18,3,178.61,535.83
PO2025001209,V034,Jade Logistics Supplies,SKU0031,Mechanical Item 031,Mechanical,2026-03-06,89,6996.64,622700.96
PO2025001210,V006,Falcon Electricals India Pvt Ltd,SKU0051,Office Supplies Item 051,Office Supplies,2026-05-09,118,339.78,40094.04
PO2025001211,V006,Falcon Electricals India Pvt Ltd,SKU0010,IT Item 010,IT,2025-07-05,19,13404.15,254678.85
PO2025001212,V018,Ridgeway Bearings,SKU0013,Electrical Item 013,Electrical,2025-05-21,75,1494.14,112060.5
PO2025001213,V009,Indus Mechanical Works,SKU0054,Safety Item 054,Safety,2026-04-16,163,594.83,96957.29
PO2025001214,V020,Trident Facility Services,SKU0045,Electrical Item 045,Electrical,2026-01-31,93,1406.19,130775.67
PO2025001215,V020,Trident Facility Services,SKU0070,Safety Item 070,Safety,2026-06-07,99,771.9,76418.1
PO2025001216,V029,Eagle Stationery Solutions,SKU0058,IT Item 058,IT,2025-06-28,157,36534.69,5735946.33
PO2025001217,V040,Pioneer Electrical Traders,SKU0060,Packaging Item 060,Packaging,2025-11-03,71,206.76,14679.96
PO2025001218,V034,Jade Logistics Supplies,SKU0012,Packaging Item 012,Packaging,2026-04-26,92,167.36,15397.12
PO2025001219,V019,Sigma Industrial Products,SKU0064,Facility Item 064,Facility,2026-01-27,183,1161.39,212534.37
PO2025001220,V001,Apex Industrial Supplies Pvt Ltd,SKU0066,IT Item 066,IT,2025-03-14,218,27680.99,6034455.82
PO2025001221,V028,Dynamo Power Systems,SKU0006,Safety Item 006,Safety,2025-07-02,55,470.02,25851.1
PO2025001222,V029,Eagle Stationery Solutions,SKU0042,IT Item 042,IT,2025-07-05,67,25938.89,1737905.63
PO2025001223,V021,United Process Equipment,SKU0003,Office Supplies Item 003,Office Supplies,2026-05-20,233,403.24,93954.92
PO2025001224,V016,Prime Tools & Components,SKU0026,IT Item 026,IT,2025-10-10,24,17307.13,415371.12
PO2025001225,V002,BluePeak Office Systems Pvt Ltd,SKU0018,IT Item 018,IT,2025-03-26,178,12325.95,2194019.1
PO2025001226,V011,Kaveri Industrial Traders,SKU0037,Electrical Item 037,Electrical,2026-08-29,166,1241.71,206123.86
PO2025001227,V032,Helios Controls,SKU0030,Safety Item 030,Safety,2026-07-21,132,1059.34,139832.88
PO2025001228,V035,Keystone Industrial Products,SKU0040,Facility Item 040,Facility,2025-10-19,47,1179.95,55457.65
PO2025001229,V024,Zenith Engineering Supplies,SKU0012,Packaging Item 012,Packaging,2025-07-31,163,163.0,26569.0
PO2025001230,V015,Orbit Maintenance Supplies,SKU0066,IT Item 066,IT,2025-09-21,173,23458.4,4058303.2
PO2025001231,V009,Indus Mechanical Works,SKU0071,Mechanical Item 071,Mechanical,2025-01-15,5,1382.27,6911.35
PO2025001232,V027,Crest Chemicals,SKU0031,Mechanical Item 031,Mechanical,2025-03-22,238,6361.96,1514146.48
PO2025001233,V016,Prime Tools & Components,SKU0022,Safety Item 022,Safety,2026-08-15,95,576.92,54807.4
PO2025001234,V030,Frontier Components,SKU0028,Packaging Item 028,Packaging,2025-05-03,133,152.01,20217.33
PO2025001235,V001,Apex Industrial Supplies Pvt Ltd,SKU0030,Safety Item 030,Safety,2026-03-27,125,941.08,117635.0
PO2025001236,V040,Pioneer Electrical Traders,SKU0050,IT Item 050,IT,2026-05-13,213,19571.06,4168635.78
PO2025001237,V035,Keystone Industrial Products,SKU0056,Facility Item 056,Facility,2025-06-06,90,675.31,60777.9
PO2025001238,V030,Frontier Components,SKU0010,IT Item 010,IT,2025-12-25,10,13193.71,131937.1
PO2025001239,V025,Arun Safety & PPE,SKU0035,Office Supplies Item 035,Office Supplies,2025-01-20,237,394.63,93527.31
PO2025001240,V011,Kaveri Industrial Traders,SKU0037,Electrical Item 037,Electrical,2025-02-04,93,1249.52,116205.36
PO2025001241,V030,Frontier Components,SKU0038,Safety Item 038,Safety,2025-01-30,229,529.51,121257.79
PO2025001242,V035,Keystone Industrial Products,SKU0070,Safety Item 070,Safety,2025-01-06,170,729.11,123948.7
PO2025001243,V007,Gamma Safety Solutions,SKU0058,IT Item 058,IT,2025-07-04,71,37792.83,2683290.93
PO2025001244,V037,Magnus Tools,SKU0010,IT Item 010,IT,2025-10-25,13,13429.5,174583.5
PO2025001245,V004,Delta Engineering Components,SKU0060,Packaging Item 060,Packaging,2026-08-24,58,207.13,12013.54
PO2025001246,V031,Ganga Hardware Traders,SKU0050,IT Item 050,IT,2025-10-11,31,19163.6,594071.6
PO2025001247,V006,Falcon Electricals India Pvt Ltd,SKU0023,Mechanical Item 023,Mechanical,2025-05-30,69,4506.06,310918.14
PO2025001248,V030,Frontier Components,SKU0036,Packaging Item 036,Packaging,2025-07-07,89,176.9,15744.1
PO2025001249,V001,Apex Industrial Supplies Pvt Ltd,SKU0076,Packaging Item 076,Packaging,2026-04-18,96,149.38,14340.48
PO2025001250,V039,Omkar Facility Products,SKU0080,Facility Item 080,Facility,2025-01-10,197,759.54,149629.38
PO2025001251,V028,Dynamo Power Systems,SKU0073,MRO Item 073,MRO,2026-09-01,5,599.98,2999.9
PO2025001252,V032,Helios Controls,SKU0062,Safety Item 062,Safety,2026-07-09,192,639.5,122784.0
PO2025001253,V032,Helios Controls,SKU0001,MRO Item 001,MRO,2025-06-30,225,864.71,194559.75
PO2025001254,V024,Zenith Engineering Supplies,SKU0076,Packaging Item 076,Packaging,2025-08-11,101,176.64,17840.64
PO2025001255,V029,Eagle Stationery Solutions,SKU0026,IT Item 026,IT,2026-05-19,50,15937.75,796887.5
PO2025001256,V030,Frontier Components,SKU0057,MRO Item 057,MRO,2025-05-14,213,688.07,146558.91
PO2025001257,V013,Metro Fasteners,SKU0070,Safety Item 070,Safety,2025-06-02,18,759.78,13676.04
PO2025001258,V008,Horizon IT Distribution,SKU0004,Packaging Item 004,Packaging,2025-09-04,80,201.96,16156.8
PO2025001259,V008,Horizon IT Distribution,SKU0009,MRO Item 009,MRO,2026-01-05,219,855.86,187433.34
PO2025001260,V033,Innovatech Solutions,SKU0057,MRO Item 057,MRO,2025-02-21,22,689.71,15173.62
PO2025001261,V021,United Process Equipment,SKU0008,Facility Item 008,Facility,2025-06-28,198,797.97,157998.06
PO2025001262,V022,Vertex Automation,SKU0068,Packaging Item 068,Packaging,2025-12-10,233,93.78,21850.74
PO2025001263,V037,Magnus Tools,SKU0046,Safety Item 046,Safety,2026-04-18,44,951.8,41879.2
PO2025001264,V006,Falcon Electricals India Pvt Ltd,SKU0023,Mechanical Item 023,Mechanical,2025-09-22,35,4699.86,164495.1
PO2025001265,V036,Lumina Office Technologies,SKU0049,MRO Item 049,MRO,2025-01-29,157,1028.34,161449.38
PO2025001266,V017,Quantum Electricals,SKU0034,IT Item 034,IT,2026-05-06,138,13069.12,1803538.56
PO2025001267,V015,Orbit Maintenance Supplies,SKU0017,MRO Item 017,MRO,2026-03-13,158,1021.97,161471.26
PO2025001268,V018,Ridgeway Bearings,SKU0041,MRO Item 041,MRO,2026-02-27,88,1252.28,110200.64
PO2025001269,V013,Metro Fasteners,SKU0006,Safety Item 006,Safety,2026-01-31,143,389.31,55671.33
PO2025001270,V026,Bharat Industrial Stores,SKU0003,Office Supplies Item 003,Office Supplies,2026-04-11,10,470.31,4703.1
PO2025001271,V036,Lumina Office Technologies,SKU0008,Facility Item 008,Facility,2026-03-02,37,838.55,31026.35
PO2025001272,V001,Apex Industrial Supplies Pvt Ltd,SKU0014,Safety Item 014,Safety,2025-03-31,85,1193.42,101440.7
PO2025001273,V002,BluePeak Office Systems Pvt Ltd,SKU0039,Mechanical Item 039,Mechanical,2026-04-02,130,1960.58,254875.4
PO2025001274,V011,Kaveri Industrial Traders,SKU0045,Electrical Item 045,Electrical,2025-03-18,54,1616.69,87301.26
PO2025001275,V039,Omkar Facility Products,SKU0054,Safety Item 054,Safety,2025-04-25,167,701.79,117198.93
PO2025001276,V031,Ganga Hardware Traders,SKU0040,Facility Item 040,Facility,2026-03-13,33,1334.82,44049.06
PO2025001277,V025,Arun Safety & PPE,SKU0077,Electrical Item 077,Electrical,2025-10-30,216,1213.91,262204.56
PO2025001278,V003,Crown Packaging Solutions,SKU0005,Electrical Item 005,Electrical,2025-10-20,10,612.58,6125.8
PO2025001279,V010,Jupiter Office Products,SKU0036,Packaging Item 036,Packaging,2025-05-31,173,215.42,37267.66
PO2025001280,V038,NexGen Components,SKU0062,Safety Item 062,Safety,2025-04-28,140,635.36,88950.4
PO2025001281,V008,Horizon IT Distribution,SKU0076,Packaging Item 076,Packaging,2025-11-16,177,155.82,27580.14
PO2025001282,V011,Kaveri Industrial Traders,SKU0020,Packaging Item 020,Packaging,2025-08-19,88,129.78,11420.64
PO2025001283,V003,Crown Packaging Solutions,SKU0012,Packaging Item 012,Packaging,2025-12-28,52,157.17,8172.84
PO2025001284,V008,Horizon IT Distribution,SKU0013,Electrical Item 013,Electrical,2025-08-22,244,1398.95,341343.8
PO2025001285,V023,Westline Consumables,SKU0054,Safety Item 054,Safety,2026-08-25,26,597.57,15536.82
PO2025001286,V015,Orbit Maintenance Supplies,SKU0058,IT Item 058,IT,2025-11-30,223,34698.92,7737859.16
PO2025001287,V022,Vertex Automation,SKU0029,Electrical Item 029,Electrical,2026-08-01,250,1803.94,450985.0
PO2025001288,V006,Falcon Electricals India Pvt Ltd,SKU0077,Electrical Item 077,Electrical,2026-04-11,227,1166.71,264843.17
PO2025001289,V004,Delta Engineering Components,SKU0049,MRO Item 049,MRO,2025-03-07,193,1074.02,207285.86
PO2025001290,V026,Bharat Industrial Stores,SKU0075,Office Supplies Item 075,Office Supplies,2025-12-20,216,346.95,74941.2
PO2025001291,V003,Crown Packaging Solutions,SKU0020,Packaging Item 020,Packaging,2025-09-24,35,125.99,4409.65
PO2025001292,V036,Lumina Office Technologies,SKU0026,IT Item 026,IT,2025-07-06,231,17366.56,4011675.36
PO2025001293,V038,NexGen Components,SKU0046,Safety Item 046,Safety,2025-03-05,128,774.49,99134.72
PO2025001294,V013,Metro Fasteners,SKU0040,Facility Item 040,Facility,2025-02-19,230,1228.77,282617.1
PO2025001295,V035,Keystone Industrial Products,SKU0077,Electrical Item 077,Electrical,2025-06-19,112,1203.25,134764.0
PO2025001296,V018,Ridgeway Bearings,SKU0043,Office Supplies Item 043,Office Supplies,2025-11-09,38,261.05,9919.9
PO2025001297,V001,Apex Industrial Supplies Pvt Ltd,SKU0057,MRO Item 057,MRO,2025-08-10,72,754.89,54352.08
PO2025001298,V006,Falcon Electricals India Pvt Ltd,SKU0066,IT Item 066,IT,2026-02-03,249,24824.2,6181225.8
PO2025001299,V005,Evergreen Facility Products,SKU0032,Facility Item 032,Facility,2025-09-12,67,706.18,47314.06
PO2025001300,V025,Arun Safety & PPE,SKU0006,Safety Item 006,Safety,2025-05-21,179,388.64,69566.56
PO2025001301,V001,Apex Industrial Supplies Pvt Ltd,SKU0027,Office Supplies Item 027,Office Supplies,2025-05-02,133,433.28,57626.24
PO2025001302,V012,Lotus Packaging India Pvt Ltd,SKU0051,Office Supplies Item 051,Office Supplies,2026-07-31,124,363.12,45026.88
PO2025001303,V008,Horizon IT Distribution,SKU0043,Office Supplies Item 043,Office Supplies,2026-04-04,50,248.03,12401.5
PO2025001304,V007,Gamma Safety Solutions,SKU0043,Office Supplies Item 043,Office Supplies,2025-12-24,246,229.59,56479.14
PO2025001305,V006,Falcon Electricals India Pvt Ltd,SKU0001,MRO Item 001,MRO,2026-02-27,19,997.22,18947.18
PO2025001306,V036,Lumina Office Technologies,SKU0060,Packaging Item 060,Packaging,2026-04-02,197,194.47,38310.59
PO2025001307,V040,Pioneer Electrical Traders,SKU0064,Facility Item 064,Facility,2026-04-02,243,1157.05,281163.15
PO2025001308,V027,Crest Chemicals,SKU0065,MRO Item 065,MRO,2026-01-23,154,1113.14,171423.56
PO2025001309,V035,Keystone Industrial Products,SKU0062,Safety Item 062,Safety,2025-10-31,128,670.99,85886.72
PO2025001310,V034,Jade Logistics Supplies,SKU0025,MRO Item 025,MRO,2025-04-10,127,761.02,96649.54
PO2025001311,V038,NexGen Components,SKU0051,Office Supplies Item 051,Office Supplies,2025-08-09,91,343.81,31286.71
PO2025001312,V039,Omkar Facility Products,SKU0031,Mechanical Item 031,Mechanical,2026-07-18,202,6454.15,1303738.3
PO2025001313,V023,Westline Consumables,SKU0009,MRO Item 009,MRO,2025-04-09,149,884.2,131745.8
PO2025001314,V037,Magnus Tools,SKU0024,Facility Item 024,Facility,2026-01-03,37,781.01,28897.37
PO2025001315,V003,Crown Packaging Solutions,SKU0015,Mechanical Item 015,Mechanical,2025-09-13,185,2868.42,530657.7
PO2025001316,V003,Crown Packaging Solutions,SKU0013,Electrical Item 013,Electrical,2025-07-11,56,1337.72,74912.32
PO2025001317,V013,Metro Fasteners,SKU0011,Office Supplies Item 011,Office Supplies,2025-09-16,190,523.74,99510.6
PO2025001318,V018,Ridgeway Bearings,SKU0064,Facility Item 064,Facility,2026-02-18,2,1233.15,2466.3
PO2025001319,V034,Jade Logistics Supplies,SKU0080,Facility Item 080,Facility,2025-01-18,122,801.01,97723.22
PO2025001320,V015,Orbit Maintenance Supplies,SKU0049,MRO Item 049,MRO,2026-03-28,236,1097.91,259106.76
PO2025001321,V024,Zenith Engineering Supplies,SKU0052,Packaging Item 052,Packaging,2025-01-15,110,164.1,18051.0
PO2025001322,V016,Prime Tools & Components,SKU0080,Facility Item 080,Facility,2026-01-28,187,884.62,165423.94
PO2025001323,V010,Jupiter Office Products,SKU0077,Electrical Item 077,Electrical,2026-07-13,224,1144.96,256471.04
PO2025001324,V003,Crown Packaging Solutions,SKU0042,IT Item 042,IT,2026-06-09,21,22174.82,465671.22
PO2025001325,V003,Crown Packaging Solutions,SKU0043,Office Supplies Item 043,Office Supplies,2026-08-17,64,245.84,15733.76
PO2025001326,V004,Delta Engineering Components,SKU0058,IT Item 058,IT,2025-08-11,137,38667.89,5297500.93
PO2025001327,V013,Metro Fasteners,SKU0066,IT Item 066,IT,2025-09-05,47,26543.75,1247556.25
PO2025001328,V018,Ridgeway Bearings,SKU0018,IT Item 018,IT,2026-01-01,95,11198.35,1063843.25
PO2025001329,V009,Indus Mechanical Works,SKU0049,MRO Item 049,MRO,2026-05-06,6,1094.67,6568.02
PO2025001330,V008,Horizon IT Distribution,SKU0056,Facility Item 056,Facility,2025-02-04,184,665.48,122448.32
PO2025001331,V032,Helios Controls,SKU0025,MRO Item 025,MRO,2025-09-22,97,722.79,70110.63
PO2025001332,V024,Zenith Engineering Supplies,SKU0032,Facility Item 032,Facility,2025-02-27,222,851.94,189130.68
PO2025001333,V017,Quantum Electricals,SKU0040,Facility Item 040,Facility,2026-05-28,115,1277.75,146941.25
PO2025001334,V017,Quantum Electricals,SKU0001,MRO Item 001,MRO,2025-12-20,44,968.15,42598.6
PO2025001335,V040,Pioneer Electrical Traders,SKU0052,Packaging Item 052,Packaging,2025-11-13,54,161.45,8718.3
PO2025001336,V017,Quantum Electricals,SKU0056,Facility Item 056,Facility,2026-01-06,91,654.19,59531.29
PO2025001337,V014,Nova Tech Systems,SKU0042,IT Item 042,IT,2025-04-13,126,21655.79,2728629.54
PO2025001338,V024,Zenith Engineering Supplies,SKU0001,MRO Item 001,MRO,2025-07-09,197,896.81,176671.57
PO2025001339,V029,Eagle Stationery Solutions,SKU0017,MRO Item 017,MRO,2025-08-05,91,1082.51,98508.41
PO2025001340,V026,Bharat Industrial Stores,SKU0035,Office Supplies Item 035,Office Supplies,2025-07-30,90,459.3,41337.0
PO2025001341,V002,BluePeak Office Systems Pvt Ltd,SKU0013,Electrical Item 013,Electrical,2025-12-17,189,1318.28,249154.92
PO2025001342,V027,Crest Chemicals,SKU0034,IT Item 034,IT,2026-02-27,83,11982.16,994519.28
PO2025001343,V021,United Process Equipment,SKU0001,MRO Item 001,MRO,2026-03-09,7,1042.23,7295.61
PO2025001344,V005,Evergreen Facility Products,SKU0075,Office Supplies Item 075,Office Supplies,2026-06-27,59,327.0,19293.0
PO2025001345,V032,Helios Controls,SKU0072,Facility Item 072,Facility,2025-10-28,52,575.15,29907.8
PO2025001346,V030,Frontier Components,SKU0054,Safety Item 054,Safety,2026-03-03,10,723.18,7231.8
PO2025001347,V003,Crown Packaging Solutions,SKU0017,MRO Item 017,MRO,2025-05-31,220,953.18,209699.6
PO2025001348,V025,Arun Safety & PPE,SKU0073,MRO Item 073,MRO,2026-05-06,59,600.61,35435.99
PO2025001349,V027,Crest Chemicals,SKU0020,Packaging Item 020,Packaging,2025-01-12,159,118.71,18874.89
PO2025001350,V013,Metro Fasteners,SKU0055,Mechanical Item 055,Mechanical,2026-01-13,120,2227.52,267302.4
PO2025001351,V032,Helios Controls,SKU0037,Electrical Item 037,Electrical,2025-12-06,37,1535.05,56796.85
PO2025001352,V032,Helios Controls,SKU0015,Mechanical Item 015,Mechanical,2025-04-27,134,3380.34,452965.56
PO2025001353,V038,NexGen Components,SKU0009,MRO Item 009,MRO,2025-11-11,178,912.53,162430.34
PO2025001354,V015,Orbit Maintenance Supplies,SKU0048,Facility Item 048,Facility,2026-08-26,153,1166.28,178440.84
PO2025001355,V020,Trident Facility Services,SKU0028,Packaging Item 028,Packaging,2026-01-17,94,129.23,12147.62
PO2025001356,V015,Orbit Maintenance Supplies,SKU0029,Electrical Item 029,Electrical,2025-10-21,10,1834.45,18344.5
PO2025001357,V015,Orbit Maintenance Supplies,SKU0032,Facility Item 032,Facility,2025-05-18,245,730.66,179011.7
PO2025001358,V014,Nova Tech Systems,SKU0075,Office Supplies Item 075,Office Supplies,2026-07-07,27,352.24,9510.48
PO2025001359,V033,Innovatech Solutions,SKU0025,MRO Item 025,MRO,2025-02-08,250,652.97,163242.5
PO2025001360,V009,Indus Mechanical Works,SKU0053,Electrical Item 053,Electrical,2025-11-23,145,798.05,115717.25
PO2025001361,V005,Evergreen Facility Products,SKU0043,Office Supplies Item 043,Office Supplies,2026-07-29,88,244.15,21485.2
PO2025001362,V001,Apex Industrial Supplies Pvt Ltd,SKU0028,Packaging Item 028,Packaging,2026-01-16,91,135.75,12353.25
PO2025001363,V018,Ridgeway Bearings,SKU0003,Office Supplies Item 003,Office Supplies,2026-03-07,124,397.23,49256.52
PO2025001364,V034,Jade Logistics Supplies,SKU0053,Electrical Item 053,Electrical,2025-01-09,224,795.29,178144.96
PO2025001365,V019,Sigma Industrial Products,SKU0006,Safety Item 006,Safety,2025-06-22,144,478.33,68879.52
PO2025001366,V021,United Process Equipment,SKU0045,Electrical Item 045,Electrical,2026-07-08,109,1638.26,178570.34
PO2025001367,V023,Westline Consumables,SKU0001,MRO Item 001,MRO,2026-03-15,155,978.53,151672.15
PO2025001368,V039,Omkar Facility Products,SKU0042,IT Item 042,IT,2026-05-09,138,25490.18,3517644.84
PO2025001369,V007,Gamma Safety Solutions,SKU0012,Packaging Item 012,Packaging,2025-11-27,159,185.36,29472.24
PO2025001370,V002,BluePeak Office Systems Pvt Ltd,SKU0077,Electrical Item 077,Electrical,2025-03-27,99,1332.76,131943.24
PO2025001371,V033,Innovatech Solutions,SKU0008,Facility Item 008,Facility,2025-06-23,193,912.44,176100.92
PO2025001372,V012,Lotus Packaging India Pvt Ltd,SKU0036,Packaging Item 036,Packaging,2026-06-10,110,196.38,21601.8
PO2025001373,V021,United Process Equipment,SKU0018,IT Item 018,IT,2025-07-19,24,10939.83,262555.92
PO2025001374,V027,Crest Chemicals,SKU0010,IT Item 010,IT,2025-06-23,97,13750.5,1333798.5
PO2025001375,V011,Kaveri Industrial Traders,SKU0017,MRO Item 017,MRO,2025-07-11,185,1047.09,193711.65
PO2025001376,V028,Dynamo Power Systems,SKU0026,IT Item 026,IT,2026-06-25,36,15859.25,570933.0
PO2025001377,V001,Apex Industrial Supplies Pvt Ltd,SKU0039,Mechanical Item 039,Mechanical,2026-04-24,225,1597.77,359498.25
PO2025001378,V004,Delta Engineering Components,SKU0064,Facility Item 064,Facility,2025-09-12,81,1309.34,106056.54
PO2025001379,V001,Apex Industrial Supplies Pvt Ltd,SKU0009,MRO Item 009,MRO,2026-04-27,239,925.84,221275.76
PO2025001380,V034,Jade Logistics Supplies,SKU0071,Mechanical Item 071,Mechanical,2026-08-12,49,1365.98,66933.02
PO2025001381,V024,Zenith Engineering Supplies,SKU0053,Electrical Item 053,Electrical,2025-12-27,219,772.45,169166.55
PO2025001382,V024,Zenith Engineering Supplies,SKU0080,Facility Item 080,Facility,2025-08-01,87,770.87,67065.69
PO2025001383,V019,Sigma Industrial Products,SKU0032,Facility Item 032,Facility,2025-03-02,108,815.69,88094.52
PO2025001384,V017,Quantum Electricals,SKU0052,Packaging Item 052,Packaging,2026-03-05,27,159.86,4316.22
PO2025001385,V015,Orbit Maintenance Supplies,SKU0070,Safety Item 070,Safety,2025-01-02,6,750.7,4504.2
PO2025001386,V001,Apex Industrial Supplies Pvt Ltd,SKU0035,Office Supplies Item 035,Office Supplies,2026-05-05,66,438.73,28956.18
PO2025001387,V029,Eagle Stationery Solutions,SKU0049,MRO Item 049,MRO,2025-02-15,110,1115.27,122679.7
PO2025001388,V014,Nova Tech Systems,SKU0071,Mechanical Item 071,Mechanical,2026-04-22,171,1577.17,269696.07
PO2025001389,V017,Quantum Electricals,SKU0029,Electrical Item 029,Electrical,2025-01-03,63,1677.91,105708.33
PO2025001390,V002,BluePeak Office Systems Pvt Ltd,SKU0065,MRO Item 065,MRO,2025-01-23,157,1252.15,196587.55
PO2025001391,V007,Gamma Safety Solutions,SKU0025,MRO Item 025,MRO,2025-03-02,223,685.98,152973.54
PO2025001392,V005,Evergreen Facility Products,SKU0006,Safety Item 006,Safety,2025-01-14,62,413.37,25628.94
PO2025001393,V024,Zenith Engineering Supplies,SKU0018,IT Item 018,IT,2026-03-14,175,13030.89,2280405.75
PO2025001394,V030,Frontier Components,SKU0011,Office Supplies Item 011,Office Supplies,2025-10-14,108,530.55,57299.4
PO2025001395,V018,Ridgeway Bearings,SKU0049,MRO Item 049,MRO,2025-05-02,84,1261.8,105991.2
PO2025001396,V013,Metro Fasteners,SKU0044,Packaging Item 044,Packaging,2026-06-01,216,119.18,25742.88
PO2025001397,V017,Quantum Electricals,SKU0070,Safety Item 070,Safety,2026-08-26,205,728.19,149278.95
PO2025001398,V035,Keystone Industrial Products,SKU0011,Office Supplies Item 011,Office Supplies,2025-11-06,108,498.53,53841.24
PO2025001399,V020,Trident Facility Services,SKU0043,Office Supplies Item 043,Office Supplies,2026-09-02,64,257.03,16449.92
PO2025001400,V039,Omkar Facility Products,SKU0073,MRO Item 073,MRO,2026-05-08,192,524.76,100753.92
PO2025001401,V001,Apex Industrial Supplies Pvt Ltd,SKU0032,Facility Item 032,Facility,2025-04-28,117,865.01,101206.17
PO2025001402,V023,Westline Consumables,SKU0053,Electrical Item 053,Electrical,2026-07-23,134,830.24,111252.16
PO2025001403,V031,Ganga Hardware Traders,SKU0062,Safety Item 062,Safety,2025-01-12,248,653.42,162048.16
PO2025001404,V015,Orbit Maintenance Supplies,SKU0036,Packaging Item 036,Packaging,2025-06-11,95,202.32,19220.4
PO2025001405,V028,Dynamo Power Systems,SKU0026,IT Item 026,IT,2026-02-07,33,16582.6,547225.8
PO2025001406,V031,Ganga Hardware Traders,SKU0018,IT Item 018,IT,2026-07-01,199,11829.16,2354002.84
PO2025001407,V003,Crown Packaging Solutions,SKU0020,Packaging Item 020,Packaging,2025-06-29,182,125.1,22768.2
PO2025001408,V020,Trident Facility Services,SKU0050,IT Item 050,IT,2026-05-09,7,20522.23,143655.61
PO2025001409,V029,Eagle Stationery Solutions,SKU0012,Packaging Item 012,Packaging,2026-07-24,50,177.78,8889.0
PO2025001410,V008,Horizon IT Distribution,SKU0005,Electrical Item 005,Electrical,2025-09-14,100,660.55,66055.0
PO2025001411,V001,Apex Industrial Supplies Pvt Ltd,SKU0017,MRO Item 017,MRO,2025-03-21,52,1071.34,55709.68
PO2025001412,V031,Ganga Hardware Traders,SKU0002,IT Item 002,IT,2025-04-10,34,11636.52,395641.68
PO2025001413,V001,Apex Industrial Supplies Pvt Ltd,SKU0028,Packaging Item 028,Packaging,2026-03-19,243,130.85,31796.55
PO2025001414,V025,Arun Safety & PPE,SKU0038,Safety Item 038,Safety,2025-03-09,152,524.93,79789.36
PO2025001415,V026,Bharat Industrial Stores,SKU0015,Mechanical Item 015,Mechanical,2025-10-29,190,3590.95,682280.5
PO2025001416,V037,Magnus Tools,SKU0005,Electrical Item 005,Electrical,2025-07-05,137,673.44,92261.28
PO2025001417,V002,BluePeak Office Systems Pvt Ltd,SKU0074,IT Item 074,IT,2025-02-21,58,21888.13,1269511.54
PO2025001418,V032,Helios Controls,SKU0009,MRO Item 009,MRO,2025-08-15,141,849.09,119721.69
PO2025001419,V026,Bharat Industrial Stores,SKU0057,MRO Item 057,MRO,2026-02-08,36,787.96,28366.56
PO2025001420,V016,Prime Tools & Components,SKU0026,IT Item 026,IT,2025-10-13,173,14787.89,2558304.97
PO2025001421,V034,Jade Logistics Supplies,SKU0072,Facility Item 072,Facility,2025-02-10,124,561.41,69614.84
PO2025001422,V039,Omkar Facility Products,SKU0068,Packaging Item 068,Packaging,2026-01-29,203,100.62,20425.86
PO2025001423,V040,Pioneer Electrical Traders,SKU0079,Mechanical Item 079,Mechanical,2025-06-04,175,3817.53,668067.75
PO2025001424,V035,Keystone Industrial Products,SKU0019,Office Supplies Item 019,Office Supplies,2026-03-01,201,506.08,101722.08
PO2025001425,V007,Gamma Safety Solutions,SKU0068,Packaging Item 068,Packaging,2026-04-18,130,99.42,12924.6
PO2025001426,V032,Helios Controls,SKU0034,IT Item 034,IT,2026-04-23,56,12542.27,702367.12
PO2025001427,V027,Crest Chemicals,SKU0037,Electrical Item 037,Electrical,2026-08-04,73,1459.98,106578.54
PO2025001428,V036,Lumina Office Technologies,SKU0058,IT Item 058,IT,2026-08-10,225,32854.08,7392168.0
PO2025001429,V003,Crown Packaging Solutions,SKU0032,Facility Item 032,Facility,2026-03-14,63,762.42,48032.46
PO2025001430,V021,United Process Equipment,SKU0042,IT Item 042,IT,2026-07-19,63,21696.26,1366864.38
PO2025001431,V034,Jade Logistics Supplies,SKU0005,Electrical Item 005,Electrical,2025-08-29,39,607.41,23688.99
PO2025001432,V002,BluePeak Office Systems Pvt Ltd,SKU0047,Mechanical Item 047,Mechanical,2026-07-15,52,3454.07,179611.64
PO2025001433,V021,United Process Equipment,SKU0058,IT Item 058,IT,2025-04-28,170,35648.44,6060234.8
PO2025001434,V013,Metro Fasteners,SKU0038,Safety Item 038,Safety,2025-12-14,129,524.6,67673.4
PO2025001435,V028,Dynamo Power Systems,SKU0032,Facility Item 032,Facility,2025-09-14,15,712.77,10691.55
PO2025001436,V021,United Process Equipment,SKU0014,Safety Item 014,Safety,2025-09-20,65,1329.17,86396.05
PO2025001437,V019,Sigma Industrial Products,SKU0050,IT Item 050,IT,2026-08-26,108,20454.6,2209096.8
PO2025001438,V036,Lumina Office Technologies,SKU0018,IT Item 018,IT,2026-03-22,108,13096.43,1414414.44
PO2025001439,V015,Orbit Maintenance Supplies,SKU0063,Mechanical Item 063,Mechanical,2026-08-02,245,2599.12,636784.4
PO2025001440,V006,Falcon Electricals India Pvt Ltd,SKU0004,Packaging Item 004,Packaging,2025-08-19,58,191.03,11079.74
PO2025001441,V018,Ridgeway Bearings,SKU0043,Office Supplies Item 043,Office Supplies,2025-12-19,247,247.6,61157.2
PO2025001442,V035,Keystone Industrial Products,SKU0050,IT Item 050,IT,2025-04-11,241,21313.71,5136604.11
PO2025001443,V003,Crown Packaging Solutions,SKU0007,Mechanical Item 007,Mechanical,2026-06-29,212,2627.98,557131.76
PO2025001444,V032,Helios Controls,SKU0045,Electrical Item 045,Electrical,2026-01-24,49,1527.41,74843.09
PO2025001445,V029,Eagle Stationery Solutions,SKU0018,IT Item 018,IT,2026-05-14,132,11542.57,1523619.24
PO2025001446,V031,Ganga Hardware Traders,SKU0013,Electrical Item 013,Electrical,2025-10-19,153,1566.08,239610.24
PO2025001447,V022,Vertex Automation,SKU0024,Facility Item 024,Facility,2026-06-22,9,818.08,7362.72
PO2025001448,V003,Crown Packaging Solutions,SKU0061,Electrical Item 061,Electrical,2025-10-01,238,692.08,164715.04
PO2025001449,V027,Crest Chemicals,SKU0040,Facility Item 040,Facility,2025-10-07,208,1369.13,284779.04
PO2025001450,V029,Eagle Stationery Solutions,SKU0039,Mechanical Item 039,Mechanical,2025-06-30,247,1955.47,483001.09
PO2025001451,V025,Arun Safety & PPE,SKU0009,MRO Item 009,MRO,2025-11-01,118,864.83,102049.94
PO2025001452,V027,Crest Chemicals,SKU0058,IT Item 058,IT,2025-04-21,4,40434.12,161736.48
PO2025001453,V028,Dynamo Power Systems,SKU0069,Electrical Item 069,Electrical,2025-09-23,115,1967.36,226246.4
PO2025001454,V021,United Process Equipment,SKU0001,MRO Item 001,MRO,2025-01-11,98,898.51,88053.98
PO2025001455,V007,Gamma Safety Solutions,SKU0054,Safety Item 054,Safety,2026-09-02,6,693.62,4161.72
PO2025001456,V021,United Process Equipment,SKU0077,Electrical Item 077,Electrical,2026-08-24,135,1185.89,160095.15
PO2025001457,V029,Eagle Stationery Solutions,SKU0051,Office Supplies Item 051,Office Supplies,2026-07-29,232,323.14,74968.48
PO2025001458,V020,Trident Facility Services,SKU0063,Mechanical Item 063,Mechanical,2025-09-17,98,2671.95,261851.1
PO2025001459,V008,Horizon IT Distribution,SKU0042,IT Item 042,IT,2025-10-12,139,23537.23,3271674.97
PO2025001460,V028,Dynamo Power Systems,SKU0074,IT Item 074,IT,2026-05-18,13,21995.08,285936.04
PO2025001461,V033,Innovatech Solutions,SKU0018,IT Item 018,IT,2025-01-21,113,11793.92,1332712.96
PO2025001462,V014,Nova Tech Systems,SKU0009,MRO Item 009,MRO,2025-10-18,100,840.52,84052.0
PO2025001463,V011,Kaveri Industrial Traders,SKU0075,Office Supplies Item 075,Office Supplies,2026-08-27,129,360.65,46523.85
PO2025001464,V008,Horizon IT Distribution,SKU0023,Mechanical Item 023,Mechanical,2026-05-13,241,5014.19,1208419.79
PO2025001465,V008,Horizon IT Distribution,SKU0022,Safety Item 022,Safety,2026-07-28,100,519.27,51927.0
PO2025001466,V003,Crown Packaging Solutions,SKU0043,Office Supplies Item 043,Office Supplies,2025-12-23,7,225.41,1577.87
PO2025001467,V016,Prime Tools & Components,SKU0058,IT Item 058,IT,2025-07-03,11,32784.34,360627.74
PO2025001468,V030,Frontier Components,SKU0057,MRO Item 057,MRO,2025-08-05,245,679.69,166524.05
PO2025001469,V012,Lotus Packaging India Pvt Ltd,SKU0050,IT Item 050,IT,2026-02-26,79,19580.2,1546835.8
PO2025001470,V002,BluePeak Office Systems Pvt Ltd,SKU0016,Facility Item 016,Facility,2026-02-22,154,580.06,89329.24
PO2025001471,V005,Evergreen Facility Products,SKU0021,Electrical Item 021,Electrical,2026-04-19,106,1252.36,132750.16
PO2025001472,V029,Eagle Stationery Solutions,SKU0036,Packaging Item 036,Packaging,2025-11-05,60,195.64,11738.4
PO2025001473,V036,Lumina Office Technologies,SKU0020,Packaging Item 020,Packaging,2026-01-20,28,122.25,3423.0
PO2025001474,V031,Ganga Hardware Traders,SKU0027,Office Supplies Item 027,Office Supplies,2025-05-07,102,383.93,39160.86
PO2025001475,V028,Dynamo Power Systems,SKU0044,Packaging Item 044,Packaging,2025-10-05,225,143.38,32260.5
PO2025001476,V010,Jupiter Office Products,SKU0046,Safety Item 046,Safety,2025-01-31,59,859.83,50729.97
PO2025001477,V036,Lumina Office Technologies,SKU0062,Safety Item 062,Safety,2026-03-13,216,734.48,158647.68
PO2025001478,V031,Ganga Hardware Traders,SKU0005,Electrical Item 005,Electrical,2026-03-17,74,565.33,41834.42
PO2025001479,V028,Dynamo Power Systems,SKU0029,Electrical Item 029,Electrical,2025-07-02,79,1545.97,122131.63
PO2025001480,V013,Metro Fasteners,SKU0030,Safety Item 030,Safety,2025-10-18,243,848.29,206134.47
PO2025001481,V033,Innovatech Solutions,SKU0022,Safety Item 022,Safety,2026-03-10,102,595.78,60769.56
PO2025001482,V039,Omkar Facility Products,SKU0049,MRO Item 049,MRO,2026-01-12,197,1015.56,200065.32
PO2025001483,V029,Eagle Stationery Solutions,SKU0062,Safety Item 062,Safety,2025-06-30,156,680.19,106109.64
PO2025001484,V011,Kaveri Industrial Traders,SKU0049,MRO Item 049,MRO,2026-03-19,27,1122.99,30320.73
PO2025001485,V025,Arun Safety & PPE,SKU0014,Safety Item 014,Safety,2026-07-15,27,1428.82,38578.14
PO2025001486,V038,NexGen Components,SKU0053,Electrical Item 053,Electrical,2026-08-10,154,745.86,114862.44
PO2025001487,V038,NexGen Components,SKU0042,IT Item 042,IT,2026-04-07,2,26289.1,52578.2
PO2025001488,V040,Pioneer Electrical Traders,SKU0076,Packaging Item 076,Packaging,2025-04-25,227,171.16,38853.32
PO2025001489,V021,United Process Equipment,SKU0066,IT Item 066,IT,2026-01-03,102,26761.58,2729681.16
PO2025001490,V025,Arun Safety & PPE,SKU0057,MRO Item 057,MRO,2025-10-03,236,756.68,178576.48
PO2025001491,V029,Eagle Stationery Solutions,SKU0012,Packaging Item 012,Packaging,2025-08-13,179,158.91,28444.89
PO2025001492,V022,Vertex Automation,SKU0049,MRO Item 049,MRO,2026-04-22,180,1170.59,210706.2
PO2025001493,V005,Evergreen Facility Products,SKU0062,Safety Item 062,Safety,2025-01-01,137,736.74,100933.38
PO2025001494,V036,Lumina Office Technologies,SKU0064,Facility Item 064,Facility,2026-03-29,85,1328.01,112880.85
PO2025001495,V036,Lumina Office Technologies,SKU0046,Safety Item 046,Safety,2026-06-05,193,816.98,157677.14
PO2025001496,V009,Indus Mechanical Works,SKU0011,Office Supplies Item 011,Office Supplies,2026-06-03,172,467.46,80403.12
PO2025001497,V021,United Process Equipment,SKU0002,IT Item 002,IT,2026-08-09,207,11568.03,2394582.21
PO2025001498,V011,Kaveri Industrial Traders,SKU0069,Electrical Item 069,Electrical,2025-11-20,34,2343.71,79686.14
PO2025001499,V023,Westline Consumables,SKU0039,Mechanical Item 039,Mechanical,2026-08-12,75,1896.83,142262.25
PO2025001500,V033,Innovatech Solutions,SKU0054,Safety Item 054,Safety,2025-10-01,34,635.52,21607.68
PO2025001501,V035,Keystone Industrial Products,SKU0033,MRO Item 033,MRO,2025-07-13,230,628.93,144653.9
PO2025001502,V004,Delta Engineering Components,SKU0022,Safety Item 022,Safety,2025-12-18,31,543.96,16862.76
PO2025001503,V036,Lumina Office Technologies,SKU0024,Facility Item 024,Facility,2025-09-12,153,984.89,150688.17
PO2025001504,V014,Nova Tech Systems,SKU0034,IT Item 034,IT,2025-07-12,216,12888.97,2784017.52
PO2025001505,V027,Crest Chemicals,SKU0057,MRO Item 057,MRO,2025-04-29,160,717.0,114720.0
PO2025001506,V018,Ridgeway Bearings,SKU0048,Facility Item 048,Facility,2026-02-13,139,984.33,136821.87
PO2025001507,V012,Lotus Packaging India Pvt Ltd,SKU0005,Electrical Item 005,Electrical,2026-03-02,169,553.01,93458.69
PO2025001508,V036,Lumina Office Technologies,SKU0050,IT Item 050,IT,2026-07-08,218,17573.32,3830983.76
PO2025001509,V030,Frontier Components,SKU0042,IT Item 042,IT,2026-02-16,28,23197.45,649528.6
PO2025001510,V002,BluePeak Office Systems Pvt Ltd,SKU0036,Packaging Item 036,Packaging,2026-08-13,168,218.62,36728.16
PO2025001511,V020,Trident Facility Services,SKU0026,IT Item 026,IT,2025-04-03,90,14738.7,1326483.0
PO2025001512,V023,Westline Consumables,SKU0015,Mechanical Item 015,Mechanical,2025-05-24,244,3425.21,835751.24
PO2025001513,V031,Ganga Hardware Traders,SKU0027,Office Supplies Item 027,Office Supplies,2025-03-04,74,427.8,31657.2
PO2025001514,V002,BluePeak Office Systems Pvt Ltd,SKU0019,Office Supplies Item 019,Office Supplies,2025-03-08,129,434.02,55988.58
PO2025001515,V031,Ganga Hardware Traders,SKU0002,IT Item 002,IT,2025-01-22,212,12632.16,2678017.92
PO2025001516,V008,Horizon IT Distribution,SKU0025,MRO Item 025,MRO,2025-06-02,203,756.11,153490.33
PO2025001517,V036,Lumina Office Technologies,SKU0034,IT Item 034,IT,2026-04-26,167,13469.33,2249378.11
PO2025001518,V021,United Process Equipment,SKU0067,Office Supplies Item 067,Office Supplies,2026-03-04,54,280.08,15124.32
PO2025001519,V025,Arun Safety & PPE,SKU0042,IT Item 042,IT,2025-02-10,81,26117.06,2115481.86
PO2025001520,V015,Orbit Maintenance Supplies,SKU0047,Mechanical Item 047,Mechanical,2025-03-13,196,3933.51,770967.96
PO2025001521,V001,Apex Industrial Supplies Pvt Ltd,SKU0040,Facility Item 040,Facility,2025-04-11,62,1345.07,83394.34
PO2025001522,V017,Quantum Electricals,SKU0014,Safety Item 014,Safety,2025-01-03,128,1340.6,171596.8
PO2025001523,V015,Orbit Maintenance Supplies,SKU0007,Mechanical Item 007,Mechanical,2025-07-11,40,2484.0,99360.0
PO2025001524,V015,Orbit Maintenance Supplies,SKU0052,Packaging Item 052,Packaging,2026-05-25,21,158.69,3332.49
PO2025001525,V009,Indus Mechanical Works,SKU0054,Safety Item 054,Safety,2025-10-03,188,604.44,113634.72
PO2025001526,V030,Frontier Components,SKU0074,IT Item 074,IT,2025-09-25,11,24470.37,269174.07
PO2025001527,V004,Delta Engineering Components,SKU0029,Electrical Item 029,Electrical,2026-01-29,229,1730.48,396279.92
PO2025001528,V011,Kaveri Industrial Traders,SKU0046,Safety Item 046,Safety,2025-10-10,24,806.97,19367.28
PO2025001529,V003,Crown Packaging Solutions,SKU0070,Safety Item 070,Safety,2025-08-04,3,676.06,2028.18
PO2025001530,V022,Vertex Automation,SKU0058,IT Item 058,IT,2025-02-07,91,36784.61,3347399.51
PO2025001531,V008,Horizon IT Distribution,SKU0063,Mechanical Item 063,Mechanical,2025-07-15,39,2598.68,101348.52
PO2025001532,V010,Jupiter Office Products,SKU0033,MRO Item 033,MRO,2026-06-11,78,608.87,47491.86
PO2025001533,V031,Ganga Hardware Traders,SKU0023,Mechanical Item 023,Mechanical,2025-08-03,241,4973.91,1198712.31
PO2025001534,V035,Keystone Industrial Products,SKU0014,Safety Item 014,Safety,2026-02-09,139,1292.08,179599.12
PO2025001535,V010,Jupiter Office Products,SKU0041,MRO Item 041,MRO,2025-09-29,247,1318.48,325664.56
PO2025001536,V023,Westline Consumables,SKU0001,MRO Item 001,MRO,2025-04-22,58,952.4,55239.2
PO2025001537,V009,Indus Mechanical Works,SKU0012,Packaging Item 012,Packaging,2025-08-01,3,178.16,534.48
PO2025001538,V014,Nova Tech Systems,SKU0041,MRO Item 041,MRO,2026-06-09,165,1142.21,188464.65
PO2025001539,V034,Jade Logistics Supplies,SKU0074,IT Item 074,IT,2026-01-06,232,22655.6,5256099.2
PO2025001540,V002,BluePeak Office Systems Pvt Ltd,SKU0043,Office Supplies Item 043,Office Supplies,2025-10-19,129,221.11,28523.19
PO2025001541,V014,Nova Tech Systems,SKU0022,Safety Item 022,Safety,2026-03-01,208,606.67,126187.36
PO2025001542,V039,Omkar Facility Products,SKU0065,MRO Item 065,MRO,2025-01-25,106,1160.09,122969.54
PO2025001543,V037,Magnus Tools,SKU0063,Mechanical Item 063,Mechanical,2025-03-07,219,2770.89,606824.91
PO2025001544,V037,Magnus Tools,SKU0016,Facility Item 016,Facility,2026-05-04,116,693.81,80481.96
PO2025001545,V006,Falcon Electricals India Pvt Ltd,SKU0068,Packaging Item 068,Packaging,2025-02-08,205,106.77,21887.85
PO2025001546,V012,Lotus Packaging India Pvt Ltd,SKU0040,Facility Item 040,Facility,2025-04-28,117,1283.35,150151.95
PO2025001547,V006,Falcon Electricals India Pvt Ltd,SKU0055,Mechanical Item 055,Mechanical,2025-04-13,114,2021.66,230469.24
PO2025001548,V018,Ridgeway Bearings,SKU0042,IT Item 042,IT,2026-02-19,228,24848.87,5665542.36
PO2025001549,V039,Omkar Facility Products,SKU0063,Mechanical Item 063,Mechanical,2026-08-28,144,2572.8,370483.2
PO2025001550,V023,Westline Consumables,SKU0030,Safety Item 030,Safety,2025-07-13,129,875.96,112998.84
PO2025001551,V004,Delta Engineering Components,SKU0076,Packaging Item 076,Packaging,2025-05-26,188,174.29,32766.52
PO2025001552,V038,NexGen Components,SKU0009,MRO Item 009,MRO,2025-11-26,164,766.75,125747.0
PO2025001553,V003,Crown Packaging Solutions,SKU0057,MRO Item 057,MRO,2026-06-25,151,667.21,100748.71
PO2025001554,V021,United Process Equipment,SKU0039,Mechanical Item 039,Mechanical,2025-07-25,109,1903.98,207533.82
PO2025001555,V011,Kaveri Industrial Traders,SKU0040,Facility Item 040,Facility,2025-01-16,106,1198.54,127045.24
PO2025001556,V034,Jade Logistics Supplies,SKU0063,Mechanical Item 063,Mechanical,2025-08-13,83,2965.19,246110.77
PO2025001557,V003,Crown Packaging Solutions,SKU0054,Safety Item 054,Safety,2025-01-04,27,663.17,17905.59
PO2025001558,V035,Keystone Industrial Products,SKU0071,Mechanical Item 071,Mechanical,2025-09-21,192,1575.43,302482.56
PO2025001559,V014,Nova Tech Systems,SKU0021,Electrical Item 021,Electrical,2025-02-02,96,1223.1,117417.6
PO2025001560,V025,Arun Safety & PPE,SKU0031,Mechanical Item 031,Mechanical,2025-03-17,233,6456.03,1504254.99
PO2025001561,V035,Keystone Industrial Products,SKU0001,MRO Item 001,MRO,2026-03-26,223,864.19,192714.37
PO2025001562,V028,Dynamo Power Systems,SKU0079,Mechanical Item 079,Mechanical,2025-01-10,119,3472.96,413282.24
PO2025001563,V021,United Process Equipment,SKU0064,Facility Item 064,Facility,2026-01-09,201,1177.91,236759.91
PO2025001564,V035,Keystone Industrial Products,SKU0067,Office Supplies Item 067,Office Supplies,2025-06-15,78,279.07,21767.46
PO2025001565,V015,Orbit Maintenance Supplies,SKU0048,Facility Item 048,Facility,2025-09-20,105,1068.14,112154.7
PO2025001566,V035,Keystone Industrial Products,SKU0002,IT Item 002,IT,2026-04-29,211,12207.54,2575790.94
PO2025001567,V024,Zenith Engineering Supplies,SKU0064,Facility Item 064,Facility,2026-03-20,15,1160.14,17402.1
PO2025001568,V032,Helios Controls,SKU0074,IT Item 074,IT,2026-05-29,164,22737.85,3729007.4
PO2025001569,V024,Zenith Engineering Supplies,SKU0032,Facility Item 032,Facility,2025-06-18,65,721.65,46907.25
PO2025001570,V029,Eagle Stationery Solutions,SKU0057,MRO Item 057,MRO,2025-05-05,77,790.6,60876.2
PO2025001571,V022,Vertex Automation,SKU0035,Office Supplies Item 035,Office Supplies,2025-04-26,102,415.32,42362.64
PO2025001572,V018,Ridgeway Bearings,SKU0018,IT Item 018,IT,2026-05-23,51,11504.58,586733.58
PO2025001573,V014,Nova Tech Systems,SKU0003,Office Supplies Item 003,Office Supplies,2026-02-10,139,448.0,62272.0
PO2025001574,V016,Prime Tools & Components,SKU0014,Safety Item 014,Safety,2026-08-17,153,1207.41,184733.73
PO2025001575,V017,Quantum Electricals,SKU0026,IT Item 026,IT,2026-07-04,193,15473.41,2986368.13
PO2025001576,V020,Trident Facility Services,SKU0062,Safety Item 062,Safety,2025-02-24,42,610.91,25658.22
PO2025001577,V026,Bharat Industrial Stores,SKU0016,Facility Item 016,Facility,2026-04-26,27,666.78,18003.06
PO2025001578,V021,United Process Equipment,SKU0018,IT Item 018,IT,2025-05-21,209,13047.44,2726914.96
PO2025001579,V006,Falcon Electricals India Pvt Ltd,SKU0048,Facility Item 048,Facility,2025-05-26,224,1011.6,226598.4
PO2025001580,V033,Innovatech Solutions,SKU0035,Office Supplies Item 035,Office Supplies,2025-05-08,236,403.99,95341.64
PO2025001581,V021,United Process Equipment,SKU0062,Safety Item 062,Safety,2025-03-28,9,672.64,6053.76
PO2025001582,V037,Magnus Tools,SKU0031,Mechanical Item 031,Mechanical,2026-03-20,127,6660.65,845902.55
PO2025001583,V008,Horizon IT Distribution,SKU0032,Facility Item 032,Facility,2025-08-02,86,854.65,73499.9
PO2025001584,V023,Westline Consumables,SKU0062,Safety Item 062,Safety,2025-05-11,52,644.25,33501.0
PO2025001585,V040,Pioneer Electrical Traders,SKU0002,IT Item 002,IT,2025-09-12,14,11273.79,157833.06
PO2025001586,V029,Eagle Stationery Solutions,SKU0026,IT Item 026,IT,2025-10-06,142,15567.3,2210556.6
PO2025001587,V032,Helios Controls,SKU0031,Mechanical Item 031,Mechanical,2025-06-30,43,6827.39,293577.77
PO2025001588,V019,Sigma Industrial Products,SKU0070,Safety Item 070,Safety,2026-08-11,32,774.34,24778.88
PO2025001589,V024,Zenith Engineering Supplies,SKU0054,Safety Item 054,Safety,2025-05-04,12,626.85,7522.2
PO2025001590,V034,Jade Logistics Supplies,SKU0072,Facility Item 072,Facility,2025-11-20,103,613.32,63171.96
PO2025001591,V009,Indus Mechanical Works,SKU0004,Packaging Item 004,Packaging,2025-03-14,183,184.13,33695.79
PO2025001592,V027,Crest Chemicals,SKU0073,MRO Item 073,MRO,2025-02-03,247,541.94,133859.18
PO2025001593,V029,Eagle Stationery Solutions,SKU0043,Office Supplies Item 043,Office Supplies,2026-08-23,14,239.92,3358.88
PO2025001594,V002,BluePeak Office Systems Pvt Ltd,SKU0080,Facility Item 080,Facility,2026-02-27,120,763.26,91591.2
PO2025001595,V023,Westline Consumables,SKU0010,IT Item 010,IT,2025-05-18,210,13837.64,2905904.4
PO2025001596,V014,Nova Tech Systems,SKU0034,IT Item 034,IT,2026-05-19,249,12182.18,3033362.82
PO2025001597,V013,Metro Fasteners,SKU0050,IT Item 050,IT,2026-04-09,3,17306.52,51919.56
PO2025001598,V027,Crest Chemicals,SKU0030,Safety Item 030,Safety,2026-08-09,77,901.37,69405.49
PO2025001599,V037,Magnus Tools,SKU0012,Packaging Item 012,Packaging,2025-04-11,234,152.65,35720.1
PO2025001600,V030,Frontier Components,SKU0031,Mechanical Item 031,Mechanical,2025-05-04,128,6556.74,839262.72
PO2025001601,V029,Eagle Stationery Solutions,SKU0029,Electrical Item 029,Electrical,2025-01-16,238,1555.19,370135.22
PO2025001602,V015,Orbit Maintenance Supplies,SKU0001,MRO Item 001,MRO,2025-01-12,159,933.36,148404.24
PO2025001603,V039,Omkar Facility Products,SKU0053,Electrical Item 053,Electrical,2026-06-02,45,783.21,35244.45
PO2025001604,V012,Lotus Packaging India Pvt Ltd,SKU0040,Facility Item 040,Facility,2026-04-11,222,1335.06,296383.32
PO2025001605,V027,Crest Chemicals,SKU0009,MRO Item 009,MRO,2025-11-13,179,913.01,163428.79
PO2025001606,V001,Apex Industrial Supplies Pvt Ltd,SKU0039,Mechanical Item 039,Mechanical,2026-07-27,182,1855.99,337790.18
PO2025001607,V002,BluePeak Office Systems Pvt Ltd,SKU0027,Office Supplies Item 027,Office Supplies,2025-05-27,197,421.72,83078.84
PO2025001608,V038,NexGen Components,SKU0020,Packaging Item 020,Packaging,2026-01-17,24,106.82,2563.68
PO2025001609,V025,Arun Safety & PPE,SKU0069,Electrical Item 069,Electrical,2026-06-24,132,2349.88,310184.16
PO2025001610,V038,NexGen Components,SKU0051,Office Supplies Item 051,Office Supplies,2026-01-19,135,360.34,48645.9
PO2025001611,V015,Orbit Maintenance Supplies,SKU0005,Electrical Item 005,Electrical,2026-06-06,33,566.71,18701.43
PO2025001612,V032,Helios Controls,SKU0018,IT Item 018,IT,2025-09-03,137,12354.08,1692508.96
PO2025001613,V039,Omkar Facility Products,SKU0002,IT Item 002,IT,2026-05-26,225,11213.32,2522997.0
PO2025001614,V032,Helios Controls,SKU0070,Safety Item 070,Safety,2025-05-13,235,734.37,172576.95
PO2025001615,V021,United Process Equipment,SKU0072,Facility Item 072,Facility,2026-04-29,47,508.67,23907.49
PO2025001616,V034,Jade Logistics Supplies,SKU0047,Mechanical Item 047,Mechanical,2026-08-03,191,3754.11,717035.01
PO2025001617,V006,Falcon Electricals India Pvt Ltd,SKU0013,Electrical Item 013,Electrical,2025-07-26,151,1600.62,241693.62
PO2025001618,V036,Lumina Office Technologies,SKU0031,Mechanical Item 031,Mechanical,2026-05-13,239,6163.51,1473078.89
PO2025001619,V019,Sigma Industrial Products,SKU0058,IT Item 058,IT,2025-05-15,155,38973.78,6040935.9
PO2025001620,V014,Nova Tech Systems,SKU0074,IT Item 074,IT,2025-05-02,68,25834.04,1756714.72
PO2025001621,V027,Crest Chemicals,SKU0047,Mechanical Item 047,Mechanical,2025-09-27,164,4032.01,661249.64
PO2025001622,V008,Horizon IT Distribution,SKU0064,Facility Item 064,Facility,2025-08-28,116,1300.96,150911.36
PO2025001623,V006,Falcon Electricals India Pvt Ltd,SKU0067,Office Supplies Item 067,Office Supplies,2026-06-26,97,299.5,29051.5
PO2025001624,V026,Bharat Industrial Stores,SKU0037,Electrical Item 037,Electrical,2025-08-15,61,1293.52,78904.72
PO2025001625,V024,Zenith Engineering Supplies,SKU0042,IT Item 042,IT,2025-11-05,111,25634.5,2845429.5
PO2025001626,V004,Delta Engineering Components,SKU0021,Electrical Item 021,Electrical,2026-05-31,190,1416.34,269104.6
PO2025001627,V009,Indus Mechanical Works,SKU0032,Facility Item 032,Facility,2025-04-19,7,742.97,5200.79
PO2025001628,V029,Eagle Stationery Solutions,SKU0070,Safety Item 070,Safety,2025-11-13,51,762.84,38904.84
PO2025001629,V040,Pioneer Electrical Traders,SKU0020,Packaging Item 020,Packaging,2025-04-20,20,116.45,2329.0
PO2025001630,V024,Zenith Engineering Supplies,SKU0037,Electrical Item 037,Electrical,2025-01-29,50,1271.31,63565.5
PO2025001631,V037,Magnus Tools,SKU0054,Safety Item 054,Safety,2026-05-08,231,636.07,146932.17
PO2025001632,V016,Prime Tools & Components,SKU0066,IT Item 066,IT,2025-08-18,155,26551.96,4115553.8
PO2025001633,V004,Delta Engineering Components,SKU0039,Mechanical Item 039,Mechanical,2025-04-17,105,1680.37,176438.85
PO2025001634,V039,Omkar Facility Products,SKU0046,Safety Item 046,Safety,2025-02-06,126,768.54,96836.04
PO2025001635,V040,Pioneer Electrical Traders,SKU0023,Mechanical Item 023,Mechanical,2025-08-01,113,4315.41,487641.33
PO2025001636,V009,Indus Mechanical Works,SKU0039,Mechanical Item 039,Mechanical,2025-12-09,87,1799.04,156516.48
PO2025001637,V013,Metro Fasteners,SKU0066,IT Item 066,IT,2026-06-14,119,26639.33,3170080.27
PO2025001638,V003,Crown Packaging Solutions,SKU0045,Electrical Item 045,Electrical,2026-07-17,80,1389.26,111140.8
PO2025001639,V016,Prime Tools & Components,SKU0047,Mechanical Item 047,Mechanical,2026-03-06,96,3516.06,337541.76
PO2025001640,V037,Magnus Tools,SKU0017,MRO Item 017,MRO,2025-08-07,192,976.6,187507.2
PO2025001641,V030,Frontier Components,SKU0031,Mechanical Item 031,Mechanical,2026-04-30,30,6711.26,201337.8
PO2025001642,V002,BluePeak Office Systems Pvt Ltd,SKU0007,Mechanical Item 007,Mechanical,2026-08-04,163,2889.62,471008.06
PO2025001643,V039,Omkar Facility Products,SKU0080,Facility Item 080,Facility,2025-12-29,109,923.75,100688.75
PO2025001644,V009,Indus Mechanical Works,SKU0026,IT Item 026,IT,2025-01-03,170,17252.25,2932882.5
PO2025001645,V025,Arun Safety & PPE,SKU0010,IT Item 010,IT,2025-11-02,200,11975.78,2395156.0
PO2025001646,V016,Prime Tools & Components,SKU0053,Electrical Item 053,Electrical,2025-03-12,36,772.37,27805.32
PO2025001647,V017,Quantum Electricals,SKU0016,Facility Item 016,Facility,2026-01-07,246,675.99,166293.54
PO2025001648,V001,Apex Industrial Supplies Pvt Ltd,SKU0016,Facility Item 016,Facility,2025-09-19,174,593.78,103317.72
PO2025001649,V016,Prime Tools & Components,SKU0058,IT Item 058,IT,2025-02-13,148,35306.45,5225354.6
PO2025001650,V038,NexGen Components,SKU0015,Mechanical Item 015,Mechanical,2026-05-15,248,3334.97,827072.56
PO2025001651,V021,United Process Equipment,SKU0039,Mechanical Item 039,Mechanical,2025-07-19,23,1953.49,44930.27
PO2025001652,V031,Ganga Hardware Traders,SKU0056,Facility Item 056,Facility,2026-04-12,106,736.9,78111.4
PO2025001653,V003,Crown Packaging Solutions,SKU0058,IT Item 058,IT,2026-04-17,224,36616.43,8202080.32
PO2025001654,V033,Innovatech Solutions,SKU0052,Packaging Item 052,Packaging,2026-03-07,160,172.63,27620.8
PO2025001655,V040,Pioneer Electrical Traders,SKU0075,Office Supplies Item 075,Office Supplies,2025-04-15,200,306.0,61200.0
PO2025001656,V040,Pioneer Electrical Traders,SKU0027,Office Supplies Item 027,Office Supplies,2026-01-09,45,440.0,19800.0
PO2025001657,V039,Omkar Facility Products,SKU0033,MRO Item 033,MRO,2025-09-26,12,647.87,7774.44
PO2025001658,V033,Innovatech Solutions,SKU0001,MRO Item 001,MRO,2026-01-20,141,949.18,133834.38
PO2025001659,V020,Trident Facility Services,SKU0053,Electrical Item 053,Electrical,2025-06-26,35,677.8,23723.0
PO2025001660,V011,Kaveri Industrial Traders,SKU0046,Safety Item 046,Safety,2025-11-24,159,933.53,148431.27
PO2025001661,V037,Magnus Tools,SKU0014,Safety Item 014,Safety,2026-01-22,11,1241.71,13658.81
PO2025001662,V032,Helios Controls,SKU0075,Office Supplies Item 075,Office Supplies,2026-06-12,102,305.99,31210.98
PO2025001663,V040,Pioneer Electrical Traders,SKU0032,Facility Item 032,Facility,2026-03-17,86,830.99,71465.14
PO2025001664,V009,Indus Mechanical Works,SKU0029,Electrical Item 029,Electrical,2026-06-19,162,1746.03,282856.86
PO2025001665,V037,Magnus Tools,SKU0029,Electrical Item 029,Electrical,2026-02-21,176,1942.78,341929.28
PO2025001666,V009,Indus Mechanical Works,SKU0067,Office Supplies Item 067,Office Supplies,2026-05-17,70,277.56,19429.2
PO2025001667,V022,Vertex Automation,SKU0042,IT Item 042,IT,2025-02-22,218,25097.87,5471335.66
PO2025001668,V037,Magnus Tools,SKU0068,Packaging Item 068,Packaging,2025-01-03,198,103.62,20516.76
PO2025001669,V019,Sigma Industrial Products,SKU0031,Mechanical Item 031,Mechanical,2026-03-17,218,6827.72,1488442.96
PO2025001670,V006,Falcon Electricals India Pvt Ltd,SKU0040,Facility Item 040,Facility,2025-04-18,231,1162.54,268546.74
PO2025001671,V038,NexGen Components,SKU0036,Packaging Item 036,Packaging,2025-11-21,222,177.44,39391.68
PO2025001672,V026,Bharat Industrial Stores,SKU0024,Facility Item 024,Facility,2025-11-30,38,979.72,37229.36
PO2025001673,V029,Eagle Stationery Solutions,SKU0072,Facility Item 072,Facility,2026-01-19,42,606.64,25478.88
PO2025001674,V007,Gamma Safety Solutions,SKU0050,IT Item 050,IT,2025-10-05,249,18836.54,4690298.46
PO2025001675,V013,Metro Fasteners,SKU0075,Office Supplies Item 075,Office Supplies,2026-02-04,160,375.09,60014.4
PO2025001676,V020,Trident Facility Services,SKU0065,MRO Item 065,MRO,2025-08-12,43,1179.93,50736.99
PO2025001677,V019,Sigma Industrial Products,SKU0002,IT Item 002,IT,2025-03-05,190,11299.5,2146905.0
PO2025001678,V006,Falcon Electricals India Pvt Ltd,SKU0059,Office Supplies Item 059,Office Supplies,2025-12-09,164,224.01,36737.64
PO2025001679,V004,Delta Engineering Components,SKU0012,Packaging Item 012,Packaging,2025-02-26,220,179.54,39498.8
PO2025001680,V025,Arun Safety & PPE,SKU0071,Mechanical Item 071,Mechanical,2025-12-20,201,1436.2,288676.2
PO2025001681,V030,Frontier Components,SKU0070,Safety Item 070,Safety,2026-05-24,127,709.09,90054.43
PO2025001682,V001,Apex Industrial Supplies Pvt Ltd,SKU0020,Packaging Item 020,Packaging,2026-07-16,231,131.25,30318.75
PO2025001683,V025,Arun Safety & PPE,SKU0080,Facility Item 080,Facility,2025-05-20,225,910.83,204936.75
PO2025001684,V031,Ganga Hardware Traders,SKU0016,Facility Item 016,Facility,2026-03-19,40,569.78,22791.2
PO2025001685,V013,Metro Fasteners,SKU0063,Mechanical Item 063,Mechanical,2025-11-28,65,2987.75,194203.75
PO2025001686,V021,United Process Equipment,SKU0031,Mechanical Item 031,Mechanical,2025-08-12,48,6955.94,333885.12
PO2025001687,V013,Metro Fasteners,SKU0062,Safety Item 062,Safety,2025-04-23,15,601.95,9029.25
PO2025001688,V029,Eagle Stationery Solutions,SKU0048,Facility Item 048,Facility,2026-01-28,169,1124.14,189979.66
PO2025001689,V022,Vertex Automation,SKU0043,Office Supplies Item 043,Office Supplies,2026-08-13,53,245.67,13020.51
PO2025001690,V038,NexGen Components,SKU0076,Packaging Item 076,Packaging,2025-01-27,158,182.04,28762.32
PO2025001691,V017,Quantum Electricals,SKU0024,Facility Item 024,Facility,2026-08-15,122,782.15,95422.3
PO2025001692,V012,Lotus Packaging India Pvt Ltd,SKU0080,Facility Item 080,Facility,2026-01-01,113,778.97,88023.61
PO2025001693,V038,NexGen Components,SKU0008,Facility Item 008,Facility,2026-04-30,6,832.8,4996.8
PO2025001694,V032,Helios Controls,SKU0019,Office Supplies Item 019,Office Supplies,2025-03-14,121,436.72,52843.12
PO2025001695,V018,Ridgeway Bearings,SKU0023,Mechanical Item 023,Mechanical,2025-09-28,210,4713.71,989879.1
PO2025001696,V039,Omkar Facility Products,SKU0033,MRO Item 033,MRO,2025-07-09,200,615.55,123110.0
PO2025001697,V025,Arun Safety & PPE,SKU0063,Mechanical Item 063,Mechanical,2025-07-29,73,2539.99,185419.27
PO2025001698,V029,Eagle Stationery Solutions,SKU0018,IT Item 018,IT,2026-04-25,10,12295.75,122957.5
PO2025001699,V015,Orbit Maintenance Supplies,SKU0038,Safety Item 038,Safety,2025-10-18,216,553.17,119484.72
PO2025001700,V034,Jade Logistics Supplies,SKU0015,Mechanical Item 015,Mechanical,2026-02-10,110,3501.87,385205.7
PO2025001701,V037,Magnus Tools,SKU0066,IT Item 066,IT,2026-04-19,162,29096.27,4713595.74
PO2025001702,V037,Magnus Tools,SKU0059,Office Supplies Item 059,Office Supplies,2025-09-11,22,203.36,4473.92
PO2025001703,V014,Nova Tech Systems,SKU0069,Electrical Item 069,Electrical,2025-05-31,171,1879.55,321403.05
PO2025001704,V020,Trident Facility Services,SKU0060,Packaging Item 060,Packaging,2026-08-13,129,177.84,22941.36
PO2025001705,V021,United Process Equipment,SKU0076,Packaging Item 076,Packaging,2026-02-27,61,170.26,10385.86
PO2025001706,V029,Eagle Stationery Solutions,SKU0014,Safety Item 014,Safety,2026-06-18,46,1313.68,60429.28
PO2025001707,V010,Jupiter Office Products,SKU0024,Facility Item 024,Facility,2025-03-15,136,961.55,130770.8
PO2025001708,V022,Vertex Automation,SKU0027,Office Supplies Item 027,Office Supplies,2025-09-21,105,440.56,46258.8
PO2025001709,V016,Prime Tools & Components,SKU0007,Mechanical Item 007,Mechanical,2025-08-18,244,2757.7,672878.8
PO2025001710,V013,Metro Fasteners,SKU0038,Safety Item 038,Safety,2025-06-06,128,513.86,65774.08
PO2025001711,V015,Orbit Maintenance Supplies,SKU0004,Packaging Item 004,Packaging,2025-09-14,196,204.78,40136.88
PO2025001712,V037,Magnus Tools,SKU0009,MRO Item 009,MRO,2025-06-02,180,823.73,148271.4
PO2025001713,V014,Nova Tech Systems,SKU0023,Mechanical Item 023,Mechanical,2025-02-12,118,4139.19,488424.42
PO2025001714,V004,Delta Engineering Components,SKU0027,Office Supplies Item 027,Office Supplies,2025-09-10,16,403.71,6459.36
PO2025001715,V013,Metro Fasteners,SKU0063,Mechanical Item 063,Mechanical,2026-05-04,93,2886.35,268430.55
PO2025001716,V035,Keystone Industrial Products,SKU0032,Facility Item 032,Facility,2025-07-10,185,869.45,160848.25
PO2025001717,V017,Quantum Electricals,SKU0073,MRO Item 073,MRO,2025-04-06,80,608.93,48714.4
PO2025001718,V034,Jade Logistics Supplies,SKU0013,Electrical Item 013,Electrical,2026-08-09,199,1514.2,301325.8
PO2025001719,V012,Lotus Packaging India Pvt Ltd,SKU0049,MRO Item 049,MRO,2026-03-17,196,1228.12,240711.52
PO2025001720,V024,Zenith Engineering Supplies,SKU0063,Mechanical Item 063,Mechanical,2025-06-16,208,2956.62,614976.96
PO2025001721,V039,Omkar Facility Products,SKU0019,Office Supplies Item 019,Office Supplies,2025-03-01,144,419.22,60367.68
PO2025001722,V023,Westline Consumables,SKU0045,Electrical Item 045,Electrical,2025-07-17,152,1497.1,227559.2
PO2025001723,V008,Horizon IT Distribution,SKU0017,MRO Item 017,MRO,2025-03-23,163,907.93,147992.59
PO2025001724,V019,Sigma Industrial Products,SKU0010,IT Item 010,IT,2026-03-22,123,11760.96,1446598.08
PO2025001725,V029,Eagle Stationery Solutions,SKU0058,IT Item 058,IT,2025-09-29,57,37966.45,2164087.65
PO2025001726,V011,Kaveri Industrial Traders,SKU0028,Packaging Item 028,Packaging,2025-03-28,76,134.93,10254.68
PO2025001727,V027,Crest Chemicals,SKU0042,IT Item 042,IT,2025-12-16,168,22578.9,3793255.2
PO2025001728,V005,Evergreen Facility Products,SKU0052,Packaging Item 052,Packaging,2026-03-31,5,145.87,729.35
PO2025001729,V024,Zenith Engineering Supplies,SKU0016,Facility Item 016,Facility,2025-06-27,174,692.86,120557.64
PO2025001730,V031,Ganga Hardware Traders,SKU0006,Safety Item 006,Safety,2025-11-23,116,454.71,52746.36
PO2025001731,V034,Jade Logistics Supplies,SKU0035,Office Supplies Item 035,Office Supplies,2025-04-05,230,397.27,91372.1
PO2025001732,V027,Crest Chemicals,SKU0053,Electrical Item 053,Electrical,2025-04-03,203,756.57,153583.71
PO2025001733,V010,Jupiter Office Products,SKU0018,IT Item 018,IT,2025-02-28,174,13380.89,2328274.86
PO2025001734,V035,Keystone Industrial Products,SKU0031,Mechanical Item 031,Mechanical,2025-09-24,233,7527.41,1753886.53
PO2025001735,V035,Keystone Industrial Products,SKU0074,IT Item 074,IT,2026-08-30,166,25608.94,4251084.04
PO2025001736,V036,Lumina Office Technologies,SKU0014,Safety Item 014,Safety,2025-05-06,158,1402.26,221557.08
PO2025001737,V014,Nova Tech Systems,SKU0013,Electrical Item 013,Electrical,2025-07-27,64,1361.37,87127.68
PO2025001738,V038,NexGen Components,SKU0011,Office Supplies Item 011,Office Supplies,2025-05-23,225,461.83,103911.75
PO2025001739,V023,Westline Consumables,SKU0066,IT Item 066,IT,2026-03-15,222,24078.53,5345433.66
PO2025001740,V023,Westline Consumables,SKU0045,Electrical Item 045,Electrical,2025-03-27,69,1599.84,110388.96
PO2025001741,V014,Nova Tech Systems,SKU0002,IT Item 002,IT,2025-06-18,118,12328.23,1454731.14
PO2025001742,V040,Pioneer Electrical Traders,SKU0048,Facility Item 048,Facility,2025-12-31,85,1103.59,93805.15
PO2025001743,V031,Ganga Hardware Traders,SKU0012,Packaging Item 012,Packaging,2025-04-28,125,149.96,18745.0
PO2025001744,V011,Kaveri Industrial Traders,SKU0051,Office Supplies Item 051,Office Supplies,2025-06-11,234,378.03,88459.02
PO2025001745,V012,Lotus Packaging India Pvt Ltd,SKU0075,Office Supplies Item 075,Office Supplies,2025-05-15,231,377.92,87299.52
PO2025001746,V035,Keystone Industrial Products,SKU0017,MRO Item 017,MRO,2025-11-27,94,1112.52,104576.88
PO2025001747,V027,Crest Chemicals,SKU0006,Safety Item 006,Safety,2026-01-23,162,450.47,72976.14
PO2025001748,V015,Orbit Maintenance Supplies,SKU0060,Packaging Item 060,Packaging,2025-11-11,36,170.25,6129.0
PO2025001749,V038,NexGen Components,SKU0060,Packaging Item 060,Packaging,2025-11-02,60,188.5,11310.0
PO2025001750,V009,Indus Mechanical Works,SKU0038,Safety Item 038,Safety,2025-11-23,128,572.53,73283.84
PO2025001751,V029,Eagle Stationery Solutions,SKU0080,Facility Item 080,Facility,2025-03-30,56,912.33,51090.48
PO2025001752,V004,Delta Engineering Components,SKU0015,Mechanical Item 015,Mechanical,2025-12-13,53,3501.32,185569.96
PO2025001753,V025,Arun Safety & PPE,SKU0008,Facility Item 008,Facility,2025-06-11,183,755.25,138210.75
PO2025001754,V005,Evergreen Facility Products,SKU0033,MRO Item 033,MRO,2025-08-10,98,723.59,70911.82
PO2025001755,V019,Sigma Industrial Products,SKU0055,Mechanical Item 055,Mechanical,2025-07-05,81,2289.13,185419.53
PO2025001756,V023,Westline Consumables,SKU0037,Electrical Item 037,Electrical,2026-04-10,178,1485.68,264451.04
PO2025001757,V018,Ridgeway Bearings,SKU0022,Safety Item 022,Safety,2025-03-03,147,614.15,90280.05
PO2025001758,V023,Westline Consumables,SKU0077,Electrical Item 077,Electrical,2026-04-24,38,1308.15,49709.7
PO2025001759,V009,Indus Mechanical Works,SKU0023,Mechanical Item 023,Mechanical,2026-08-23,74,4969.15,367717.1
PO2025001760,V036,Lumina Office Technologies,SKU0023,Mechanical Item 023,Mechanical,2025-11-03,159,4568.32,726362.88
PO2025001761,V026,Bharat Industrial Stores,SKU0046,Safety Item 046,Safety,2025-02-06,243,880.73,214017.39
PO2025001762,V019,Sigma Industrial Products,SKU0013,Electrical Item 013,Electrical,2026-08-29,26,1430.43,37191.18
PO2025001763,V014,Nova Tech Systems,SKU0005,Electrical Item 005,Electrical,2025-09-29,56,650.25,36414.0
PO2025001764,V011,Kaveri Industrial Traders,SKU0018,IT Item 018,IT,2025-06-10,111,11695.9,1298244.9
PO2025001765,V022,Vertex Automation,SKU0066,IT Item 066,IT,2025-07-03,31,25844.46,801178.26
PO2025001766,V006,Falcon Electricals India Pvt Ltd,SKU0019,Office Supplies Item 019,Office Supplies,2026-04-29,45,473.88,21324.6
PO2025001767,V009,Indus Mechanical Works,SKU0057,MRO Item 057,MRO,2025-02-07,82,810.29,66443.78
PO2025001768,V027,Crest Chemicals,SKU0013,Electrical Item 013,Electrical,2025-04-02,31,1392.1,43155.1
PO2025001769,V025,Arun Safety & PPE,SKU0027,Office Supplies Item 027,Office Supplies,2026-02-27,35,361.15,12640.25
PO2025001770,V019,Sigma Industrial Products,SKU0037,Electrical Item 037,Electrical,2025-08-26,41,1477.58,60580.78
PO2025001771,V015,Orbit Maintenance Supplies,SKU0054,Safety Item 054,Safety,2025-11-29,60,708.57,42514.2
PO2025001772,V024,Zenith Engineering Supplies,SKU0018,IT Item 018,IT,2025-09-17,77,11727.21,902995.17
PO2025001773,V040,Pioneer Electrical Traders,SKU0067,Office Supplies Item 067,Office Supplies,2025-05-22,189,285.97,54048.33
PO2025001774,V009,Indus Mechanical Works,SKU0060,Packaging Item 060,Packaging,2025-09-28,209,168.28,35170.52
PO2025001775,V015,Orbit Maintenance Supplies,SKU0017,MRO Item 017,MRO,2025-05-30,223,884.52,197247.96
PO2025001776,V006,Falcon Electricals India Pvt Ltd,SKU0068,Packaging Item 068,Packaging,2026-07-23,209,88.02,18396.18
PO2025001777,V029,Eagle Stationery Solutions,SKU0033,MRO Item 033,MRO,2026-08-10,47,695.13,32671.11
PO2025001778,V014,Nova Tech Systems,SKU0006,Safety Item 006,Safety,2025-02-07,39,468.59,18275.01
PO2025001779,V033,Innovatech Solutions,SKU0003,Office Supplies Item 003,Office Supplies,2025-05-03,142,437.92,62184.64
PO2025001780,V022,Vertex Automation,SKU0077,Electrical Item 077,Electrical,2026-08-01,89,1053.47,93758.83
PO2025001781,V036,Lumina Office Technologies,SKU0012,Packaging Item 012,Packaging,2026-03-27,139,159.79,22210.81
PO2025001782,V038,NexGen Components,SKU0058,IT Item 058,IT,2026-07-16,249,35712.15,8892325.35
PO2025001783,V008,Horizon IT Distribution,SKU0059,Office Supplies Item 059,Office Supplies,2025-09-30,90,197.54,17778.6
PO2025001784,V014,Nova Tech Systems,SKU0061,Electrical Item 061,Electrical,2025-11-17,99,685.78,67892.22
PO2025001785,V040,Pioneer Electrical Traders,SKU0003,Office Supplies Item 003,Office Supplies,2026-04-06,43,439.03,18878.29
PO2025001786,V020,Trident Facility Services,SKU0028,Packaging Item 028,Packaging,2025-07-25,201,128.78,25884.78
PO2025001787,V020,Trident Facility Services,SKU0067,Office Supplies Item 067,Office Supplies,2025-12-26,137,302.9,41497.3
PO2025001788,V008,Horizon IT Distribution,SKU0031,Mechanical Item 031,Mechanical,2026-05-23,233,7525.67,1753481.11
PO2025001789,V031,Ganga Hardware Traders,SKU0010,IT Item 010,IT,2025-11-04,164,13507.19,2215179.16
PO2025001790,V002,BluePeak Office Systems Pvt Ltd,SKU0009,MRO Item 009,MRO,2025-08-17,53,802.8,42548.4
PO2025001791,V034,Jade Logistics Supplies,SKU0033,MRO Item 033,MRO,2026-02-07,8,750.17,6001.36
PO2025001792,V015,Orbit Maintenance Supplies,SKU0063,Mechanical Item 063,Mechanical,2025-09-28,100,2903.96,290396.0
PO2025001793,V029,Eagle Stationery Solutions,SKU0003,Office Supplies Item 003,Office Supplies,2025-02-05,7,416.88,2918.16
PO2025001794,V021,United Process Equipment,SKU0025,MRO Item 025,MRO,2025-02-18,118,655.25,77319.5
PO2025001795,V002,BluePeak Office Systems Pvt Ltd,SKU0010,IT Item 010,IT,2025-02-04,126,12159.52,1532099.52
PO2025001796,V001,Apex Industrial Supplies Pvt Ltd,SKU0014,Safety Item 014,Safety,2026-02-18,47,1325.22,62285.34
PO2025001797,V031,Ganga Hardware Traders,SKU0064,Facility Item 064,Facility,2025-06-22,60,1142.71,68562.6
PO2025001798,V021,United Process Equipment,SKU0038,Safety Item 038,Safety,2026-05-25,113,522.8,59076.4
PO2025001799,V011,Kaveri Industrial Traders,SKU0027,Office Supplies Item 027,Office Supplies,2025-09-14,237,444.86,105431.82
PO2025001800,V030,Frontier Components,SKU0060,Packaging Item 060,Packaging,2025-10-29,165,200.16,33026.4
PO2025001801,V024,Zenith Engineering Supplies,SKU0049,MRO Item 049,MRO,2025-11-12,165,1200.15,198024.75
PO2025001802,V024,Zenith Engineering Supplies,SKU0079,Mechanical Item 079,Mechanical,2026-01-24,218,3180.49,693346.82
PO2025001803,V023,Westline Consumables,SKU0037,Electrical Item 037,Electrical,2026-02-03,81,1280.57,103726.17
PO2025001804,V026,Bharat Industrial Stores,SKU0011,Office Supplies Item 011,Office Supplies,2025-07-23,79,531.46,41985.34
PO2025001805,V003,Crown Packaging Solutions,SKU0019,Office Supplies Item 019,Office Supplies,2025-11-06,221,433.97,95907.37
PO2025001806,V038,NexGen Components,SKU0057,MRO Item 057,MRO,2025-02-13,5,744.68,3723.4
PO2025001807,V026,Bharat Industrial Stores,SKU0014,Safety Item 014,Safety,2026-06-09,58,1245.29,72226.82
PO2025001808,V006,Falcon Electricals India Pvt Ltd,SKU0035,Office Supplies Item 035,Office Supplies,2026-08-26,196,402.05,78801.8
PO2025001809,V035,Keystone Industrial Products,SKU0076,Packaging Item 076,Packaging,2026-01-07,133,182.47,24268.51
PO2025001810,V012,Lotus Packaging India Pvt Ltd,SKU0020,Packaging Item 020,Packaging,2025-06-11,244,121.64,29680.16
PO2025001811,V023,Westline Consumables,SKU0047,Mechanical Item 047,Mechanical,2026-04-14,149,3991.5,594733.5
PO2025001812,V011,Kaveri Industrial Traders,SKU0028,Packaging Item 028,Packaging,2025-05-20,206,146.81,30242.86
PO2025001813,V039,Omkar Facility Products,SKU0016,Facility Item 016,Facility,2026-01-14,165,714.02,117813.3
PO2025001814,V013,Metro Fasteners,SKU0040,Facility Item 040,Facility,2026-02-20,120,1358.07,162968.4
PO2025001815,V013,Metro Fasteners,SKU0035,Office Supplies Item 035,Office Supplies,2026-04-09,154,391.46,60284.84
PO2025001816,V040,Pioneer Electrical Traders,SKU0011,Office Supplies Item 011,Office Supplies,2025-12-26,28,447.39,12526.92
PO2025001817,V011,Kaveri Industrial Traders,SKU0034,IT Item 034,IT,2025-10-06,75,12785.17,958887.75
PO2025001818,V035,Keystone Industrial Products,SKU0017,MRO Item 017,MRO,2025-01-26,216,906.25,195750.0
PO2025001819,V007,Gamma Safety Solutions,SKU0051,Office Supplies Item 051,Office Supplies,2026-05-21,76,374.49,28461.24
PO2025001820,V036,Lumina Office Technologies,SKU0063,Mechanical Item 063,Mechanical,2026-03-26,35,2835.41,99239.35
PO2025001821,V025,Arun Safety & PPE,SKU0014,Safety Item 014,Safety,2026-06-07,7,1233.26,8632.82
PO2025001822,V013,Metro Fasteners,SKU0025,MRO Item 025,MRO,2025-01-06,169,723.61,122290.09
PO2025001823,V015,Orbit Maintenance Supplies,SKU0075,Office Supplies Item 075,Office Supplies,2026-02-01,227,317.08,71977.16
PO2025001824,V014,Nova Tech Systems,SKU0037,Electrical Item 037,Electrical,2026-01-21,57,1220.25,69554.25
PO2025001825,V039,Omkar Facility Products,SKU0040,Facility Item 040,Facility,2025-07-29,249,1362.76,339327.24
PO2025001826,V002,BluePeak Office Systems Pvt Ltd,SKU0012,Packaging Item 012,Packaging,2025-10-24,99,174.78,17303.22
PO2025001827,V005,Evergreen Facility Products,SKU0055,Mechanical Item 055,Mechanical,2025-10-14,20,2098.33,41966.6
PO2025001828,V038,NexGen Components,SKU0065,MRO Item 065,MRO,2025-07-10,60,1237.22,74233.2
PO2025001829,V038,NexGen Components,SKU0032,Facility Item 032,Facility,2026-07-08,62,798.18,49487.16
PO2025001830,V032,Helios Controls,SKU0013,Electrical Item 013,Electrical,2025-11-18,107,1437.46,153808.22
PO2025001831,V020,Trident Facility Services,SKU0077,Electrical Item 077,Electrical,2026-05-20,110,1152.79,126806.9
PO2025001832,V035,Keystone Industrial Products,SKU0025,MRO Item 025,MRO,2025-07-03,83,636.73,52848.59
PO2025001833,V005,Evergreen Facility Products,SKU0033,MRO Item 033,MRO,2025-05-04,75,747.63,56072.25
PO2025001834,V023,Westline Consumables,SKU0051,Office Supplies Item 051,Office Supplies,2025-04-04,94,367.49,34544.06
PO2025001835,V039,Omkar Facility Products,SKU0047,Mechanical Item 047,Mechanical,2025-01-24,122,3437.07,419322.54
PO2025001836,V008,Horizon IT Distribution,SKU0007,Mechanical Item 007,Mechanical,2026-06-05,53,2910.97,154281.41
PO2025001837,V029,Eagle Stationery Solutions,SKU0005,Electrical Item 005,Electrical,2026-07-27,33,594.87,19630.71
PO2025001838,V007,Gamma Safety Solutions,SKU0076,Packaging Item 076,Packaging,2025-08-28,89,150.49,13393.61
PO2025001839,V006,Falcon Electricals India Pvt Ltd,SKU0028,Packaging Item 028,Packaging,2026-08-02,39,142.22,5546.58
PO2025001840,V033,Innovatech Solutions,SKU0021,Electrical Item 021,Electrical,2026-01-13,160,1258.15,201304.0
PO2025001841,V029,Eagle Stationery Solutions,SKU0050,IT Item 050,IT,2025-07-07,164,17845.26,2926622.64
PO2025001842,V006,Falcon Electricals India Pvt Ltd,SKU0034,IT Item 034,IT,2025-06-15,72,12422.46,894417.12
PO2025001843,V021,United Process Equipment,SKU0011,Office Supplies Item 011,Office Supplies,2026-06-03,75,430.03,32252.25
PO2025001844,V025,Arun Safety & PPE,SKU0002,IT Item 002,IT,2025-11-27,138,10923.06,1507382.28
PO2025001845,V005,Evergreen Facility Products,SKU0070,Safety Item 070,Safety,2025-12-31,27,642.6,17350.2
PO2025001846,V023,Westline Consumables,SKU0013,Electrical Item 013,Electrical,2026-04-02,19,1408.77,26766.63
PO2025001847,V020,Trident Facility Services,SKU0014,Safety Item 014,Safety,2025-04-04,68,1169.96,79557.28
PO2025001848,V037,Magnus Tools,SKU0013,Electrical Item 013,Electrical,2025-07-13,198,1336.25,264577.5
PO2025001849,V022,Vertex Automation,SKU0049,MRO Item 049,MRO,2026-06-05,66,1021.49,67418.34
PO2025001850,V016,Prime Tools & Components,SKU0077,Electrical Item 077,Electrical,2026-03-27,91,1093.98,99552.18
PO2025001851,V014,Nova Tech Systems,SKU0015,Mechanical Item 015,Mechanical,2026-02-20,99,3462.23,342760.77
PO2025001852,V040,Pioneer Electrical Traders,SKU0069,Electrical Item 069,Electrical,2025-10-19,71,2067.24,146774.04
PO2025001853,V038,NexGen Components,SKU0078,Safety Item 078,Safety,2025-09-21,119,894.72,106471.68
PO2025001854,V022,Vertex Automation,SKU0052,Packaging Item 052,Packaging,2026-07-01,33,170.74,5634.42
PO2025001855,V023,Westline Consumables,SKU0050,IT Item 050,IT,2026-08-15,155,17024.39,2638780.45
PO2025001856,V024,Zenith Engineering Supplies,SKU0001,MRO Item 001,MRO,2026-02-15,243,950.44,230956.92
PO2025001857,V012,Lotus Packaging India Pvt Ltd,SKU0056,Facility Item 056,Facility,2026-08-22,218,649.3,141547.4
PO2025001858,V014,Nova Tech Systems,SKU0049,MRO Item 049,MRO,2026-01-09,139,1232.86,171367.54
PO2025001859,V029,Eagle Stationery Solutions,SKU0008,Facility Item 008,Facility,2026-06-29,134,757.64,101523.76
PO2025001860,V031,Ganga Hardware Traders,SKU0004,Packaging Item 004,Packaging,2025-01-05,46,198.84,9146.64
PO2025001861,V030,Frontier Components,SKU0036,Packaging Item 036,Packaging,2025-04-01,16,213.54,3416.64
PO2025001862,V004,Delta Engineering Components,SKU0044,Packaging Item 044,Packaging,2026-05-02,124,122.63,15206.12
PO2025001863,V008,Horizon IT Distribution,SKU0026,IT Item 026,IT,2025-10-22,241,14353.19,3459118.79
PO2025001864,V038,NexGen Components,SKU0079,Mechanical Item 079,Mechanical,2026-04-23,141,3510.63,494998.83
PO2025001865,V036,Lumina Office Technologies,SKU0047,Mechanical Item 047,Mechanical,2025-05-08,41,3895.01,159695.41
PO2025001866,V034,Jade Logistics Supplies,SKU0006,Safety Item 006,Safety,2025-03-09,46,397.54,18286.84
PO2025001867,V021,United Process Equipment,SKU0058,IT Item 058,IT,2025-07-17,82,34647.03,2841056.46
PO2025001868,V005,Evergreen Facility Products,SKU0079,Mechanical Item 079,Mechanical,2025-04-27,34,3164.38,107588.92
PO2025001869,V003,Crown Packaging Solutions,SKU0022,Safety Item 022,Safety,2025-07-06,146,577.11,84258.06
PO2025001870,V003,Crown Packaging Solutions,SKU0077,Electrical Item 077,Electrical,2026-07-30,136,1110.63,151045.68
PO2025001871,V021,United Process Equipment,SKU0031,Mechanical Item 031,Mechanical,2025-04-26,163,6247.12,1018280.56
PO2025001872,V021,United Process Equipment,SKU0003,Office Supplies Item 003,Office Supplies,2025-05-25,51,475.21,24235.71
PO2025001873,V027,Crest Chemicals,SKU0063,Mechanical Item 063,Mechanical,2026-01-11,79,2753.47,217524.13
PO2025001874,V033,Innovatech Solutions,SKU0031,Mechanical Item 031,Mechanical,2025-08-15,91,7035.38,640219.58
PO2025001875,V026,Bharat Industrial Stores,SKU0068,Packaging Item 068,Packaging,2025-12-04,194,105.87,20538.78
PO2025001876,V024,Zenith Engineering Supplies,SKU0043,Office Supplies Item 043,Office Supplies,2025-11-16,140,214.02,29962.8
PO2025001877,V038,NexGen Components,SKU0063,Mechanical Item 063,Mechanical,2025-04-28,15,2768.14,41522.1
PO2025001878,V013,Metro Fasteners,SKU0030,Safety Item 030,Safety,2026-01-15,6,918.98,5513.88
PO2025001879,V039,Omkar Facility Products,SKU0026,IT Item 026,IT,2026-01-05,205,17214.59,3528990.95
PO2025001880,V013,Metro Fasteners,SKU0048,Facility Item 048,Facility,2025-05-22,101,1173.04,118477.04
PO2025001881,V031,Ganga Hardware Traders,SKU0045,Electrical Item 045,Electrical,2025-12-19,60,1399.55,83973.0
PO2025001882,V012,Lotus Packaging India Pvt Ltd,SKU0052,Packaging Item 052,Packaging,2025-06-25,63,164.64,10372.32
PO2025001883,V005,Evergreen Facility Products,SKU0026,IT Item 026,IT,2026-03-15,194,14328.51,2779730.94
PO2025001884,V003,Crown Packaging Solutions,SKU0049,MRO Item 049,MRO,2025-08-14,241,1040.41,250738.81
PO2025001885,V032,Helios Controls,SKU0078,Safety Item 078,Safety,2026-04-06,126,905.69,114116.94
PO2025001886,V033,Innovatech Solutions,SKU0003,Office Supplies Item 003,Office Supplies,2026-07-10,170,485.81,82587.7
PO2025001887,V014,Nova Tech Systems,SKU0029,Electrical Item 029,Electrical,2025-09-09,21,1633.34,34300.14
PO2025001888,V034,Jade Logistics Supplies,SKU0027,Office Supplies Item 027,Office Supplies,2026-04-27,240,394.11,94586.4
PO2025001889,V005,Evergreen Facility Products,SKU0004,Packaging Item 004,Packaging,2026-03-16,2,194.05,388.1
PO2025001890,V009,Indus Mechanical Works,SKU0026,IT Item 026,IT,2025-05-30,209,15740.7,3289806.3
PO2025001891,V008,Horizon IT Distribution,SKU0012,Packaging Item 012,Packaging,2026-07-11,240,170.62,40948.8
PO2025001892,V018,Ridgeway Bearings,SKU0015,Mechanical Item 015,Mechanical,2025-04-06,152,3294.64,500785.28
PO2025001893,V015,Orbit Maintenance Supplies,SKU0038,Safety Item 038,Safety,2026-06-30,164,537.63,88171.32
PO2025001894,V011,Kaveri Industrial Traders,SKU0008,Facility Item 008,Facility,2025-07-18,51,763.71,38949.21
PO2025001895,V021,United Process Equipment,SKU0046,Safety Item 046,Safety,2026-08-28,128,901.12,115343.36
PO2025001896,V036,Lumina Office Technologies,SKU0051,Office Supplies Item 051,Office Supplies,2025-10-20,55,386.71,21269.05
PO2025001897,V016,Prime Tools & Components,SKU0052,Packaging Item 052,Packaging,2025-07-23,20,165.07,3301.4
PO2025001898,V038,NexGen Components,SKU0044,Packaging Item 044,Packaging,2025-10-02,250,128.89,32222.5
PO2025001899,V038,NexGen Components,SKU0080,Facility Item 080,Facility,2025-11-01,158,740.51,117000.58
PO2025001900,V018,Ridgeway Bearings,SKU0041,MRO Item 041,MRO,2025-09-29,109,1328.95,144855.55
PO2025001901,V008,Horizon IT Distribution,SKU0057,MRO Item 057,MRO,2025-07-11,148,813.77,120437.96
PO2025001902,V018,Ridgeway Bearings,SKU0034,IT Item 034,IT,2025-10-22,214,12294.82,2631091.48
PO2025001903,V023,Westline Consumables,SKU0057,MRO Item 057,MRO,2025-11-13,53,671.37,35582.61
PO2025001904,V009,Indus Mechanical Works,SKU0073,MRO Item 073,MRO,2025-04-23,198,616.03,121973.94
PO2025001905,V015,Orbit Maintenance Supplies,SKU0061,Electrical Item 061,Electrical,2026-07-25,41,750.11,30754.51
PO2025001906,V023,Westline Consumables,SKU0077,Electrical Item 077,Electrical,2026-04-06,107,1252.83,134052.81
PO2025001907,V013,Metro Fasteners,SKU0002,IT Item 002,IT,2025-06-07,109,10668.18,1162831.62
PO2025001908,V038,NexGen Components,SKU0026,IT Item 026,IT,2026-07-09,240,14907.65,3577836.0
PO2025001909,V031,Ganga Hardware Traders,SKU0031,Mechanical Item 031,Mechanical,2025-10-18,16,7631.12,122097.92
PO2025001910,V034,Jade Logistics Supplies,SKU0030,Safety Item 030,Safety,2026-09-02,96,888.81,85325.76
PO2025001911,V011,Kaveri Industrial Traders,SKU0047,Mechanical Item 047,Mechanical,2026-08-11,179,4012.0,718148.0
PO2025001912,V027,Crest Chemicals,SKU0079,Mechanical Item 079,Mechanical,2026-07-17,240,3556.01,853442.4
PO2025001913,V023,Westline Consumables,SKU0034,IT Item 034,IT,2026-07-12,96,12185.53,1169810.88
PO2025001914,V009,Indus Mechanical Works,SKU0057,MRO Item 057,MRO,2026-06-29,96,761.42,73096.32
PO2025001915,V001,Apex Industrial Supplies Pvt Ltd,SKU0061,Electrical Item 061,Electrical,2025-03-01,99,711.05,70393.95
PO2025001916,V027,Crest Chemicals,SKU0073,MRO Item 073,MRO,2026-04-24,77,608.56,46859.12
PO2025001917,V022,Vertex Automation,SKU0070,Safety Item 070,Safety,2026-08-23,204,677.25,138159.0
PO2025001918,V002,BluePeak Office Systems Pvt Ltd,SKU0031,Mechanical Item 031,Mechanical,2026-05-26,121,7358.41,890367.61
PO2025001919,V021,United Process Equipment,SKU0020,Packaging Item 020,Packaging,2025-03-17,229,107.56,24631.24
PO2025001920,V016,Prime Tools & Components,SKU0024,Facility Item 024,Facility,2026-01-01,92,940.73,86547.16
PO2025001921,V029,Eagle Stationery Solutions,SKU0061,Electrical Item 061,Electrical,2025-10-30,10,673.68,6736.8
PO2025001922,V015,Orbit Maintenance Supplies,SKU0031,Mechanical Item 031,Mechanical,2025-12-20,144,6174.54,889133.76
PO2025001923,V029,Eagle Stationery Solutions,SKU0060,Packaging Item 060,Packaging,2025-01-05,16,185.4,2966.4
PO2025001924,V023,Westline Consumables,SKU0080,Facility Item 080,Facility,2026-02-04,140,802.89,112404.6
PO2025001925,V020,Trident Facility Services,SKU0020,Packaging Item 020,Packaging,2025-10-18,227,131.17,29775.59
PO2025001926,V007,Gamma Safety Solutions,SKU0056,Facility Item 056,Facility,2026-06-02,243,702.23,170641.89
PO2025001927,V022,Vertex Automation,SKU0002,IT Item 002,IT,2026-05-28,172,10955.19,1884292.68
PO2025001928,V013,Metro Fasteners,SKU0052,Packaging Item 052,Packaging,2025-10-28,236,153.0,36108.0
PO2025001929,V005,Evergreen Facility Products,SKU0077,Electrical Item 077,Electrical,2025-05-23,213,1216.44,259101.72
PO2025001930,V002,BluePeak Office Systems Pvt Ltd,SKU0021,Electrical Item 021,Electrical,2026-06-04,199,1336.26,265915.74
PO2025001931,V035,Keystone Industrial Products,SKU0067,Office Supplies Item 067,Office Supplies,2025-03-25,93,300.69,27964.17
PO2025001932,V012,Lotus Packaging India Pvt Ltd,SKU0073,MRO Item 073,MRO,2026-07-14,14,549.04,7686.56
PO2025001933,V006,Falcon Electricals India Pvt Ltd,SKU0040,Facility Item 040,Facility,2025-11-08,157,1379.36,216559.52
PO2025001934,V025,Arun Safety & PPE,SKU0061,Electrical Item 061,Electrical,2025-05-28,137,725.25,99359.25
PO2025001935,V012,Lotus Packaging India Pvt Ltd,SKU0040,Facility Item 040,Facility,2026-05-31,138,1370.08,189071.04
PO2025001936,V017,Quantum Electricals,SKU0046,Safety Item 046,Safety,2026-05-11,81,947.62,76757.22
PO2025001937,V037,Magnus Tools,SKU0067,Office Supplies Item 067,Office Supplies,2025-07-09,16,292.7,4683.2
PO2025001938,V021,United Process Equipment,SKU0016,Facility Item 016,Facility,2025-05-23,80,712.92,57033.6
PO2025001939,V019,Sigma Industrial Products,SKU0059,Office Supplies Item 059,Office Supplies,2025-04-24,221,196.65,43459.65
PO2025001940,V010,Jupiter Office Products,SKU0064,Facility Item 064,Facility,2026-01-06,131,1114.07,145943.17
PO2025001941,V005,Evergreen Facility Products,SKU0053,Electrical Item 053,Electrical,2026-06-09,184,664.78,122319.52
PO2025001942,V002,BluePeak Office Systems Pvt Ltd,SKU0034,IT Item 034,IT,2026-01-07,244,11332.2,2765056.8
PO2025001943,V025,Arun Safety & PPE,SKU0018,IT Item 018,IT,2025-08-26,200,11156.14,2231228.0
PO2025001944,V015,Orbit Maintenance Supplies,SKU0051,Office Supplies Item 051,Office Supplies,2026-08-06,4,325.68,1302.72
PO2025001945,V013,Metro Fasteners,SKU0049,MRO Item 049,MRO,2026-02-19,147,1128.95,165955.65
PO2025001946,V040,Pioneer Electrical Traders,SKU0057,MRO Item 057,MRO,2025-12-07,5,824.55,4122.75
PO2025001947,V039,Omkar Facility Products,SKU0044,Packaging Item 044,Packaging,2025-06-20,154,123.7,19049.8
PO2025001948,V010,Jupiter Office Products,SKU0068,Packaging Item 068,Packaging,2025-07-25,159,98.36,15639.24
PO2025001949,V036,Lumina Office Technologies,SKU0017,MRO Item 017,MRO,2025-09-04,227,1048.71,238057.17
PO2025001950,V018,Ridgeway Bearings,SKU0016,Facility Item 016,Facility,2025-04-20,175,676.0,118300.0
PO2025001951,V019,Sigma Industrial Products,SKU0028,Packaging Item 028,Packaging,2025-05-05,94,154.47,14520.18
PO2025001952,V003,Crown Packaging Solutions,SKU0071,Mechanical Item 071,Mechanical,2025-10-15,35,1416.91,49591.85
PO2025001953,V014,Nova Tech Systems,SKU0051,Office Supplies Item 051,Office Supplies,2025-12-23,71,402.17,28554.07
PO2025001954,V011,Kaveri Industrial Traders,SKU0065,MRO Item 065,MRO,2025-09-16,237,1039.97,246472.89
PO2025001955,V020,Trident Facility Services,SKU0036,Packaging Item 036,Packaging,2025-02-21,73,209.97,15327.81
PO2025001956,V024,Zenith Engineering Supplies,SKU0061,Electrical Item 061,Electrical,2026-06-11,98,673.38,65991.24
PO2025001957,V008,Horizon IT Distribution,SKU0078,Safety Item 078,Safety,2025-04-29,113,861.54,97354.02
PO2025001958,V017,Quantum Electricals,SKU0035,Office Supplies Item 035,Office Supplies,2025-11-26,208,406.2,84489.6
PO2025001959,V006,Falcon Electricals India Pvt Ltd,SKU0031,Mechanical Item 031,Mechanical,2025-09-18,87,6633.29,577096.23
PO2025001960,V036,Lumina Office Technologies,SKU0005,Electrical Item 005,Electrical,2026-06-11,68,638.95,43448.6
PO2025001961,V038,NexGen Components,SKU0042,IT Item 042,IT,2025-03-30,132,21503.07,2838405.24
PO2025001962,V007,Gamma Safety Solutions,SKU0031,Mechanical Item 031,Mechanical,2025-12-15,110,7268.0,799480.0
PO2025001963,V037,Magnus Tools,SKU0072,Facility Item 072,Facility,2025-07-28,209,518.79,108427.11
PO2025001964,V012,Lotus Packaging India Pvt Ltd,SKU0012,Packaging Item 012,Packaging,2026-07-07,22,172.49,3794.78
PO2025001965,V005,Evergreen Facility Products,SKU0062,Safety Item 062,Safety,2025-11-23,101,644.15,65059.15
PO2025001966,V017,Quantum Electricals,SKU0048,Facility Item 048,Facility,2026-06-30,169,979.82,165589.58
PO2025001967,V008,Horizon IT Distribution,SKU0022,Safety Item 022,Safety,2025-03-18,170,628.99,106928.3
PO2025001968,V036,Lumina Office Technologies,SKU0066,IT Item 066,IT,2026-01-21,168,27687.95,4651575.6
PO2025001969,V004,Delta Engineering Components,SKU0080,Facility Item 080,Facility,2025-02-21,250,897.52,224380.0
PO2025001970,V009,Indus Mechanical Works,SKU0059,Office Supplies Item 059,Office Supplies,2025-12-12,174,239.73,41713.02
PO2025001971,V033,Innovatech Solutions,SKU0032,Facility Item 032,Facility,2025-06-10,176,760.63,133870.88
PO2025001972,V033,Innovatech Solutions,SKU0012,Packaging Item 012,Packaging,2026-04-03,175,165.04,28882.0
PO2025001973,V007,Gamma Safety Solutions,SKU0018,IT Item 018,IT,2026-01-10,216,12604.09,2722483.44
PO2025001974,V030,Frontier Components,SKU0003,Office Supplies Item 003,Office Supplies,2026-07-10,110,456.25,50187.5
PO2025001975,V011,Kaveri Industrial Traders,SKU0073,MRO Item 073,MRO,2025-12-16,81,584.39,47335.59
PO2025001976,V011,Kaveri Industrial Traders,SKU0075,Office Supplies Item 075,Office Supplies,2026-02-10,123,316.63,38945.49
PO2025001977,V014,Nova Tech Systems,SKU0035,Office Supplies Item 035,Office Supplies,2025-01-20,36,452.32,16283.52
PO2025001978,V002,BluePeak Office Systems Pvt Ltd,SKU0063,Mechanical Item 063,Mechanical,2026-04-26,178,3034.46,540133.88
PO2025001979,V016,Prime Tools & Components,SKU0066,IT Item 066,IT,2026-05-22,79,23856.88,1884693.52
PO2025001980,V035,Keystone Industrial Products,SKU0023,Mechanical Item 023,Mechanical,2025-09-21,161,5047.01,812568.61
PO2025001981,V038,NexGen Components,SKU0001,MRO Item 001,MRO,2025-10-25,228,1003.32,228756.96
PO2025001982,V003,Crown Packaging Solutions,SKU0069,Electrical Item 069,Electrical,2026-07-18,86,2373.03,204080.58
PO2025001983,V023,Westline Consumables,SKU0024,Facility Item 024,Facility,2026-01-09,96,798.74,76679.04
PO2025001984,V013,Metro Fasteners,SKU0043,Office Supplies Item 043,Office Supplies,2026-05-04,22,244.46,5378.12
PO2025001985,V007,Gamma Safety Solutions,SKU0022,Safety Item 022,Safety,2025-02-28,183,544.19,99586.77
PO2025001986,V040,Pioneer Electrical Traders,SKU0066,IT Item 066,IT,2026-04-20,198,29465.59,5834186.82
PO2025001987,V003,Crown Packaging Solutions,SKU0058,IT Item 058,IT,2025-11-03,130,32658.28,4245576.4
PO2025001988,V003,Crown Packaging Solutions,SKU0064,Facility Item 064,Facility,2026-05-11,137,1288.36,176505.32
PO2025001989,V006,Falcon Electricals India Pvt Ltd,SKU0041,MRO Item 041,MRO,2025-11-12,175,1329.6,232680.0
PO2025001990,V004,Delta Engineering Components,SKU0022,Safety Item 022,Safety,2026-08-09,247,640.23,158136.81
PO2025001991,V006,Falcon Electricals India Pvt Ltd,SKU0018,IT Item 018,IT,2025-08-15,163,10790.22,1758805.86
PO2025001992,V013,Metro Fasteners,SKU0038,Safety Item 038,Safety,2025-09-27,165,571.45,94289.25
PO2025001993,V006,Falcon Electricals India Pvt Ltd,SKU0037,Electrical Item 037,Electrical,2026-02-16,232,1536.9,356560.8
PO2025001994,V026,Bharat Industrial Stores,SKU0016,Facility Item 016,Facility,2026-06-20,70,648.87,45420.9
PO2025001995,V008,Horizon IT Distribution,SKU0075,Office Supplies Item 075,Office Supplies,2026-08-13,223,369.76,82456.48
PO2025001996,V032,Helios Controls,SKU0001,MRO Item 001,MRO,2025-07-27,83,938.03,77856.49
PO2025001997,V025,Arun Safety & PPE,SKU0057,MRO Item 057,MRO,2025-12-01,103,686.86,70746.58
PO2025001998,V021,United Process Equipment,SKU0026,IT Item 026,IT,2026-04-02,225,14600.43,3285096.75
PO2025001999,V029,Eagle Stationery Solutions,SKU0052,Packaging Item 052,Packaging,2025-05-10,203,172.36,34989.08
PO2025002000,V030,Frontier Components,SKU0012,Packaging Item 012,Packaging,2025-07-13,109,176.11,19195.99
PO2025002001,V009,Indus Mechanical Works,SKU0074,IT Item 074,IT,2025-02-16,73,25007.33,1825535.09
PO2025002002,V034,Jade Logistics Supplies,SKU0049,MRO Item 049,MRO,2026-06-10,22,1046.14,23015.08
PO2025002003,V022,Vertex Automation,SKU0052,Packaging Item 052,Packaging,2025-08-09,119,170.53,20293.07
PO2025002004,V038,NexGen Components,SKU0010,IT Item 010,IT,2025-01-09,56,12481.48,698962.88
PO2025002005,V013,Metro Fasteners,SKU0008,Facility Item 008,Facility,2026-06-14,145,867.58,125799.1
PO2025002006,V023,Westline Consumables,SKU0075,Office Supplies Item 075,Office Supplies,2025-10-13,181,332.5,60182.5
PO2025002007,V019,Sigma Industrial Products,SKU0074,IT Item 074,IT,2025-10-22,23,24393.74,561056.02
PO2025002008,V027,Crest Chemicals,SKU0067,Office Supplies Item 067,Office Supplies,2026-07-15,116,276.41,32063.56
PO2025002009,V001,Apex Industrial Supplies Pvt Ltd,SKU0050,IT Item 050,IT,2025-01-17,201,18359.54,3690267.54
PO2025002010,V008,Horizon IT Distribution,SKU0025,MRO Item 025,MRO,2026-07-14,178,727.75,129539.5
PO2025002011,V030,Frontier Components,SKU0045,Electrical Item 045,Electrical,2026-06-20,218,1609.91,350960.38
PO2025002012,V030,Frontier Components,SKU0035,Office Supplies Item 035,Office Supplies,2025-03-10,196,421.4,82594.4
PO2025002013,V006,Falcon Electricals India Pvt Ltd,SKU0013,Electrical Item 013,Electrical,2026-02-16,69,1582.02,109159.38
PO2025002014,V032,Helios Controls,SKU0012,Packaging Item 012,Packaging,2025-11-06,213,172.12,36661.56
PO2025002015,V019,Sigma Industrial Products,SKU0071,Mechanical Item 071,Mechanical,2026-07-01,153,1385.09,211918.77
PO2025002016,V038,NexGen Components,SKU0005,Electrical Item 005,Electrical,2025-06-18,233,535.1,124678.3
PO2025002017,V022,Vertex Automation,SKU0030,Safety Item 030,Safety,2025-05-18,170,1015.86,172696.2
PO2025002018,V008,Horizon IT Distribution,SKU0057,MRO Item 057,MRO,2025-06-19,234,743.08,173880.72
PO2025002019,V004,Delta Engineering Components,SKU0029,Electrical Item 029,Electrical,2025-06-01,72,1538.76,110790.72
PO2025002020,V024,Zenith Engineering Supplies,SKU0041,MRO Item 041,MRO,2025-03-10,25,1291.28,32282.0
PO2025002021,V031,Ganga Hardware Traders,SKU0046,Safety Item 046,Safety,2026-06-26,245,842.98,206530.1
PO2025002022,V005,Evergreen Facility Products,SKU0080,Facility Item 080,Facility,2026-01-03,87,861.64,74962.68
PO2025002023,V025,Arun Safety & PPE,SKU0068,Packaging Item 068,Packaging,2025-11-12,67,99.26,6650.42
PO2025002024,V011,Kaveri Industrial Traders,SKU0047,Mechanical Item 047,Mechanical,2025-01-08,50,3803.51,190175.5
PO2025002025,V021,United Process Equipment,SKU0067,Office Supplies Item 067,Office Supplies,2025-01-28,122,265.66,32410.52
PO2025002026,V016,Prime Tools & Components,SKU0036,Packaging Item 036,Packaging,2025-02-08,224,195.82,43863.68
PO2025002027,V024,Zenith Engineering Supplies,SKU0032,Facility Item 032,Facility,2025-01-18,149,758.57,113026.93
PO2025002028,V036,Lumina Office Technologies,SKU0027,Office Supplies Item 027,Office Supplies,2025-06-18,155,361.52,56035.6
PO2025002029,V017,Quantum Electricals,SKU0012,Packaging Item 012,Packaging,2026-06-01,150,180.26,27039.0
PO2025002030,V031,Ganga Hardware Traders,SKU0050,IT Item 050,IT,2025-03-19,54,17891.32,966131.28
PO2025002031,V040,Pioneer Electrical Traders,SKU0013,Electrical Item 013,Electrical,2025-12-19,39,1360.09,53043.51
PO2025002032,V029,Eagle Stationery Solutions,SKU0045,Electrical Item 045,Electrical,2025-12-20,234,1663.52,389263.68
PO2025002033,V027,Crest Chemicals,SKU0040,Facility Item 040,Facility,2025-04-24,26,1354.42,35214.92
PO2025002034,V032,Helios Controls,SKU0033,MRO Item 033,MRO,2026-02-25,7,726.95,5088.65
PO2025002035,V019,Sigma Industrial Products,SKU0029,Electrical Item 029,Electrical,2026-01-30,44,1890.91,83200.04
PO2025002036,V002,BluePeak Office Systems Pvt Ltd,SKU0027,Office Supplies Item 027,Office Supplies,2026-01-03,153,397.11,60757.83
PO2025002037,V014,Nova Tech Systems,SKU0058,IT Item 058,IT,2026-02-02,78,35557.49,2773484.22
PO2025002038,V017,Quantum Electricals,SKU0030,Safety Item 030,Safety,2025-09-03,150,883.83,132574.5
PO2025002039,V033,Innovatech Solutions,SKU0068,Packaging Item 068,Packaging,2025-10-16,222,94.73,21030.06
PO2025002040,V027,Crest Chemicals,SKU0062,Safety Item 062,Safety,2026-05-09,134,657.16,88059.44
PO2025002041,V025,Arun Safety & PPE,SKU0073,MRO Item 073,MRO,2025-11-18,8,564.99,4519.92
PO2025002042,V007,Gamma Safety Solutions,SKU0074,IT Item 074,IT,2025-02-25,163,21352.03,3480380.89
PO2025002043,V004,Delta Engineering Components,SKU0035,Office Supplies Item 035,Office Supplies,2025-04-21,190,443.04,84177.6
PO2025002044,V035,Keystone Industrial Products,SKU0014,Safety Item 014,Safety,2026-04-07,81,1412.53,114414.93
PO2025002045,V014,Nova Tech Systems,SKU0043,Office Supplies Item 043,Office Supplies,2025-02-14,183,252.73,46249.59
PO2025002046,V032,Helios Controls,SKU0017,MRO Item 017,MRO,2026-03-29,125,987.1,123387.5
PO2025002047,V015,Orbit Maintenance Supplies,SKU0018,IT Item 018,IT,2026-06-29,112,10648.22,1192600.64
PO2025002048,V026,Bharat Industrial Stores,SKU0058,IT Item 058,IT,2026-05-19,179,34895.59,6246310.61
PO2025002049,V021,United Process Equipment,SKU0015,Mechanical Item 015,Mechanical,2025-11-14,88,3416.94,300690.72
PO2025002050,V010,Jupiter Office Products,SKU0028,Packaging Item 028,Packaging,2026-06-10,27,134.73,3637.71
PO2025002051,V026,Bharat Industrial Stores,SKU0035,Office Supplies Item 035,Office Supplies,2025-07-21,111,387.06,42963.66
PO2025002052,V039,Omkar Facility Products,SKU0072,Facility Item 072,Facility,2026-05-02,96,620.36,59554.56
PO2025002053,V038,NexGen Components,SKU0061,Electrical Item 061,Electrical,2025-06-17,168,731.45,122883.6
PO2025002054,V013,Metro Fasteners,SKU0048,Facility Item 048,Facility,2025-08-09,222,1043.97,231761.34
PO2025002055,V029,Eagle Stationery Solutions,SKU0005,Electrical Item 005,Electrical,2026-01-29,99,646.08,63961.92
PO2025002056,V004,Delta Engineering Components,SKU0047,Mechanical Item 047,Mechanical,2025-04-13,223,3473.05,774490.15
PO2025002057,V027,Crest Chemicals,SKU0035,Office Supplies Item 035,Office Supplies,2026-06-02,54,423.95,22893.3
PO2025002058,V035,Keystone Industrial Products,SKU0030,Safety Item 030,Safety,2026-05-15,249,859.1,213915.9
PO2025002059,V028,Dynamo Power Systems,SKU0044,Packaging Item 044,Packaging,2026-05-07,45,133.31,5998.95
PO2025002060,V026,Bharat Industrial Stores,SKU0002,IT Item 002,IT,2026-06-27,223,10679.04,2381425.92
PO2025002061,V028,Dynamo Power Systems,SKU0058,IT Item 058,IT,2026-04-15,157,32687.41,5131923.37
PO2025002062,V026,Bharat Industrial Stores,SKU0026,IT Item 026,IT,2025-07-30,208,14450.3,3005662.4
PO2025002063,V006,Falcon Electricals India Pvt Ltd,SKU0051,Office Supplies Item 051,Office Supplies,2026-05-08,54,390.3,21076.2
PO2025002064,V027,Crest Chemicals,SKU0067,Office Supplies Item 067,Office Supplies,2025-01-24,56,282.24,15805.44
PO2025002065,V005,Evergreen Facility Products,SKU0053,Electrical Item 053,Electrical,2025-06-14,116,705.32,81817.12
PO2025002066,V037,Magnus Tools,SKU0080,Facility Item 080,Facility,2026-01-09,229,734.1,168108.9
PO2025002067,V013,Metro Fasteners,SKU0034,IT Item 034,IT,2025-07-16,69,13039.13,899699.97
PO2025002068,V020,Trident Facility Services,SKU0068,Packaging Item 068,Packaging,2026-03-22,48,89.86,4313.28
PO2025002069,V030,Frontier Components,SKU0041,MRO Item 041,MRO,2026-01-11,141,1205.96,170040.36
PO2025002070,V025,Arun Safety & PPE,SKU0045,Electrical Item 045,Electrical,2026-01-14,237,1361.76,322737.12
PO2025002071,V016,Prime Tools & Components,SKU0077,Electrical Item 077,Electrical,2025-07-24,79,1324.65,104647.35
PO2025002072,V023,Westline Consumables,SKU0048,Facility Item 048,Facility,2026-04-30,200,1005.0,201000.0
PO2025002073,V010,Jupiter Office Products,SKU0009,MRO Item 009,MRO,2026-03-29,45,845.09,38029.05
PO2025002074,V014,Nova Tech Systems,SKU0054,Safety Item 054,Safety,2025-06-23,101,703.26,71029.26
PO2025002075,V038,NexGen Components,SKU0022,Safety Item 022,Safety,2025-11-02,12,582.74,6992.88
PO2025002076,V038,NexGen Components,SKU0049,MRO Item 049,MRO,2025-08-09,245,1143.68,280201.6
PO2025002077,V010,Jupiter Office Products,SKU0006,Safety Item 006,Safety,2025-06-25,83,416.01,34528.83
PO2025002078,V005,Evergreen Facility Products,SKU0008,Facility Item 008,Facility,2025-10-01,39,841.76,32828.64
PO2025002079,V011,Kaveri Industrial Traders,SKU0018,IT Item 018,IT,2026-09-01,168,12437.09,2089431.12
PO2025002080,V034,Jade Logistics Supplies,SKU0050,IT Item 050,IT,2025-01-22,170,18038.78,3066592.6
PO2025002081,V023,Westline Consumables,SKU0015,Mechanical Item 015,Mechanical,2025-10-19,163,3347.68,545671.84
PO2025002082,V030,Frontier Components,SKU0060,Packaging Item 060,Packaging,2026-08-05,34,197.62,6719.08
PO2025002083,V037,Magnus Tools,SKU0004,Packaging Item 004,Packaging,2025-05-30,229,190.94,43725.26
PO2025002084,V034,Jade Logistics Supplies,SKU0065,MRO Item 065,MRO,2025-01-09,24,1299.52,31188.48
PO2025002085,V029,Eagle Stationery Solutions,SKU0010,IT Item 010,IT,2025-05-25,189,11554.96,2183887.44
PO2025002086,V008,Horizon IT Distribution,SKU0015,Mechanical Item 015,Mechanical,2025-06-18,51,2954.41,150674.91
PO2025002087,V019,Sigma Industrial Products,SKU0014,Safety Item 014,Safety,2025-10-22,6,1253.4,7520.4
PO2025002088,V018,Ridgeway Bearings,SKU0061,Electrical Item 061,Electrical,2025-01-31,18,709.12,12764.16
PO2025002089,V027,Crest Chemicals,SKU0070,Safety Item 070,Safety,2025-11-06,245,768.66,188321.7
PO2025002090,V030,Frontier Components,SKU0014,Safety Item 014,Safety,2025-10-21,235,1188.33,279257.55
PO2025002091,V030,Frontier Components,SKU0003,Office Supplies Item 003,Office Supplies,2025-11-09,15,415.01,6225.15
PO2025002092,V004,Delta Engineering Components,SKU0031,Mechanical Item 031,Mechanical,2025-03-16,176,7322.45,1288751.2
PO2025002093,V027,Crest Chemicals,SKU0005,Electrical Item 005,Electrical,2026-05-25,166,572.03,94956.98
PO2025002094,V015,Orbit Maintenance Supplies,SKU0026,IT Item 026,IT,2025-09-11,197,16674.52,3284880.44
PO2025002095,V004,Delta Engineering Components,SKU0022,Safety Item 022,Safety,2026-01-06,117,515.75,60342.75
PO2025002096,V005,Evergreen Facility Products,SKU0078,Safety Item 078,Safety,2025-06-12,109,874.42,95311.78
PO2025002097,V010,Jupiter Office Products,SKU0046,Safety Item 046,Safety,2025-05-05,16,875.82,14013.12
PO2025002098,V031,Ganga Hardware Traders,SKU0044,Packaging Item 044,Packaging,2026-02-20,43,133.76,5751.68
PO2025002099,V003,Crown Packaging Solutions,SKU0013,Electrical Item 013,Electrical,2026-03-13,146,1635.05,238717.3
PO2025002100,V040,Pioneer Electrical Traders,SKU0054,Safety Item 054,Safety,2026-04-16,74,730.7,54071.8
PO2025002101,V010,Jupiter Office Products,SKU0072,Facility Item 072,Facility,2026-03-22,203,579.66,117670.98
PO2025002102,V027,Crest Chemicals,SKU0027,Office Supplies Item 027,Office Supplies,2026-06-09,185,390.02,72153.7
PO2025002103,V005,Evergreen Facility Products,SKU0023,Mechanical Item 023,Mechanical,2025-05-24,225,4864.7,1094557.5
PO2025002104,V024,Zenith Engineering Supplies,SKU0050,IT Item 050,IT,2025-04-14,32,18932.92,605853.44
PO2025002105,V013,Metro Fasteners,SKU0075,Office Supplies Item 075,Office Supplies,2025-02-24,206,321.96,66323.76
PO2025002106,V024,Zenith Engineering Supplies,SKU0055,Mechanical Item 055,Mechanical,2025-06-14,140,2303.2,322448.0
PO2025002107,V038,NexGen Components,SKU0055,Mechanical Item 055,Mechanical,2026-03-14,18,2229.26,40126.68
PO2025002108,V018,Ridgeway Bearings,SKU0014,Safety Item 014,Safety,2025-07-21,32,1345.13,43044.16
PO2025002109,V001,Apex Industrial Supplies Pvt Ltd,SKU0064,Facility Item 064,Facility,2025-08-29,26,1302.61,33867.86
PO2025002110,V032,Helios Controls,SKU0079,Mechanical Item 079,Mechanical,2026-07-21,181,3212.92,581538.52
PO2025002111,V021,United Process Equipment,SKU0077,Electrical Item 077,Electrical,2026-01-11,213,1323.15,281830.95
PO2025002112,V037,Magnus Tools,SKU0037,Electrical Item 037,Electrical,2025-11-11,184,1517.57,279232.88
PO2025002113,V027,Crest Chemicals,SKU0021,Electrical Item 021,Electrical,2025-03-12,168,1477.73,248258.64
PO2025002114,V015,Orbit Maintenance Supplies,SKU0040,Facility Item 040,Facility,2026-02-16,49,1357.49,66517.01
PO2025002115,V003,Crown Packaging Solutions,SKU0018,IT Item 018,IT,2025-01-27,36,11094.08,399386.88
PO2025002116,V027,Crest Chemicals,SKU0016,Facility Item 016,Facility,2025-11-16,100,617.35,61735.0
PO2025002117,V004,Delta Engineering Components,SKU0003,Office Supplies Item 003,Office Supplies,2025-12-24,243,405.56,98551.08
PO2025002118,V015,Orbit Maintenance Supplies,SKU0030,Safety Item 030,Safety,2026-03-08,186,1036.74,192833.64
PO2025002119,V027,Crest Chemicals,SKU0012,Packaging Item 012,Packaging,2025-07-04,121,156.24,18905.04
PO2025002120,V017,Quantum Electricals,SKU0068,Packaging Item 068,Packaging,2025-04-18,237,107.47,25470.39
PO2025002121,V031,Ganga Hardware Traders,SKU0049,MRO Item 049,MRO,2026-06-21,250,1119.04,279760.0
PO2025002122,V017,Quantum Electricals,SKU0019,Office Supplies Item 019,Office Supplies,2025-12-09,188,428.17,80495.96
PO2025002123,V030,Frontier Components,SKU0054,Safety Item 054,Safety,2025-07-10,111,723.8,80341.8
PO2025002124,V005,Evergreen Facility Products,SKU0008,Facility Item 008,Facility,2026-07-05,237,878.47,208197.39
PO2025002125,V035,Keystone Industrial Products,SKU0075,Office Supplies Item 075,Office Supplies,2025-12-13,93,341.89,31795.77
PO2025002126,V017,Quantum Electricals,SKU0045,Electrical Item 045,Electrical,2026-08-14,90,1619.08,145717.2
PO2025002127,V034,Jade Logistics Supplies,SKU0053,Electrical Item 053,Electrical,2026-08-26,171,766.24,131027.04
PO2025002128,V003,Crown Packaging Solutions,SKU0050,IT Item 050,IT,2025-02-07,92,19585.18,1801836.56
PO2025002129,V029,Eagle Stationery Solutions,SKU0058,IT Item 058,IT,2025-08-10,90,34084.75,3067627.5
PO2025002130,V021,United Process Equipment,SKU0046,Safety Item 046,Safety,2026-08-28,56,877.61,49146.16
PO2025002131,V009,Indus Mechanical Works,SKU0015,Mechanical Item 015,Mechanical,2025-03-08,23,3305.09,76017.07
PO2025002132,V006,Falcon Electricals India Pvt Ltd,SKU0001,MRO Item 001,MRO,2025-11-22,163,984.96,160548.48
PO2025002133,V002,BluePeak Office Systems Pvt Ltd,SKU0006,Safety Item 006,Safety,2026-02-25,139,411.02,57131.78
PO2025002134,V002,BluePeak Office Systems Pvt Ltd,SKU0069,Electrical Item 069,Electrical,2025-09-16,235,2143.65,503757.75
PO2025002135,V006,Falcon Electricals India Pvt Ltd,SKU0013,Electrical Item 013,Electrical,2025-11-08,175,1533.42,268348.5
PO2025002136,V009,Indus Mechanical Works,SKU0071,Mechanical Item 071,Mechanical,2025-07-05,84,1431.67,120260.28
PO2025002137,V002,BluePeak Office Systems Pvt Ltd,SKU0053,Electrical Item 053,Electrical,2025-10-02,195,794.39,154906.05
PO2025002138,V018,Ridgeway Bearings,SKU0071,Mechanical Item 071,Mechanical,2026-03-14,189,1612.6,304781.4
PO2025002139,V006,Falcon Electricals India Pvt Ltd,SKU0003,Office Supplies Item 003,Office Supplies,2025-10-19,104,431.93,44920.72
PO2025002140,V011,Kaveri Industrial Traders,SKU0063,Mechanical Item 063,Mechanical,2025-07-18,152,2575.57,391486.64
PO2025002141,V038,NexGen Components,SKU0003,Office Supplies Item 003,Office Supplies,2025-07-23,153,419.03,64111.59
PO2025002142,V031,Ganga Hardware Traders,SKU0010,IT Item 010,IT,2025-12-23,86,13031.74,1120729.64
PO2025002143,V028,Dynamo Power Systems,SKU0025,MRO Item 025,MRO,2025-05-29,226,755.08,170648.08
PO2025002144,V006,Falcon Electricals India Pvt Ltd,SKU0014,Safety Item 014,Safety,2025-12-22,203,1144.73,232380.19
PO2025002145,V022,Vertex Automation,SKU0003,Office Supplies Item 003,Office Supplies,2025-01-09,201,408.26,82060.26
PO2025002146,V010,Jupiter Office Products,SKU0078,Safety Item 078,Safety,2026-02-16,23,769.46,17697.58
PO2025002147,V037,Magnus Tools,SKU0079,Mechanical Item 079,Mechanical,2025-12-08,6,3544.18,21265.08
PO2025002148,V010,Jupiter Office Products,SKU0067,Office Supplies Item 067,Office Supplies,2026-04-07,158,247.3,39073.4
PO2025002149,V002,BluePeak Office Systems Pvt Ltd,SKU0034,IT Item 034,IT,2026-02-08,109,13481.81,1469517.29
PO2025002150,V002,BluePeak Office Systems Pvt Ltd,SKU0039,Mechanical Item 039,Mechanical,2026-01-10,169,1949.31,329433.39
PO2025002151,V012,Lotus Packaging India Pvt Ltd,SKU0019,Office Supplies Item 019,Office Supplies,2026-04-12,82,493.56,40471.92
PO2025002152,V021,United Process Equipment,SKU0056,Facility Item 056,Facility,2026-08-11,210,763.71,160379.1
PO2025002153,V026,Bharat Industrial Stores,SKU0045,Electrical Item 045,Electrical,2026-07-01,135,1622.75,219071.25
PO2025002154,V004,Delta Engineering Components,SKU0056,Facility Item 056,Facility,2025-06-21,130,687.92,89429.6
PO2025002155,V026,Bharat Industrial Stores,SKU0038,Safety Item 038,Safety,2026-04-16,68,505.76,34391.68
PO2025002156,V012,Lotus Packaging India Pvt Ltd,SKU0080,Facility Item 080,Facility,2026-02-02,98,828.67,81209.66
PO2025002157,V040,Pioneer Electrical Traders,SKU0038,Safety Item 038,Safety,2025-03-27,181,593.27,107381.87
PO2025002158,V011,Kaveri Industrial Traders,SKU0068,Packaging Item 068,Packaging,2025-04-25,19,108.91,2069.29
PO2025002159,V001,Apex Industrial Supplies Pvt Ltd,SKU0040,Facility Item 040,Facility,2026-01-04,55,1270.2,69861.0
PO2025002160,V016,Prime Tools & Components,SKU0063,Mechanical Item 063,Mechanical,2025-01-19,179,3058.46,547464.34
PO2025002161,V004,Delta Engineering Components,SKU0001,MRO Item 001,MRO,2025-05-14,229,1025.97,234947.13
PO2025002162,V018,Ridgeway Bearings,SKU0072,Facility Item 072,Facility,2026-03-26,204,615.03,125466.12
PO2025002163,V008,Horizon IT Distribution,SKU0004,Packaging Item 004,Packaging,2026-01-16,184,204.03,37541.52
PO2025002164,V020,Trident Facility Services,SKU0056,Facility Item 056,Facility,2025-01-16,201,759.08,152575.08
PO2025002165,V025,Arun Safety & PPE,SKU0037,Electrical Item 037,Electrical,2026-01-11,127,1502.51,190818.77
PO2025002166,V032,Helios Controls,SKU0064,Facility Item 064,Facility,2026-07-25,249,1096.54,273038.46
PO2025002167,V036,Lumina Office Technologies,SKU0010,IT Item 010,IT,2026-03-01,231,12911.27,2982503.37
PO2025002168,V038,NexGen Components,SKU0054,Safety Item 054,Safety,2025-07-10,31,755.32,23414.92
PO2025002169,V033,Innovatech Solutions,SKU0048,Facility Item 048,Facility,2026-08-14,71,1115.98,79234.58
PO2025002170,V040,Pioneer Electrical Traders,SKU0022,Safety Item 022,Safety,2026-06-22,32,639.09,20450.88
PO2025002171,V020,Trident Facility Services,SKU0009,MRO Item 009,MRO,2026-07-13,90,934.82,84133.8
PO2025002172,V039,Omkar Facility Products,SKU0029,Electrical Item 029,Electrical,2026-07-03,236,1805.38,426069.68
PO2025002173,V012,Lotus Packaging India Pvt Ltd,SKU0043,Office Supplies Item 043,Office Supplies,2026-02-18,81,261.76,21202.56
PO2025002174,V005,Evergreen Facility Products,SKU0067,Office Supplies Item 067,Office Supplies,2026-01-20,244,285.51,69664.44
PO2025002175,V008,Horizon IT Distribution,SKU0007,Mechanical Item 007,Mechanical,2025-02-01,73,2514.39,183550.47
PO2025002176,V038,NexGen Components,SKU0039,Mechanical Item 039,Mechanical,2025-01-01,222,1650.55,366422.1
PO2025002177,V038,NexGen Components,SKU0070,Safety Item 070,Safety,2025-06-13,140,793.27,111057.8
PO2025002178,V007,Gamma Safety Solutions,SKU0072,Facility Item 072,Facility,2025-07-16,2,603.49,1206.98
PO2025002179,V004,Delta Engineering Components,SKU0066,IT Item 066,IT,2026-07-28,172,25679.41,4416858.52
PO2025002180,V039,Omkar Facility Products,SKU0020,Packaging Item 020,Packaging,2025-07-11,158,128.64,20325.12
PO2025002181,V007,Gamma Safety Solutions,SKU0078,Safety Item 078,Safety,2026-01-29,4,878.19,3512.76
PO2025002182,V001,Apex Industrial Supplies Pvt Ltd,SKU0040,Facility Item 040,Facility,2025-05-31,107,1294.42,138502.94
PO2025002183,V010,Jupiter Office Products,SKU0011,Office Supplies Item 011,Office Supplies,2026-06-26,68,492.59,33496.12
PO2025002184,V031,Ganga Hardware Traders,SKU0052,Packaging Item 052,Packaging,2026-01-15,158,153.62,24271.96
PO2025002185,V003,Crown Packaging Solutions,SKU0041,MRO Item 041,MRO,2025-07-01,54,1244.82,67220.28
PO2025002186,V026,Bharat Industrial Stores,SKU0002,IT Item 002,IT,2026-06-20,85,12919.95,1098195.75
PO2025002187,V028,Dynamo Power Systems,SKU0021,Electrical Item 021,Electrical,2026-06-10,40,1405.85,56234.0
PO2025002188,V029,Eagle Stationery Solutions,SKU0078,Safety Item 078,Safety,2025-07-29,28,857.39,24006.92
PO2025002189,V012,Lotus Packaging India Pvt Ltd,SKU0060,Packaging Item 060,Packaging,2025-11-17,113,192.69,21773.97
PO2025002190,V039,Omkar Facility Products,SKU0066,IT Item 066,IT,2026-04-26,121,26622.27,3221294.67
PO2025002191,V018,Ridgeway Bearings,SKU0016,Facility Item 016,Facility,2025-05-19,14,600.44,8406.16
PO2025002192,V029,Eagle Stationery Solutions,SKU0060,Packaging Item 060,Packaging,2025-04-21,231,205.48,47465.88
PO2025002193,V023,Westline Consumables,SKU0080,Facility Item 080,Facility,2025-06-23,201,925.59,186043.59
PO2025002194,V037,Magnus Tools,SKU0009,MRO Item 009,MRO,2026-04-09,77,795.14,61225.78
PO2025002195,V039,Omkar Facility Products,SKU0041,MRO Item 041,MRO,2025-10-27,191,1122.29,214357.39
PO2025002196,V014,Nova Tech Systems,SKU0049,MRO Item 049,MRO,2026-04-17,72,1138.77,81991.44
PO2025002197,V013,Metro Fasteners,SKU0072,Facility Item 072,Facility,2025-10-03,186,607.04,112909.44
PO2025002198,V019,Sigma Industrial Products,SKU0030,Safety Item 030,Safety,2026-03-05,88,1048.73,92288.24
PO2025002199,V034,Jade Logistics Supplies,SKU0035,Office Supplies Item 035,Office Supplies,2025-05-14,115,404.0,46460.0
PO2025002200,V012,Lotus Packaging India Pvt Ltd,SKU0009,MRO Item 009,MRO,2026-02-09,17,784.54,13337.18
PO2025002201,V038,NexGen Components,SKU0043,Office Supplies Item 043,Office Supplies,2025-07-23,79,209.06,16515.74
PO2025002202,V002,BluePeak Office Systems Pvt Ltd,SKU0014,Safety Item 014,Safety,2026-07-08,10,1435.08,14350.8
PO2025002203,V014,Nova Tech Systems,SKU0078,Safety Item 078,Safety,2026-06-30,174,832.42,144841.08
PO2025002204,V029,Eagle Stationery Solutions,SKU0013,Electrical Item 013,Electrical,2025-03-18,175,1626.18,284581.5
PO2025002205,V013,Metro Fasteners,SKU0002,IT Item 002,IT,2026-05-01,104,10763.07,1119359.28
PO2025002206,V012,Lotus Packaging India Pvt Ltd,SKU0037,Electrical Item 037,Electrical,2025-01-18,211,1416.16,298809.76
PO2025002207,V016,Prime Tools & Components,SKU0037,Electrical Item 037,Electrical,2025-01-17,153,1323.94,202562.82
PO2025002208,V029,Eagle Stationery Solutions,SKU0058,IT Item 058,IT,2025-05-12,72,40113.11,2888143.92
PO2025002209,V008,Horizon IT Distribution,SKU0069,Electrical Item 069,Electrical,2026-03-15,226,1923.99,434821.74
PO2025002210,V005,Evergreen Facility Products,SKU0042,IT Item 042,IT,2025-03-13,243,23544.02,5721196.86
PO2025002211,V011,Kaveri Industrial Traders,SKU0027,Office Supplies Item 027,Office Supplies,2026-07-08,192,375.48,72092.16
PO2025002212,V020,Trident Facility Services,SKU0006,Safety Item 006,Safety,2025-08-17,152,465.86,70810.72
PO2025002213,V017,Quantum Electricals,SKU0021,Electrical Item 021,Electrical,2025-02-11,55,1412.01,77660.55
PO2025002214,V012,Lotus Packaging India Pvt Ltd,SKU0046,Safety Item 046,Safety,2026-07-17,7,854.24,5979.68
PO2025002215,V006,Falcon Electricals India Pvt Ltd,SKU0052,Packaging Item 052,Packaging,2026-05-02,188,147.0,27636.0
PO2025002216,V040,Pioneer Electrical Traders,SKU0048,Facility Item 048,Facility,2025-10-21,184,1066.24,196188.16
PO2025002217,V012,Lotus Packaging India Pvt Ltd,SKU0046,Safety Item 046,Safety,2025-12-07,155,907.95,140732.25
PO2025002218,V039,Omkar Facility Products,SKU0060,Packaging Item 060,Packaging,2026-01-23,108,196.08,21176.64
PO2025002219,V001,Apex Industrial Supplies Pvt Ltd,SKU0063,Mechanical Item 063,Mechanical,2026-02-09,202,2755.58,556627.16
PO2025002220,V010,Jupiter Office Products,SKU0052,Packaging Item 052,Packaging,2025-11-10,51,156.88,8000.88
PO2025002221,V016,Prime Tools & Components,SKU0072,Facility Item 072,Facility,2025-11-12,62,626.66,38852.92
PO2025002222,V005,Evergreen Facility Products,SKU0079,Mechanical Item 079,Mechanical,2026-01-04,26,3726.33,96884.58
PO2025002223,V028,Dynamo Power Systems,SKU0071,Mechanical Item 071,Mechanical,2025-12-08,218,1293.82,282052.76
PO2025002224,V016,Prime Tools & Components,SKU0003,Office Supplies Item 003,Office Supplies,2026-05-12,229,470.22,107680.38
PO2025002225,V028,Dynamo Power Systems,SKU0050,IT Item 050,IT,2025-07-30,23,20549.86,472646.78
PO2025002226,V040,Pioneer Electrical Traders,SKU0023,Mechanical Item 023,Mechanical,2025-08-17,167,4155.36,693945.12
PO2025002227,V040,Pioneer Electrical Traders,SKU0004,Packaging Item 004,Packaging,2025-02-16,113,173.25,19577.25
PO2025002228,V038,NexGen Components,SKU0011,Office Supplies Item 011,Office Supplies,2025-01-31,95,510.47,48494.65
PO2025002229,V030,Frontier Components,SKU0065,MRO Item 065,MRO,2025-10-10,77,1042.28,80255.56
PO2025002230,V012,Lotus Packaging India Pvt Ltd,SKU0079,Mechanical Item 079,Mechanical,2026-01-31,140,3384.01,473761.4
PO2025002231,V010,Jupiter Office Products,SKU0018,IT Item 018,IT,2026-08-06,103,11122.98,1145666.94
PO2025002232,V034,Jade Logistics Supplies,SKU0061,Electrical Item 061,Electrical,2025-04-11,131,674.83,88402.73
PO2025002233,V029,Eagle Stationery Solutions,SKU0078,Safety Item 078,Safety,2025-09-13,22,937.67,20628.74
PO2025002234,V029,Eagle Stationery Solutions,SKU0065,MRO Item 065,MRO,2025-05-17,164,1086.53,178190.92
PO2025002235,V018,Ridgeway Bearings,SKU0051,Office Supplies Item 051,Office Supplies,2025-05-07,38,329.09,12505.42
PO2025002236,V036,Lumina Office Technologies,SKU0060,Packaging Item 060,Packaging,2026-08-07,84,168.24,14132.16
PO2025002237,V006,Falcon Electricals India Pvt Ltd,SKU0026,IT Item 026,IT,2025-03-05,4,16249.76,64999.04
PO2025002238,V008,Horizon IT Distribution,SKU0030,Safety Item 030,Safety,2025-02-23,7,945.26,6616.82
PO2025002239,V017,Quantum Electricals,SKU0061,Electrical Item 061,Electrical,2025-05-19,86,683.51,58781.86
PO2025002240,V037,Magnus Tools,SKU0026,IT Item 026,IT,2026-01-16,11,15481.83,170300.13
PO2025002241,V011,Kaveri Industrial Traders,SKU0052,Packaging Item 052,Packaging,2026-05-21,223,165.15,36828.45
PO2025002242,V014,Nova Tech Systems,SKU0005,Electrical Item 005,Electrical,2025-01-10,89,674.81,60058.09
PO2025002243,V023,Westline Consumables,SKU0029,Electrical Item 029,Electrical,2025-01-08,52,1692.52,88011.04
PO2025002244,V002,BluePeak Office Systems Pvt Ltd,SKU0039,Mechanical Item 039,Mechanical,2026-07-05,246,1609.8,396010.8
PO2025002245,V014,Nova Tech Systems,SKU0046,Safety Item 046,Safety,2026-01-14,225,814.71,183309.75
PO2025002246,V001,Apex Industrial Supplies Pvt Ltd,SKU0032,Facility Item 032,Facility,2025-11-27,192,786.8,151065.6
PO2025002247,V020,Trident Facility Services,SKU0043,Office Supplies Item 043,Office Supplies,2026-01-23,164,236.01,38705.64
PO2025002248,V030,Frontier Components,SKU0058,IT Item 058,IT,2026-06-11,153,36090.34,5521822.02
PO2025002249,V006,Falcon Electricals India Pvt Ltd,SKU0008,Facility Item 008,Facility,2025-01-14,75,770.06,57754.5
PO2025002250,V029,Eagle Stationery Solutions,SKU0029,Electrical Item 029,Electrical,2026-07-15,250,1695.19,423797.5
PO2025002251,V010,Jupiter Office Products,SKU0052,Packaging Item 052,Packaging,2025-04-29,93,157.55,14652.15
PO2025002252,V012,Lotus Packaging India Pvt Ltd,SKU0039,Mechanical Item 039,Mechanical,2026-03-21,136,1783.83,242600.88
PO2025002253,V032,Helios Controls,SKU0017,MRO Item 017,MRO,2026-06-25,191,944.31,180363.21
PO2025002254,V013,Metro Fasteners,SKU0016,Facility Item 016,Facility,2026-02-28,192,623.58,119727.36
PO2025002255,V032,Helios Controls,SKU0016,Facility Item 016,Facility,2026-08-02,201,689.19,138527.19
PO2025002256,V015,Orbit Maintenance Supplies,SKU0008,Facility Item 008,Facility,2026-05-18,74,768.25,56850.5
PO2025002257,V023,Westline Consumables,SKU0041,MRO Item 041,MRO,2025-10-12,95,1176.35,111753.25
PO2025002258,V011,Kaveri Industrial Traders,SKU0017,MRO Item 017,MRO,2026-03-16,121,1120.43,135572.03
PO2025002259,V012,Lotus Packaging India Pvt Ltd,SKU0059,Office Supplies Item 059,Office Supplies,2025-11-20,113,232.03,26219.39
PO2025002260,V012,Lotus Packaging India Pvt Ltd,SKU0048,Facility Item 048,Facility,2025-04-12,232,1117.5,259260.0
PO2025002261,V024,Zenith Engineering Supplies,SKU0007,Mechanical Item 007,Mechanical,2025-10-23,24,2986.49,71675.76
PO2025002262,V003,Crown Packaging Solutions,SKU0021,Electrical Item 021,Electrical,2025-11-08,235,1202.86,282672.1
PO2025002263,V037,Magnus Tools,SKU0065,MRO Item 065,MRO,2025-10-26,225,1112.3,250267.5
PO2025002264,V014,Nova Tech Systems,SKU0009,MRO Item 009,MRO,2026-05-22,247,843.53,208351.91
PO2025002265,V020,Trident Facility Services,SKU0025,MRO Item 025,MRO,2026-08-11,122,653.76,79758.72
PO2025002266,V020,Trident Facility Services,SKU0078,Safety Item 078,Safety,2025-05-25,211,754.48,159195.28
PO2025002267,V001,Apex Industrial Supplies Pvt Ltd,SKU0029,Electrical Item 029,Electrical,2025-11-06,18,1749.64,31493.52
PO2025002268,V034,Jade Logistics Supplies,SKU0073,MRO Item 073,MRO,2025-12-17,15,580.59,8708.85
PO2025002269,V018,Ridgeway Bearings,SKU0026,IT Item 026,IT,2025-06-28,14,14209.63,198934.82
PO2025002270,V015,Orbit Maintenance Supplies,SKU0002,IT Item 002,IT,2025-03-08,203,12923.81,2623533.43
PO2025002271,V029,Eagle Stationery Solutions,SKU0014,Safety Item 014,Safety,2026-05-02,211,1415.01,298567.11
PO2025002272,V009,Indus Mechanical Works,SKU0032,Facility Item 032,Facility,2025-08-16,151,730.06,110239.06
PO2025002273,V028,Dynamo Power Systems,SKU0010,IT Item 010,IT,2026-06-14,157,11419.39,1792844.23
PO2025002274,V035,Keystone Industrial Products,SKU0002,IT Item 002,IT,2025-07-29,97,12031.84,1167088.48
PO2025002275,V026,Bharat Industrial Stores,SKU0026,IT Item 026,IT,2026-01-15,34,16533.71,562146.14
PO2025002276,V027,Crest Chemicals,SKU0054,Safety Item 054,Safety,2025-06-09,180,612.48,110246.4
PO2025002277,V007,Gamma Safety Solutions,SKU0065,MRO Item 065,MRO,2025-12-08,22,1305.69,28725.18
PO2025002278,V018,Ridgeway Bearings,SKU0019,Office Supplies Item 019,Office Supplies,2025-10-30,29,491.22,14245.38
PO2025002279,V012,Lotus Packaging India Pvt Ltd,SKU0080,Facility Item 080,Facility,2026-08-12,198,883.02,174837.96
PO2025002280,V032,Helios Controls,SKU0042,IT Item 042,IT,2025-05-07,220,23264.76,5118247.2
PO2025002281,V012,Lotus Packaging India Pvt Ltd,SKU0020,Packaging Item 020,Packaging,2026-02-22,129,122.04,15743.16
PO2025002282,V029,Eagle Stationery Solutions,SKU0043,Office Supplies Item 043,Office Supplies,2025-05-27,239,260.58,62278.62
PO2025002283,V005,Evergreen Facility Products,SKU0066,IT Item 066,IT,2026-05-22,98,28887.82,2831006.36
PO2025002284,V027,Crest Chemicals,SKU0050,IT Item 050,IT,2025-01-07,104,20425.0,2124200.0
PO2025002285,V032,Helios Controls,SKU0061,Electrical Item 061,Electrical,2025-12-22,23,740.05,17021.15
PO2025002286,V008,Horizon IT Distribution,SKU0005,Electrical Item 005,Electrical,2026-07-25,200,541.74,108348.0
PO2025002287,V015,Orbit Maintenance Supplies,SKU0029,Electrical Item 029,Electrical,2025-07-25,239,1806.09,431655.51
PO2025002288,V020,Trident Facility Services,SKU0048,Facility Item 048,Facility,2025-11-29,242,963.2,233094.4
PO2025002289,V026,Bharat Industrial Stores,SKU0026,IT Item 026,IT,2025-05-15,34,15386.93,523155.62
PO2025002290,V018,Ridgeway Bearings,SKU0080,Facility Item 080,Facility,2025-04-28,120,889.22,106706.4
PO2025002291,V027,Crest Chemicals,SKU0034,IT Item 034,IT,2025-08-27,154,13445.51,2070608.54
PO2025002292,V026,Bharat Industrial Stores,SKU0052,Packaging Item 052,Packaging,2025-08-26,222,163.76,36354.72
PO2025002293,V028,Dynamo Power Systems,SKU0052,Packaging Item 052,Packaging,2025-09-04,140,147.86,20700.4
PO2025002294,V010,Jupiter Office Products,SKU0040,Facility Item 040,Facility,2025-12-09,64,1280.99,81983.36
PO2025002295,V006,Falcon Electricals India Pvt Ltd,SKU0026,IT Item 026,IT,2025-12-12,11,17400.7,191407.7
PO2025002296,V023,Westline Consumables,SKU0012,Packaging Item 012,Packaging,2026-02-27,250,188.0,47000.0
PO2025002297,V036,Lumina Office Technologies,SKU0074,IT Item 074,IT,2025-09-23,153,20576.15,3148150.95
PO2025002298,V027,Crest Chemicals,SKU0042,IT Item 042,IT,2025-10-22,141,22734.19,3205520.79
PO2025002299,V024,Zenith Engineering Supplies,SKU0045,Electrical Item 045,Electrical,2025-01-23,109,1561.28,170179.52
PO2025002300,V007,Gamma Safety Solutions,SKU0035,Office Supplies Item 035,Office Supplies,2025-04-02,124,417.35,51751.4
PO2025002301,V037,Magnus Tools,SKU0024,Facility Item 024,Facility,2026-01-17,148,920.0,136160.0
PO2025002302,V038,NexGen Components,SKU0004,Packaging Item 004,Packaging,2025-12-13,93,189.82,17653.26
PO2025002303,V027,Crest Chemicals,SKU0060,Packaging Item 060,Packaging,2026-09-01,234,203.72,47670.48
PO2025002304,V029,Eagle Stationery Solutions,SKU0056,Facility Item 056,Facility,2026-02-02,111,744.95,82689.45
PO2025002305,V035,Keystone Industrial Products,SKU0076,Packaging Item 076,Packaging,2025-11-06,35,157.65,5517.75
PO2025002306,V012,Lotus Packaging India Pvt Ltd,SKU0075,Office Supplies Item 075,Office Supplies,2026-05-12,73,321.1,23440.3
PO2025002307,V017,Quantum Electricals,SKU0050,IT Item 050,IT,2025-11-27,46,19643.77,903613.42
PO2025002308,V031,Ganga Hardware Traders,SKU0019,Office Supplies Item 019,Office Supplies,2026-05-06,161,428.34,68962.74
PO2025002309,V020,Trident Facility Services,SKU0020,Packaging Item 020,Packaging,2025-12-16,106,121.38,12866.28
PO2025002310,V039,Omkar Facility Products,SKU0044,Packaging Item 044,Packaging,2025-02-04,234,119.13,27876.42
PO2025002311,V009,Indus Mechanical Works,SKU0025,MRO Item 025,MRO,2025-06-24,120,660.81,79297.2
PO2025002312,V004,Delta Engineering Components,SKU0065,MRO Item 065,MRO,2025-04-06,230,1130.55,260026.5
PO2025002313,V031,Ganga Hardware Traders,SKU0060,Packaging Item 060,Packaging,2026-09-01,36,182.62,6574.32
PO2025002314,V022,Vertex Automation,SKU0078,Safety Item 078,Safety,2025-06-13,84,825.41,69334.44
PO2025002315,V019,Sigma Industrial Products,SKU0038,Safety Item 038,Safety,2025-09-26,17,567.07,9640.19
PO2025002316,V006,Falcon Electricals India Pvt Ltd,SKU0010,IT Item 010,IT,2025-04-11,136,13564.14,1844723.04
PO2025002317,V040,Pioneer Electrical Traders,SKU0057,MRO Item 057,MRO,2025-06-13,234,688.52,161113.68
PO2025002318,V022,Vertex Automation,SKU0046,Safety Item 046,Safety,2025-12-30,229,875.47,200482.63
PO2025002319,V024,Zenith Engineering Supplies,SKU0028,Packaging Item 028,Packaging,2026-08-20,150,153.19,22978.5
PO2025002320,V008,Horizon IT Distribution,SKU0031,Mechanical Item 031,Mechanical,2026-05-20,204,7385.53,1506648.12
PO2025002321,V007,Gamma Safety Solutions,SKU0023,Mechanical Item 023,Mechanical,2026-04-14,5,4956.58,24782.9
PO2025002322,V036,Lumina Office Technologies,SKU0007,Mechanical Item 007,Mechanical,2026-03-24,93,2683.6,249574.8
PO2025002323,V031,Ganga Hardware Traders,SKU0023,Mechanical Item 023,Mechanical,2026-06-29,102,5026.89,512742.78
PO2025002324,V030,Frontier Components,SKU0055,Mechanical Item 055,Mechanical,2026-08-03,210,1955.0,410550.0
PO2025002325,V024,Zenith Engineering Supplies,SKU0018,IT Item 018,IT,2025-03-08,248,12210.57,3028221.36
PO2025002326,V013,Metro Fasteners,SKU0003,Office Supplies Item 003,Office Supplies,2026-02-22,201,396.86,79768.86
PO2025002327,V023,Westline Consumables,SKU0008,Facility Item 008,Facility,2025-03-18,44,914.31,40229.64
PO2025002328,V032,Helios Controls,SKU0003,Office Supplies Item 003,Office Supplies,2026-01-25,123,400.96,49318.08
PO2025002329,V002,BluePeak Office Systems Pvt Ltd,SKU0050,IT Item 050,IT,2025-02-10,208,16881.19,3511287.52
PO2025002330,V012,Lotus Packaging India Pvt Ltd,SKU0050,IT Item 050,IT,2026-03-28,10,16991.36,169913.6
PO2025002331,V006,Falcon Electricals India Pvt Ltd,SKU0047,Mechanical Item 047,Mechanical,2025-11-15,210,4075.51,855857.1
PO2025002332,V019,Sigma Industrial Products,SKU0061,Electrical Item 061,Electrical,2025-04-10,242,622.38,150615.96
PO2025002333,V026,Bharat Industrial Stores,SKU0012,Packaging Item 012,Packaging,2025-12-26,11,178.38,1962.18
PO2025002334,V038,NexGen Components,SKU0002,IT Item 002,IT,2025-02-05,128,10970.86,1404270.08
PO2025002335,V023,Westline Consumables,SKU0067,Office Supplies Item 067,Office Supplies,2025-09-09,232,267.18,61985.76
PO2025002336,V034,Jade Logistics Supplies,SKU0046,Safety Item 046,Safety,2025-05-30,221,817.78,180729.38
PO2025002337,V040,Pioneer Electrical Traders,SKU0064,Facility Item 064,Facility,2025-06-01,129,1171.04,151064.16
PO2025002338,V003,Crown Packaging Solutions,SKU0058,IT Item 058,IT,2026-05-19,14,38848.37,543877.18
PO2025002339,V038,NexGen Components,SKU0043,Office Supplies Item 043,Office Supplies,2025-08-17,230,225.04,51759.2
PO2025002340,V004,Delta Engineering Components,SKU0011,Office Supplies Item 011,Office Supplies,2026-03-15,245,517.45,126775.25
PO2025002341,V021,United Process Equipment,SKU0048,Facility Item 048,Facility,2026-08-14,61,1088.52,66399.72
PO2025002342,V021,United Process Equipment,SKU0047,Mechanical Item 047,Mechanical,2025-01-02,217,3926.16,851976.72
PO2025002343,V003,Crown Packaging Solutions,SKU0071,Mechanical Item 071,Mechanical,2025-06-22,132,1436.11,189566.52
PO2025002344,V025,Arun Safety & PPE,SKU0063,Mechanical Item 063,Mechanical,2026-02-18,88,2643.16,232598.08
PO2025002345,V032,Helios Controls,SKU0027,Office Supplies Item 027,Office Supplies,2026-08-15,177,395.07,69927.39
PO2025002346,V033,Innovatech Solutions,SKU0009,MRO Item 009,MRO,2026-05-27,68,928.82,63159.76
PO2025002347,V036,Lumina Office Technologies,SKU0070,Safety Item 070,Safety,2026-07-18,14,720.77,10090.78
PO2025002348,V002,BluePeak Office Systems Pvt Ltd,SKU0030,Safety Item 030,Safety,2025-07-01,60,860.75,51645.0
PO2025002349,V001,Apex Industrial Supplies Pvt Ltd,SKU0041,MRO Item 041,MRO,2025-07-13,138,1306.72,180327.36
PO2025002350,V026,Bharat Industrial Stores,SKU0005,Electrical Item 005,Electrical,2025-02-04,192,631.63,121272.96
PO2025002351,V022,Vertex Automation,SKU0056,Facility Item 056,Facility,2025-11-01,180,687.55,123759.0
PO2025002352,V020,Trident Facility Services,SKU0060,Packaging Item 060,Packaging,2026-07-18,216,164.6,35553.6
PO2025002353,V023,Westline Consumables,SKU0014,Safety Item 014,Safety,2025-12-01,204,1441.58,294082.32
PO2025002354,V026,Bharat Industrial Stores,SKU0080,Facility Item 080,Facility,2025-06-11,221,758.51,167630.71
PO2025002355,V016,Prime Tools & Components,SKU0004,Packaging Item 004,Packaging,2026-06-25,68,190.01,12920.68
PO2025002356,V035,Keystone Industrial Products,SKU0033,MRO Item 033,MRO,2025-02-20,82,712.03,58386.46
PO2025002357,V021,United Process Equipment,SKU0043,Office Supplies Item 043,Office Supplies,2025-05-03,103,226.86,23366.58
PO2025002358,V031,Ganga Hardware Traders,SKU0033,MRO Item 033,MRO,2025-05-27,110,709.61,78057.1
PO2025002359,V022,Vertex Automation,SKU0030,Safety Item 030,Safety,2026-04-30,99,1033.93,102359.07
PO2025002360,V003,Crown Packaging Solutions,SKU0009,MRO Item 009,MRO,2025-11-13,128,744.38,95280.64
PO2025002361,V005,Evergreen Facility Products,SKU0075,Office Supplies Item 075,Office Supplies,2026-05-15,190,306.95,58320.5
PO2025002362,V033,Innovatech Solutions,SKU0015,Mechanical Item 015,Mechanical,2026-06-14,3,2979.72,8939.16
PO2025002363,V020,Trident Facility Services,SKU0073,MRO Item 073,MRO,2025-07-28,62,578.28,35853.36
PO2025002364,V024,Zenith Engineering Supplies,SKU0065,MRO Item 065,MRO,2025-12-07,28,1109.46,31064.88
PO2025002365,V001,Apex Industrial Supplies Pvt Ltd,SKU0039,Mechanical Item 039,Mechanical,2025-09-24,240,1632.6,391824.0
PO2025002366,V015,Orbit Maintenance Supplies,SKU0046,Safety Item 046,Safety,2025-01-18,43,949.8,40841.4
PO2025002367,V039,Omkar Facility Products,SKU0045,Electrical Item 045,Electrical,2026-01-23,170,1476.48,251001.6
PO2025002368,V004,Delta Engineering Components,SKU0017,MRO Item 017,MRO,2026-03-16,4,1110.41,4441.64
PO2025002369,V034,Jade Logistics Supplies,SKU0032,Facility Item 032,Facility,2025-01-22,131,783.18,102596.58
PO2025002370,V026,Bharat Industrial Stores,SKU0075,Office Supplies Item 075,Office Supplies,2025-01-07,177,316.47,56015.19
PO2025002371,V013,Metro Fasteners,SKU0058,IT Item 058,IT,2025-03-13,54,35249.35,1903464.9
PO2025002372,V030,Frontier Components,SKU0022,Safety Item 022,Safety,2026-05-09,138,621.51,85768.38
PO2025002373,V018,Ridgeway Bearings,SKU0026,IT Item 026,IT,2025-11-29,56,17077.82,956357.92
PO2025002374,V020,Trident Facility Services,SKU0051,Office Supplies Item 051,Office Supplies,2026-05-02,39,370.44,14447.16
PO2025002375,V005,Evergreen Facility Products,SKU0053,Electrical Item 053,Electrical,2025-10-21,115,688.64,79193.6
PO2025002376,V010,Jupiter Office Products,SKU0011,Office Supplies Item 011,Office Supplies,2026-07-07,154,532.27,81969.58
PO2025002377,V021,United Process Equipment,SKU0076,Packaging Item 076,Packaging,2025-05-01,12,152.14,1825.68
PO2025002378,V001,Apex Industrial Supplies Pvt Ltd,SKU0002,IT Item 002,IT,2026-07-19,152,10961.74,1666184.48
PO2025002379,V032,Helios Controls,SKU0034,IT Item 034,IT,2026-01-12,183,14138.14,2587279.62
PO2025002380,V035,Keystone Industrial Products,SKU0075,Office Supplies Item 075,Office Supplies,2025-07-21,201,312.54,62820.54
PO2025002381,V030,Frontier Components,SKU0079,Mechanical Item 079,Mechanical,2025-07-14,137,3319.59,454783.83
PO2025002382,V027,Crest Chemicals,SKU0001,MRO Item 001,MRO,2025-10-26,212,1045.57,221660.84
PO2025002383,V039,Omkar Facility Products,SKU0020,Packaging Item 020,Packaging,2025-01-19,73,120.49,8795.77
PO2025002384,V039,Omkar Facility Products,SKU0059,Office Supplies Item 059,Office Supplies,2025-02-11,240,191.03,45847.2
PO2025002385,V032,Helios Controls,SKU0034,IT Item 034,IT,2025-01-29,188,13019.57,2447679.16
PO2025002386,V001,Apex Industrial Supplies Pvt Ltd,SKU0006,Safety Item 006,Safety,2026-07-21,25,384.18,9604.5
PO2025002387,V035,Keystone Industrial Products,SKU0015,Mechanical Item 015,Mechanical,2026-02-10,84,3039.83,255345.72
PO2025002388,V040,Pioneer Electrical Traders,SKU0005,Electrical Item 005,Electrical,2026-03-23,61,620.23,37834.03
PO2025002389,V015,Orbit Maintenance Supplies,SKU0024,Facility Item 024,Facility,2025-07-09,143,853.99,122120.57
PO2025002390,V013,Metro Fasteners,SKU0074,IT Item 074,IT,2026-05-18,185,23572.32,4360879.2
PO2025002391,V039,Omkar Facility Products,SKU0077,Electrical Item 077,Electrical,2025-09-14,59,1232.38,72710.42
PO2025002392,V014,Nova Tech Systems,SKU0018,IT Item 018,IT,2026-08-09,241,11426.6,2753810.6
PO2025002393,V032,Helios Controls,SKU0060,Packaging Item 060,Packaging,2025-01-22,156,188.2,29359.2
PO2025002394,V025,Arun Safety & PPE,SKU0052,Packaging Item 052,Packaging,2026-07-20,75,161.1,12082.5
PO2025002395,V030,Frontier Components,SKU0078,Safety Item 078,Safety,2026-03-19,75,751.76,56382.0
PO2025002396,V037,Magnus Tools,SKU0021,Electrical Item 021,Electrical,2025-03-07,17,1319.92,22438.64
PO2025002397,V023,Westline Consumables,SKU0067,Office Supplies Item 067,Office Supplies,2026-01-30,66,256.5,16929.0
PO2025002398,V009,Indus Mechanical Works,SKU0051,Office Supplies Item 051,Office Supplies,2025-07-31,27,344.12,9291.24
PO2025002399,V015,Orbit Maintenance Supplies,SKU0070,Safety Item 070,Safety,2025-10-10,83,736.54,61132.82
PO2025002400,V017,Quantum Electricals,SKU0064,Facility Item 064,Facility,2026-06-19,68,1196.94,81391.92
PO2025002401,V008,Horizon IT Distribution,SKU0078,Safety Item 078,Safety,2025-03-31,39,880.78,34350.42
PO2025002402,V031,Ganga Hardware Traders,SKU0008,Facility Item 008,Facility,2025-04-19,207,794.0,164358.0
PO2025002403,V008,Horizon IT Distribution,SKU0043,Office Supplies Item 043,Office Supplies,2025-11-27,37,230.84,8541.08
PO2025002404,V028,Dynamo Power Systems,SKU0005,Electrical Item 005,Electrical,2026-04-02,221,658.73,145579.33
PO2025002405,V004,Delta Engineering Components,SKU0071,Mechanical Item 071,Mechanical,2025-11-22,155,1504.18,233147.9
PO2025002406,V027,Crest Chemicals,SKU0075,Office Supplies Item 075,Office Supplies,2025-10-14,32,348.41,11149.12
PO2025002407,V034,Jade Logistics Supplies,SKU0020,Packaging Item 020,Packaging,2025-09-07,26,130.83,3401.58
PO2025002408,V007,Gamma Safety Solutions,SKU0068,Packaging Item 068,Packaging,2026-06-07,208,99.0,20592.0
PO2025002409,V024,Zenith Engineering Supplies,SKU0045,Electrical Item 045,Electrical,2026-04-03,228,1469.93,335144.04
PO2025002410,V040,Pioneer Electrical Traders,SKU0044,Packaging Item 044,Packaging,2026-02-04,61,122.9,7496.9
PO2025002411,V021,United Process Equipment,SKU0011,Office Supplies Item 011,Office Supplies,2025-03-20,176,465.38,81906.88
PO2025002412,V012,Lotus Packaging India Pvt Ltd,SKU0028,Packaging Item 028,Packaging,2025-06-22,167,155.66,25995.22
PO2025002413,V008,Horizon IT Distribution,SKU0031,Mechanical Item 031,Mechanical,2026-05-13,154,7586.05,1168251.7
PO2025002414,V036,Lumina Office Technologies,SKU0020,Packaging Item 020,Packaging,2026-04-28,206,126.5,26059.0
PO2025002415,V040,Pioneer Electrical Traders,SKU0052,Packaging Item 052,Packaging,2025-04-30,119,177.0,21063.0
PO2025002416,V021,United Process Equipment,SKU0057,MRO Item 057,MRO,2025-04-10,166,753.23,125036.18
PO2025002417,V032,Helios Controls,SKU0045,Electrical Item 045,Electrical,2025-02-23,71,1418.84,100737.64
PO2025002418,V016,Prime Tools & Components,SKU0018,IT Item 018,IT,2025-02-05,187,11152.75,2085564.25
PO2025002419,V009,Indus Mechanical Works,SKU0015,Mechanical Item 015,Mechanical,2025-07-27,242,3219.34,779080.28
PO2025002420,V020,Trident Facility Services,SKU0078,Safety Item 078,Safety,2025-06-12,202,800.99,161799.98
PO2025002421,V021,United Process Equipment,SKU0029,Electrical Item 029,Electrical,2025-09-15,215,1910.62,410783.3
PO2025002422,V011,Kaveri Industrial Traders,SKU0038,Safety Item 038,Safety,2026-05-04,185,471.04,87142.4
PO2025002423,V035,Keystone Industrial Products,SKU0045,Electrical Item 045,Electrical,2026-04-18,123,1681.43,206815.89
PO2025002424,V001,Apex Industrial Supplies Pvt Ltd,SKU0062,Safety Item 062,Safety,2026-06-30,242,622.67,150686.14
PO2025002425,V006,Falcon Electricals India Pvt Ltd,SKU0018,IT Item 018,IT,2025-07-02,211,12654.36,2670069.96
PO2025002426,V015,Orbit Maintenance Supplies,SKU0054,Safety Item 054,Safety,2026-05-23,123,685.67,84337.41
PO2025002427,V026,Bharat Industrial Stores,SKU0025,MRO Item 025,MRO,2025-03-07,69,733.54,50614.26
PO2025002428,V039,Omkar Facility Products,SKU0001,MRO Item 001,MRO,2025-10-07,115,876.42,100788.3
PO2025002429,V038,NexGen Components,SKU0013,Electrical Item 013,Electrical,2025-03-16,142,1481.54,210378.68
PO2025002430,V023,Westline Consumables,SKU0071,Mechanical Item 071,Mechanical,2026-05-15,115,1511.81,173858.15
PO2025002431,V039,Omkar Facility Products,SKU0028,Packaging Item 028,Packaging,2025-10-10,237,133.06,31535.22
PO2025002432,V040,Pioneer Electrical Traders,SKU0020,Packaging Item 020,Packaging,2025-01-25,9,120.96,1088.64
PO2025002433,V020,Trident Facility Services,SKU0027,Office Supplies Item 027,Office Supplies,2025-04-21,99,414.72,41057.28
PO2025002434,V022,Vertex Automation,SKU0053,Electrical Item 053,Electrical,2026-05-07,58,807.08,46810.64
PO2025002435,V013,Metro Fasteners,SKU0041,MRO Item 041,MRO,2025-05-10,73,1120.96,81830.08
PO2025002436,V029,Eagle Stationery Solutions,SKU0015,Mechanical Item 015,Mechanical,2025-10-26,209,2916.12,609469.08
PO2025002437,V026,Bharat Industrial Stores,SKU0041,MRO Item 041,MRO,2025-05-15,235,1149.47,270125.45
PO2025002438,V025,Arun Safety & PPE,SKU0035,Office Supplies Item 035,Office Supplies,2025-12-02,185,388.88,71942.8
PO2025002439,V009,Indus Mechanical Works,SKU0059,Office Supplies Item 059,Office Supplies,2026-06-10,128,215.48,27581.44
PO2025002440,V024,Zenith Engineering Supplies,SKU0021,Electrical Item 021,Electrical,2025-05-25,221,1292.45,285631.45
PO2025002441,V017,Quantum Electricals,SKU0011,Office Supplies Item 011,Office Supplies,2025-11-30,98,444.84,43594.32
PO2025002442,V017,Quantum Electricals,SKU0005,Electrical Item 005,Electrical,2025-04-01,81,550.41,44583.21
PO2025002443,V001,Apex Industrial Supplies Pvt Ltd,SKU0036,Packaging Item 036,Packaging,2025-10-28,141,179.08,25250.28
PO2025002444,V022,Vertex Automation,SKU0056,Facility Item 056,Facility,2025-08-11,39,640.34,24973.26
PO2025002445,V019,Sigma Industrial Products,SKU0053,Electrical Item 053,Electrical,2025-05-20,180,797.65,143577.0
PO2025002446,V036,Lumina Office Technologies,SKU0057,MRO Item 057,MRO,2025-06-09,220,808.08,177777.6
PO2025002447,V026,Bharat Industrial Stores,SKU0024,Facility Item 024,Facility,2025-01-01,50,925.52,46276.0
PO2025002448,V026,Bharat Industrial Stores,SKU0049,MRO Item 049,MRO,2025-04-21,27,1041.43,28118.61
PO2025002449,V024,Zenith Engineering Supplies,SKU0035,Office Supplies Item 035,Office Supplies,2025-11-21,82,426.03,34934.46
PO2025002450,V022,Vertex Automation,SKU0057,MRO Item 057,MRO,2026-01-30,213,728.71,155215.23
PO2025002451,V017,Quantum Electricals,SKU0009,MRO Item 009,MRO,2025-05-11,194,933.56,181110.64
PO2025002452,V018,Ridgeway Bearings,SKU0076,Packaging Item 076,Packaging,2025-11-01,96,151.34,14528.64
PO2025002453,V026,Bharat Industrial Stores,SKU0031,Mechanical Item 031,Mechanical,2026-04-05,146,7231.09,1055739.14
PO2025002454,V040,Pioneer Electrical Traders,SKU0001,MRO Item 001,MRO,2025-09-12,206,950.13,195726.78
PO2025002455,V010,Jupiter Office Products,SKU0062,Safety Item 062,Safety,2026-07-20,172,745.29,128189.88
PO2025002456,V037,Magnus Tools,SKU0062,Safety Item 062,Safety,2026-04-11,50,655.91,32795.5
PO2025002457,V017,Quantum Electricals,SKU0019,Office Supplies Item 019,Office Supplies,2026-05-02,125,431.2,53900.0
PO2025002458,V010,Jupiter Office Products,SKU0011,Office Supplies Item 011,Office Supplies,2025-04-07,4,442.54,1770.16
PO2025002459,V005,Evergreen Facility Products,SKU0020,Packaging Item 020,Packaging,2026-03-25,221,130.43,28825.03
PO2025002460,V004,Delta Engineering Components,SKU0019,Office Supplies Item 019,Office Supplies,2025-07-01,168,525.16,88226.88
PO2025002461,V015,Orbit Maintenance Supplies,SKU0032,Facility Item 032,Facility,2025-09-03,226,778.13,175857.38
PO2025002462,V019,Sigma Industrial Products,SKU0005,Electrical Item 005,Electrical,2025-05-12,203,620.31,125922.93
PO2025002463,V016,Prime Tools & Components,SKU0049,MRO Item 049,MRO,2026-02-12,245,1257.5,308087.5
PO2025002464,V017,Quantum Electricals,SKU0061,Electrical Item 061,Electrical,2026-01-20,163,651.67,106222.21
PO2025002465,V035,Keystone Industrial Products,SKU0001,MRO Item 001,MRO,2026-05-28,53,1015.41,53816.73
PO2025002466,V034,Jade Logistics Supplies,SKU0048,Facility Item 048,Facility,2025-06-23,215,1003.87,215832.05
PO2025002467,V032,Helios Controls,SKU0063,Mechanical Item 063,Mechanical,2025-08-08,192,2973.85,570979.2
PO2025002468,V005,Evergreen Facility Products,SKU0020,Packaging Item 020,Packaging,2026-06-11,14,104.93,1469.02
PO2025002469,V037,Magnus Tools,SKU0033,MRO Item 033,MRO,2026-02-01,212,738.15,156487.8
PO2025002470,V034,Jade Logistics Supplies,SKU0047,Mechanical Item 047,Mechanical,2025-12-26,5,3902.17,19510.85
PO2025002471,V039,Omkar Facility Products,SKU0077,Electrical Item 077,Electrical,2026-07-10,115,1052.97,121091.55
PO2025002472,V035,Keystone Industrial Products,SKU0076,Packaging Item 076,Packaging,2025-02-27,178,166.3,29601.4
PO2025002473,V038,NexGen Components,SKU0043,Office Supplies Item 043,Office Supplies,2025-05-11,157,237.81,37336.17
PO2025002474,V008,Horizon IT Distribution,SKU0021,Electrical Item 021,Electrical,2025-02-18,210,1451.26,304764.6
PO2025002475,V035,Keystone Industrial Products,SKU0016,Facility Item 016,Facility,2026-03-23,157,595.39,93476.23
PO2025002476,V011,Kaveri Industrial Traders,SKU0054,Safety Item 054,Safety,2026-08-08,63,657.27,41408.01
PO2025002477,V018,Ridgeway Bearings,SKU0072,Facility Item 072,Facility,2025-05-16,213,624.2,132954.6
PO2025002478,V025,Arun Safety & PPE,SKU0055,Mechanical Item 055,Mechanical,2025-02-18,240,1933.1,463944.0
PO2025002479,V036,Lumina Office Technologies,SKU0061,Electrical Item 061,Electrical,2025-06-06,158,654.51,103412.58
PO2025002480,V004,Delta Engineering Components,SKU0044,Packaging Item 044,Packaging,2025-04-09,196,130.62,25601.52
PO2025002481,V024,Zenith Engineering Supplies,SKU0017,MRO Item 017,MRO,2026-09-02,164,910.07,149251.48
PO2025002482,V015,Orbit Maintenance Supplies,SKU0076,Packaging Item 076,Packaging,2025-09-06,171,157.8,26983.8
PO2025002483,V015,Orbit Maintenance Supplies,SKU0078,Safety Item 078,Safety,2026-03-05,179,801.12,143400.48
PO2025002484,V021,United Process Equipment,SKU0044,Packaging Item 044,Packaging,2025-07-03,56,148.54,8318.24
PO2025002485,V001,Apex Industrial Supplies Pvt Ltd,SKU0005,Electrical Item 005,Electrical,2025-08-06,172,555.69,95578.68
PO2025002486,V027,Crest Chemicals,SKU0039,Mechanical Item 039,Mechanical,2025-09-24,81,1851.93,150006.33
PO2025002487,V011,Kaveri Industrial Traders,SKU0023,Mechanical Item 023,Mechanical,2025-06-26,202,4883.24,986414.48
PO2025002488,V039,Omkar Facility Products,SKU0040,Facility Item 040,Facility,2026-04-11,77,1347.13,103729.01
PO2025002489,V006,Falcon Electricals India Pvt Ltd,SKU0060,Packaging Item 060,Packaging,2025-10-27,248,197.71,49032.08
PO2025002490,V001,Apex Industrial Supplies Pvt Ltd,SKU0080,Facility Item 080,Facility,2026-03-13,125,884.72,110590.0
PO2025002491,V038,NexGen Components,SKU0013,Electrical Item 013,Electrical,2025-08-20,110,1328.35,146118.5
PO2025002492,V034,Jade Logistics Supplies,SKU0078,Safety Item 078,Safety,2025-07-03,236,904.54,213471.44
PO2025002493,V015,Orbit Maintenance Supplies,SKU0004,Packaging Item 004,Packaging,2025-11-25,58,202.23,11729.34
PO2025002494,V016,Prime Tools & Components,SKU0010,IT Item 010,IT,2025-09-07,40,11289.93,451597.2
PO2025002495,V013,Metro Fasteners,SKU0078,Safety Item 078,Safety,2025-03-03,177,808.59,143120.43
PO2025002496,V023,Westline Consumables,SKU0062,Safety Item 062,Safety,2025-12-23,53,627.54,33259.62
PO2025002497,V021,United Process Equipment,SKU0019,Office Supplies Item 019,Office Supplies,2026-08-20,169,507.07,85694.83
PO2025002498,V038,NexGen Components,SKU0005,Electrical Item 005,Electrical,2026-05-04,91,532.48,48455.68
PO2025002499,V027,Crest Chemicals,SKU0060,Packaging Item 060,Packaging,2025-10-14,161,194.17,31261.37
PO2025002500,V035,Keystone Industrial Products,SKU0004,Packaging Item 004,Packaging,2025-05-13,118,181.65,21434.7
