Invoice_ID,Vendor_ID,Vendor_Name,PO_ID,GRN_ID,Item_ID,Invoice_Date,Invoice_Qty,Invoice_Unit_Price,Invoice_Net_Amount,GST_Rate,GST_Amount,Invoice_Total,Injected_Exception
INV2025000001,V020,Trident Facility Services,PO2025000001,GRN2025000001,SKU0041,2025-10-03,36,1049.07,37766.52,12,4531.98,42298.5,QTY_VARIANCE
INV2025000002,V021,United Process Equipment,PO2025000002,GRN2025000002,SKU0075,2026-03-30,158,316.6,50022.8,18,9004.1,59026.9,QTY_VARIANCE
INV2025000003,V023,Westline Consumables,PO2025000003,GRN2025000003,SKU0075,2025-03-16,100,324.88,32488.0,12,3898.56,36386.56,CLEAN
INV2025000004,V039,Omkar Facility Products,PO2025000004,GRN2025000004,SKU0074,2025-11-24,8,23444.92,187559.36,5,9377.97,196937.33,CLEAN
INV2025000005,V001,Apex Industrial Supplies Pvt Ltd,PO2025000005,GRN2025000005,SKU0078,2025-05-12,116,924.74,107269.84,5,5363.49,112633.33,QTY_OVER_RECEIPT
INV2025000006,V034,Jade Logistics Supplies,PO2025000006,GRN2025000006,SKU0021,2026-05-22,117,1344.11,157260.87,18,28306.96,185567.83,CLEAN
INV2025000007,V025,Arun Safety & PPE,PO2025000007,GRN2025000007,SKU0010,2025-09-02,170,13062.1,2220557.0,12,266466.84,2487023.84,CLEAN
INV2025000008,V010,Jupiter Office Products,PO2025000008,GRN2025000008,SKU0068,2026-05-22,240,87.32,20956.8,18,3772.22,24729.02,CLEAN
INV2025000009,V033,Innovatech Solutions,PO2025000009,GRN2025000009,SKU0074,2025-04-29,229,22096.28,5060048.12,5,253002.41,5313050.53,PRICE_VARIANCE
INV2025000010,V005,Evergreen Facility Products,PO2025000010,GRN2025000010,SKU0016,2025-05-05,208,659.46,137167.68,12,16460.12,153627.8,CLEAN
INV2025000011,V013,Metro Fasteners,PO2025000011,GRN2025000011,SKU0059,2026-07-13,199,192.99,38405.01,18,6912.9,45317.91,CLEAN
INV2025000012,V010,Jupiter Office Products,PO2025000012,GRN2025000012,SKU0076,2025-09-16,72,185.55,13359.6,18,2404.73,15764.33,PRICE_VARIANCE
INV2025000013,V034,Jade Logistics Supplies,PO2025000013,GRN2025000013,SKU0056,2025-03-25,223,781.5,174274.5,18,31369.41,205643.91,CLEAN
INV2025000014,V025,Arun Safety & PPE,PO2025000014,GRN2025000014,SKU0063,2026-05-05,35,2821.79,98762.65,12,11851.52,110614.17,CLEAN
INV2025000015,V028,Dynamo Power Systems,PO2025000015,GRN2025000015,SKU0052,2025-06-15,68,145.64,9903.52,5,495.18,10398.7,CLEAN
INV2025000016,V021,United Process Equipment,PO2025000016,GRN2025000016,SKU0030,2026-04-08,83,919.48,76316.84,18,13737.03,90053.87,CLEAN
INV2025000017,V035,Keystone Industrial Products,PO2025000017,GRN2025000017,SKU0039,2026-05-05,67,1809.34,121225.78,12,14547.09,135772.87,CLEAN
INV2025000018,V003,Crown Packaging Solutions,PO2025000018,GRN2025000018,SKU0024,2025-05-16,184,822.89,151411.76,5,7570.59,158982.35,CLEAN
INV2025000019,V026,Bharat Industrial Stores,PO2025000019,GRN2025000019,SKU0008,2026-02-25,110,741.82,81600.2,18,14688.04,96288.24,CLEAN
INV2025000020,V018,Ridgeway Bearings,PO2025000020,GRN2025000020,SKU0063,2026-09-29,199,3097.04,616310.96,5,30815.55,647126.51,CLEAN
INV2025000021,V007,Gamma Safety Solutions,PO2025000021,GRN2025000021,SKU0014,2025-04-15,142,1317.89,187140.38,5,9357.02,196497.4,CLEAN
INV2025000022,V021,United Process Equipment,PO2025000022,GRN2025000022,SKU0040,2025-06-15,151,1404.88,212136.88,18,38184.64,250321.52,CLEAN
INV2025000023,V030,Frontier Components,PO2025000023,GRN2025000023,SKU0034,2026-08-20,194,13354.41,2590755.54,18,466336.0,3057091.54,CLEAN
INV2025000024,V032,Helios Controls,PO2025000024,GRN2025000024,SKU0030,2025-12-10,80,869.06,69524.8,18,12514.46,82039.26,CLEAN
INV2025000026,V016,Prime Tools & Components,PO2025000026,GRN2025000026,SKU0001,2026-04-15,171,885.65,151446.15,12,18173.54,169619.69,CLEAN
INV2025000027,V024,Zenith Engineering Supplies,PO2025000027,GRN2025000027,SKU0044,2025-01-26,25,143.61,3590.25,12,430.83,4021.08,CLEAN
INV2025000028,V018,Ridgeway Bearings,PO2025000028,GRN2025000028,SKU0042,2026-08-02,196,21414.57,4197255.72,5,209862.79,4407118.51,CLEAN
INV2025000029,V002,BluePeak Office Systems Pvt Ltd,PO2025000029,GRN2025000029,SKU0009,2026-03-01,250,935.15,233787.5,12,28054.5,261842.0,PRICE_VARIANCE
INV2025000030,V019,Sigma Industrial Products,PO2025000030,GRN2025000030,SKU0012,2026-06-29,158,177.06,27975.48,12,3357.06,31332.54,PRICE_VARIANCE
INV2025000031,V040,Pioneer Electrical Traders,PO2025000031,GRN2025000031,SKU0065,2026-09-11,61,1268.79,77396.19,18,13931.31,91327.5,CLEAN
INV2025000032,V034,Jade Logistics Supplies,PO2025000032,GRN2025000032,SKU0056,2026-05-23,210,633.98,133135.8,18,23964.44,157100.24,CLEAN
INV2025000033,V022,Vertex Automation,PO2025000033,GRN2025000033,SKU0051,2025-03-01,213,334.3,71205.9,18,12817.06,84022.96,CLEAN
INV2025000034,V021,United Process Equipment,PO2025000034,GRN2025000034,SKU0079,2026-04-06,154,3076.98,473854.92,18,85293.89,559148.81,CLEAN
INV2025000035,V017,Quantum Electricals,PO2025000035,GRN2025000035,SKU0014,2025-09-07,25,1196.98,29924.5,18,5386.41,35310.91,CLEAN
INV2025000036,V035,Keystone Industrial Products,PO2025000036,GRN2025000036,SKU0046,2025-10-21,38,952.79,36206.02,12,4344.72,40550.74,CLEAN
INV2025000037,V018,Ridgeway Bearings,PO2025000037,GRN2025000037,SKU0076,2025-05-09,36,164.06,5906.16,5,295.31,6201.47,QTY_VARIANCE
INV2025000038,V012,Lotus Packaging India Pvt Ltd,PO2025000038,GRN2025000038,SKU0008,2025-07-19,155,845.94,131120.7,12,15734.48,146855.18,CLEAN
INV2025000039,V017,Quantum Electricals,PO2025000039,GRN2025000039,SKU0076,2026-01-06,151,145.5,21970.5,18,3954.69,25925.19,CLEAN
INV2025000040,V010,Jupiter Office Products,PO2025000040,GRN2025000040,SKU0029,2026-01-04,148,1807.93,267573.64,18,48163.26,315736.9,CLEAN
INV2025000041,V032,Helios Controls,PO2025000041,GRN2025000041,SKU0016,2025-10-17,133,623.76,82960.08,18,14932.81,97892.89,CLEAN
INV2025000042,V036,Lumina Office Technologies,PO2025000042,GRN2025000042,SKU0069,2025-11-24,175,2286.79,400188.25,18,72033.88,472222.13,QTY_VARIANCE
INV2025000043,V003,Crown Packaging Solutions,PO2025000043,GRN2025000043,SKU0006,2026-07-05,211,387.82,81830.02,5,4091.5,85921.52,CLEAN
INV2025000044,V003,Crown Packaging Solutions,PO2025000044,GRN2025000044,SKU0060,2026-07-26,2,200.1,400.2,5,20.01,420.21,QTY_VARIANCE
INV2025000045,V021,United Process Equipment,PO2025000045,GRN2025000045,SKU0030,2025-11-20,240,1059.46,254270.4,18,45768.67,300039.07,CLEAN
INV2025000046,V031,Ganga Hardware Traders,PO2025000046,GRN2025000046,SKU0032,2026-08-16,161,698.31,112427.91,5,5621.4,118049.31,DUPLICATE
INV2026000046,V031,Ganga Hardware Traders,PO2025000046,GRN2025000046,SKU0032,2026-08-20,161,698.31,112427.91,5,5621.4,118049.31,DUPLICATE
INV2025000047,V034,Jade Logistics Supplies,PO2025000047,GRN2025000047,SKU0074,2026-09-15,251,25021.32,6280351.32,18,1130463.24,7410814.56,CLEAN
INV2025000048,V014,Nova Tech Systems,PO2025000048,GRN2025000048,SKU0007,2026-06-20,190,2710.19,514936.1,5,25746.81,540682.91,CLEAN
INV2025000049,V038,NexGen Components,PO2025000049,GRN2025000049,SKU0004,2026-02-24,61,174.09,10619.49,18,1911.51,12531.0,QTY_OVER_RECEIPT
INV2025000050,V010,Jupiter Office Products,PO2025000050,GRN2025000050,SKU0068,2026-06-26,214,100.95,21603.3,18,3888.59,25491.89,CLEAN
INV2025000051,V003,Crown Packaging Solutions,PO2025000051,GRN2025000051,SKU0060,2025-12-17,221,200.87,44392.27,5,2219.61,46611.88,CLEAN
INV2025000052,V035,Keystone Industrial Products,PO2025000052,GRN2025000052,SKU0035,2026-08-08,82,457.7,37531.4,12,4503.77,42035.17,QTY_OVER_RECEIPT
INV2025000053,V001,Apex Industrial Supplies Pvt Ltd,PO2025000053,GRN2025000053,SKU0032,2026-09-09,230,954.07,219436.1,5,10971.81,230407.91,PRICE_VARIANCE
INV2025000054,V028,Dynamo Power Systems,PO2025000054,GRN2025000054,SKU0036,2025-09-30,78,204.15,15923.7,5,796.18,16719.88,CLEAN
INV2025000055,V029,Eagle Stationery Solutions,PO2025000055,GRN2025000055,SKU0079,2026-06-06,156,3426.76,534574.56,18,96223.42,630797.98,CLEAN
INV2025000056,V025,Arun Safety & PPE,PO2025000056,GRN2025000056,SKU0063,2025-11-06,217,2538.47,550847.99,12,66101.76,616949.75,CLEAN
INV2025000057,V017,Quantum Electricals,PO2025000057,GRN2025000057,SKU0078,2025-04-13,240,795.1,190824.0,18,34348.32,225172.32,QTY_VARIANCE
INV2025000059,V010,Jupiter Office Products,PO2025000059,GRN2025000059,SKU0033,2025-03-15,199,607.75,120942.25,18,21769.6,142711.85,CLEAN
INV2025000060,V010,Jupiter Office Products,PO2025000060,GRN2025000060,SKU0003,2025-03-10,94,399.97,37597.18,18,6767.49,44364.67,CLEAN
INV2025000061,V001,Apex Industrial Supplies Pvt Ltd,PO2025000061,GRN2025000061,SKU0070,2026-04-23,186,767.34,142725.24,5,7136.26,149861.5,CLEAN
INV2025000062,V018,Ridgeway Bearings,PO2025000062,GRN2025000062,SKU0001,2026-08-30,130,1016.4,132132.0,5,6606.6,138738.6,CLEAN
INV2025000063,V011,Kaveri Industrial Traders,PO2025000063,GRN2025000063,SKU0020,2025-10-10,143,113.05,16166.15,18,2909.91,19076.06,CLEAN
INV2025000064,V022,Vertex Automation,PO2025000064,GRN2025000064,SKU0071,2026-07-08,48,1318.49,63287.52,18,11391.75,74679.27,CLEAN
INV2025000065,V026,Bharat Industrial Stores,PO2025000065,GRN2025000065,SKU0024,2026-05-11,103,808.94,83320.82,18,14997.75,98318.57,CLEAN
INV2025000066,V003,Crown Packaging Solutions,,GRN2025000066,SKU0032,2025-11-10,229,790.63,181054.27,5,9052.71,190106.98,MISSING_PO
INV2025000067,V023,Westline Consumables,PO2025000067,GRN2025000067,SKU0002,2025-07-24,114,11959.87,1363425.18,12,163611.02,1527036.2,CLEAN
INV2025000068,V021,United Process Equipment,PO2025000068,GRN2025000068,SKU0044,2026-09-11,72,145.9,10504.8,18,1890.86,12395.66,CLEAN
INV2025000069,V040,Pioneer Electrical Traders,PO2025000069,GRN2025000069,SKU0060,2025-06-07,149,192.36,28661.64,18,5159.1,33820.74,DUPLICATE
INV2026000069,V040,Pioneer Electrical Traders,PO2025000069,GRN2025000069,SKU0060,2025-06-11,149,192.36,28661.64,18,5159.1,33820.74,DUPLICATE
INV2025000070,V035,Keystone Industrial Products,PO2025000070,GRN2025000070,SKU0001,2025-07-23,12,1043.24,12518.88,12,1502.27,14021.15,CLEAN
INV2025000071,V040,Pioneer Electrical Traders,PO2025000071,GRN2025000071,SKU0021,2026-06-09,169,1426.35,241053.15,18,43389.57,284442.72,CLEAN
INV2025000072,V005,Evergreen Facility Products,PO2025000072,GRN2025000072,SKU0026,2026-09-01,196,16574.4,3248582.4,12,389829.89,3638412.29,PRICE_VARIANCE
INV2025000073,V005,Evergreen Facility Products,PO2025000073,GRN2025000073,SKU0046,2025-03-08,247,863.98,213403.06,12,25608.37,239011.43,CLEAN
INV2025000074,V005,Evergreen Facility Products,PO2025000074,GRN2025000074,SKU0063,2025-02-28,225,2722.61,612587.25,12,73510.47,686097.72,PRICE_VARIANCE
INV2025000075,V017,Quantum Electricals,PO2025000075,GRN2025000075,SKU0034,2026-06-20,42,12852.41,539801.22,18,97164.22,636965.44,CLEAN
INV2025000076,V018,Ridgeway Bearings,PO2025000076,GRN2025000076,SKU0038,2026-06-20,133,511.67,68052.11,5,3402.61,71454.72,CLEAN
INV2025000077,V028,Dynamo Power Systems,PO2025000077,GRN2025000077,SKU0060,2025-08-17,63,173.82,10950.66,5,547.53,11498.19,PRICE_VARIANCE
INV2025000078,V007,Gamma Safety Solutions,PO2025000078,GRN2025000078,SKU0002,2026-07-30,24,10719.12,257258.88,5,12862.94,270121.82,CLEAN
INV2025000079,V025,Arun Safety & PPE,PO2025000079,GRN2025000079,SKU0008,2026-01-08,59,893.09,52692.31,12,6323.08,59015.39,DUPLICATE
INV2026000079,V025,Arun Safety & PPE,PO2025000079,GRN2025000079,SKU0008,2026-01-14,59,893.09,52692.31,12,6323.08,59015.39,DUPLICATE
INV2025000081,V025,Arun Safety & PPE,PO2025000081,GRN2025000081,SKU0007,2025-09-07,145,2633.93,381919.85,12,45830.38,427750.23,CLEAN
INV2025000082,V017,Quantum Electricals,PO2025000082,GRN2025000082,SKU0066,2025-03-03,216,25463.24,5500059.84,18,990010.77,6490070.61,CLEAN
INV2025000083,V030,Frontier Components,PO2025000083,GRN2025000083,SKU0025,2026-04-19,207,766.61,158688.27,18,28563.89,187252.16,CLEAN
INV2025000084,V006,Falcon Electricals India Pvt Ltd,PO2025000084,GRN2025000084,SKU0005,2025-05-09,199,673.79,134084.21,5,6704.21,140788.42,CLEAN
INV2025000085,V040,Pioneer Electrical Traders,PO2025000085,GRN2025000085,SKU0032,2025-04-14,144,966.36,139155.84,18,25048.05,164203.89,PRICE_VARIANCE
INV2025000086,V011,Kaveri Industrial Traders,PO2025000086,GRN2025000086,SKU0011,2025-07-19,87,513.71,44692.77,18,8044.7,52737.47,CLEAN
INV2025000087,V010,Jupiter Office Products,PO2025000087,GRN2025000087,SKU0068,2025-06-30,156,98.71,15398.76,18,2771.78,18170.54,CLEAN
INV2025000088,V030,Frontier Components,PO2025000088,GRN2025000088,SKU0022,2026-05-03,180,563.02,101343.6,18,18241.85,119585.45,CLEAN
INV2025000089,V032,Helios Controls,PO2025000089,GRN2025000089,SKU0035,2025-09-18,235,461.69,108497.15,18,19529.49,128026.64,CLEAN
INV2025000090,V006,Falcon Electricals India Pvt Ltd,PO2025000090,GRN2025000090,SKU0022,2025-05-10,109,623.61,67973.49,5,3398.67,71372.16,CLEAN
INV2025000091,V030,Frontier Components,PO2025000091,GRN2025000091,SKU0052,2025-09-19,111,168.67,18722.37,18,3370.03,22092.4,QTY_OVER_RECEIPT
INV2025000092,V032,Helios Controls,PO2025000092,GRN2025000092,SKU0073,2026-03-09,217,708.72,153792.24,18,27682.6,181474.84,PRICE_VARIANCE
INV2025000093,V040,Pioneer Electrical Traders,PO2025000093,GRN2025000093,SKU0031,2026-05-29,181,7449.85,1348422.85,18,242716.11,1591138.96,CLEAN
INV2025000094,V016,Prime Tools & Components,PO2025000094,GRN2025000094,SKU0033,2025-01-14,151,745.54,112576.54,12,13509.18,126085.72,CLEAN
INV2025000095,V031,Ganga Hardware Traders,PO2025000095,GRN2025000095,SKU0011,2025-08-10,44,496.41,21842.04,5,1092.1,22934.14,QTY_OVER_RECEIPT
INV2025000096,V031,Ganga Hardware Traders,PO2025000096,GRN2025000096,SKU0047,2026-07-01,87,3573.23,310871.01,5,15543.55,326414.56,CLEAN
INV2025000097,V019,Sigma Industrial Products,PO2025000097,GRN2025000097,SKU0011,2025-02-26,4,527.75,2111.0,12,253.32,2364.32,CLEAN
INV2025000099,V015,Orbit Maintenance Supplies,PO2025000099,GRN2025000099,SKU0077,2026-01-12,19,1092.38,20755.22,18,3735.94,24491.16,CLEAN
INV2025000100,V030,Frontier Components,PO2025000100,GRN2025000100,SKU0050,2025-09-18,137,17539.34,2402889.58,18,432520.12,2835409.7,CLEAN
INV2025000101,V021,United Process Equipment,PO2025000101,GRN2025000101,SKU0059,2026-04-14,75,210.04,15753.0,18,2835.54,18588.54,CLEAN
INV2025000102,V025,Arun Safety & PPE,PO2025000102,,SKU0076,2025-09-22,32,179.3,5737.6,12,688.51,6426.11,MISSING_GRN
INV2025000103,V027,Crest Chemicals,PO2025000103,GRN2025000103,SKU0034,2025-02-27,114,12043.04,1372906.56,12,164748.79,1537655.35,CLEAN
INV2025000104,V022,Vertex Automation,PO2025000104,GRN2025000104,SKU0043,2026-04-03,63,222.66,14027.58,18,2524.96,16552.54,CLEAN
INV2025000105,V014,Nova Tech Systems,PO2025000105,GRN2025000105,SKU0042,2025-07-20,121,23790.92,2878701.32,5,143935.07,3022636.39,QTY_VARIANCE
INV2025000106,V039,Omkar Facility Products,PO2025000106,GRN2025000106,SKU0008,2025-11-17,209,793.7,165883.3,5,8294.17,174177.47,PRICE_VARIANCE
INV2025000107,V011,Kaveri Industrial Traders,PO2025000107,,SKU0013,2026-08-01,2,1532.49,3064.98,18,551.7,3616.68,MISSING_GRN
INV2025000108,V022,Vertex Automation,PO2025000108,GRN2025000108,SKU0068,2026-10-01,37,103.11,3815.07,18,686.71,4501.78,CLEAN
INV2025000109,V037,Magnus Tools,PO2025000109,GRN2025000109,SKU0045,2025-02-20,234,1636.17,382863.78,18,68915.48,451779.26,CLEAN
INV2025000111,V012,Lotus Packaging India Pvt Ltd,PO2025000111,GRN2025000111,SKU0023,2026-07-04,17,4461.96,75853.32,12,9102.4,84955.72,CLEAN
INV2025000112,V007,Gamma Safety Solutions,PO2025000112,GRN2025000112,SKU0074,2026-02-20,81,24394.42,1975948.02,5,98797.4,2074745.42,CLEAN
INV2025000113,V025,Arun Safety & PPE,PO2025000113,GRN2025000113,SKU0077,2025-12-26,87,1103.7,96021.9,12,11522.63,107544.53,CLEAN
INV2025000114,V012,Lotus Packaging India Pvt Ltd,PO2025000114,GRN2025000114,SKU0072,2026-05-02,188,637.82,119910.16,12,14389.22,134299.38,CLEAN
INV2025000115,V029,Eagle Stationery Solutions,PO2025000115,GRN2025000115,SKU0030,2026-04-12,185,924.86,171099.1,18,30797.84,201896.94,CLEAN
INV2025000116,V014,Nova Tech Systems,PO2025000116,GRN2025000116,SKU0034,2025-05-16,169,12341.98,2085794.62,5,104289.73,2190084.35,QTY_OVER_RECEIPT
INV2025000117,V027,Crest Chemicals,PO2025000117,GRN2025000117,SKU0011,2026-02-24,184,420.56,77383.04,12,9285.96,86669.0,CLEAN
INV2025000118,V032,Helios Controls,PO2025000118,GRN2025000118,SKU0061,2025-06-22,229,619.48,141860.92,18,25534.97,167395.89,CLEAN
INV2025000119,V012,Lotus Packaging India Pvt Ltd,PO2025000119,GRN2025000119,SKU0074,2026-07-26,186,23372.06,4347203.16,12,521664.38,4868867.54,CLEAN
INV2025000120,V025,Arun Safety & PPE,PO2025000120,GRN2025000120,SKU0025,2026-02-05,17,781.09,13278.53,12,1593.42,14871.95,CLEAN
INV2025000121,V001,Apex Industrial Supplies Pvt Ltd,PO2025000121,GRN2025000121,SKU0057,2026-07-19,215,740.91,159295.65,5,7964.78,167260.43,CLEAN
INV2025000122,V022,Vertex Automation,PO2025000122,GRN2025000122,SKU0036,2026-02-15,188,187.2,35193.6,18,6334.85,41528.45,CLEAN
INV2025000123,V040,Pioneer Electrical Traders,PO2025000123,GRN2025000123,SKU0080,2026-05-12,60,822.7,49362.0,18,8885.16,58247.16,CLEAN
INV2025000124,V026,Bharat Industrial Stores,PO2025000124,GRN2025000124,SKU0025,2025-06-27,116,685.85,79558.6,18,14320.55,93879.15,DUPLICATE
INV2026000124,V026,Bharat Industrial Stores,PO2025000124,GRN2025000124,SKU0025,2025-07-05,116,685.85,79558.6,18,14320.55,93879.15,DUPLICATE
INV2025000125,V015,Orbit Maintenance Supplies,PO2025000125,GRN2025000125,SKU0001,2025-02-25,51,1044.53,53271.03,18,9588.79,62859.82,CLEAN
INV2025000126,V019,Sigma Industrial Products,PO2025000126,GRN2025000126,SKU0080,2025-07-16,49,757.91,37137.59,12,4456.51,41594.1,CLEAN
INV2025000127,V026,Bharat Industrial Stores,PO2025000127,GRN2025000127,SKU0006,2026-08-24,39,464.41,18111.99,18,3260.16,21372.15,QTY_OVER_RECEIPT
INV2025000128,V034,Jade Logistics Supplies,PO2025000128,GRN2025000128,SKU0047,2025-05-13,40,3896.59,155863.6,18,28055.45,183919.05,CLEAN
INV2025000130,V013,Metro Fasteners,PO2025000130,GRN2025000130,SKU0026,2025-07-23,116,15503.9,1798452.4,18,323721.43,2122173.83,CLEAN
INV2025000131,V028,Dynamo Power Systems,PO2025000131,GRN2025000131,SKU0067,2026-07-27,206,268.06,55220.36,5,2761.02,57981.38,CLEAN
INV2025000132,V009,Indus Mechanical Works,PO2025000132,GRN2025000132,SKU0072,2025-06-25,39,622.38,24272.82,12,2912.74,27185.56,QTY_OVER_RECEIPT
INV2025000133,V003,Crown Packaging Solutions,PO2025000133,GRN2025000133,SKU0019,2025-01-26,23,506.47,11648.81,5,582.44,12231.25,DUPLICATE
INV2026000133,V003,Crown Packaging Solutions,PO2025000133,GRN2025000133,SKU0019,2025-02-03,23,506.47,11648.81,5,582.44,12231.25,DUPLICATE
INV2025000134,V002,BluePeak Office Systems Pvt Ltd,PO2025000134,GRN2025000134,SKU0012,2025-03-07,216,183.5,39636.0,12,4756.32,44392.32,CLEAN
INV2025000135,V022,Vertex Automation,PO2025000135,GRN2025000135,SKU0060,2026-01-21,66,196.77,12986.82,18,2337.63,15324.45,CLEAN
INV2025000136,V017,Quantum Electricals,PO2025000136,,SKU0018,2026-02-07,53,12741.69,675309.57,18,121555.72,796865.29,MISSING_GRN
INV2025000137,V002,BluePeak Office Systems Pvt Ltd,PO2025000137,GRN2025000137,SKU0066,2025-03-15,101,29548.82,2984430.82,12,358131.7,3342562.52,CLEAN
INV2025000138,V008,Horizon IT Distribution,PO2025000138,GRN2025000138,SKU0071,2026-08-25,244,1595.45,389289.8,18,70072.16,459361.96,CLEAN
INV2025000139,V011,Kaveri Industrial Traders,PO2025000139,GRN2025000139,SKU0059,2025-01-17,119,219.39,26107.41,18,4699.33,30806.74,CLEAN
INV2025000140,V015,Orbit Maintenance Supplies,PO2025000140,GRN2025000140,SKU0039,2026-02-01,66,1759.06,116097.96,18,20897.63,136995.59,CLEAN
INV2025000141,V031,Ganga Hardware Traders,PO2025000141,GRN2025000141,SKU0022,2025-04-19,131,582.54,76312.74,5,3815.64,80128.38,PRICE_VARIANCE
INV2025000142,V024,Zenith Engineering Supplies,PO2025000142,GRN2025000142,SKU0072,2026-05-17,120,558.3,66996.0,12,8039.52,75035.52,PRICE_VARIANCE
INV2025000143,V019,Sigma Industrial Products,PO2025000143,GRN2025000143,SKU0047,2025-11-03,50,4014.2,200710.0,12,24085.2,224795.2,CLEAN
INV2025000144,V021,United Process Equipment,PO2025000144,GRN2025000144,SKU0015,2025-03-05,35,3486.24,122018.4,18,21963.31,143981.71,CLEAN
INV2025000145,V014,Nova Tech Systems,PO2025000145,GRN2025000145,SKU0022,2026-08-10,135,533.54,72027.9,5,3601.39,75629.29,QTY_VARIANCE
INV2025000147,V018,Ridgeway Bearings,PO2025000147,GRN2025000147,SKU0004,2025-06-15,79,175.49,13863.71,5,693.19,14556.9,CLEAN
INV2025000148,V014,Nova Tech Systems,PO2025000148,GRN2025000148,SKU0040,2025-12-17,116,1417.0,164372.0,5,8218.6,172590.6,QTY_VARIANCE
INV2025000149,V013,Metro Fasteners,PO2025000149,GRN2025000149,SKU0018,2025-05-14,246,13072.35,3215798.1,18,578843.66,3794641.76,CLEAN
INV2025000150,V017,Quantum Electricals,PO2025000150,GRN2025000150,SKU0065,2026-02-19,96,1292.21,124052.16,18,22329.39,146381.55,CLEAN
INV2025000151,V019,Sigma Industrial Products,PO2025000151,GRN2025000151,SKU0031,2025-10-28,77,6904.85,531673.45,12,63800.81,595474.26,QTY_OVER_RECEIPT
INV2025000152,V013,Metro Fasteners,PO2025000152,GRN2025000152,SKU0014,2025-12-01,182,1260.89,229481.98,18,41306.76,270788.74,CLEAN
INV2025000153,V022,Vertex Automation,PO2025000153,GRN2025000153,SKU0067,2026-09-10,232,279.92,64941.44,18,11689.46,76630.9,CLEAN
INV2025000154,V005,Evergreen Facility Products,PO2025000154,GRN2025000154,SKU0074,2026-08-21,146,23272.64,3397805.44,12,407736.65,3805542.09,PRICE_VARIANCE
INV2025000155,V007,Gamma Safety Solutions,PO2025000155,GRN2025000155,SKU0069,2025-06-25,125,2115.73,264466.25,5,13223.31,277689.56,CLEAN
INV2025000156,V040,Pioneer Electrical Traders,PO2025000156,GRN2025000156,SKU0030,2026-06-29,142,894.68,127044.56,18,22868.02,149912.58,CLEAN
INV2025000157,V010,Jupiter Office Products,PO2025000157,GRN2025000157,SKU0078,2025-03-22,241,909.18,219112.38,18,39440.23,258552.61,CLEAN
INV2025000158,V005,Evergreen Facility Products,PO2025000158,GRN2025000158,SKU0009,2025-09-28,203,839.91,170501.73,12,20460.21,190961.94,CLEAN
INV2025000159,V038,NexGen Components,PO2025000159,GRN2025000159,SKU0030,2025-03-27,93,860.15,79993.95,18,14398.91,94392.86,CLEAN
INV2025000160,V003,Crown Packaging Solutions,PO2025000160,GRN2025000160,SKU0002,2026-08-15,131,11484.77,1504504.87,5,75225.24,1579730.11,CLEAN
INV2025000161,V032,Helios Controls,PO2025000161,,SKU0050,2025-04-21,11,18896.06,207856.66,18,37414.2,245270.86,MISSING_GRN
INV2025000163,V033,Innovatech Solutions,PO2025000163,GRN2025000163,SKU0020,2025-03-10,147,141.87,20854.89,5,1042.74,21897.63,PRICE_VARIANCE
INV2025000164,V018,Ridgeway Bearings,PO2025000164,GRN2025000164,SKU0030,2026-10-02,121,985.96,119301.16,5,5965.06,125266.22,PRICE_VARIANCE
INV2025000165,V037,Magnus Tools,PO2025000165,GRN2025000165,SKU0061,2026-06-01,140,608.13,85138.2,18,15324.88,100463.08,CLEAN
INV2025000166,V037,Magnus Tools,PO2025000166,GRN2025000166,SKU0057,2025-09-14,206,672.27,138487.62,18,24927.77,163415.39,CLEAN
INV2025000168,V034,Jade Logistics Supplies,PO2025000168,GRN2025000168,SKU0050,2026-07-08,71,17363.69,1232821.99,18,221907.96,1454729.95,CLEAN
INV2025000169,V036,Lumina Office Technologies,PO2025000169,GRN2025000169,SKU0036,2026-03-23,201,197.35,39667.35,18,7140.12,46807.47,QTY_OVER_RECEIPT
INV2025000170,V029,Eagle Stationery Solutions,PO2025000170,GRN2025000170,SKU0007,2025-12-17,156,2718.32,424057.92,18,76330.43,500388.35,CLEAN
INV2025000171,V012,Lotus Packaging India Pvt Ltd,PO2025000171,GRN2025000171,SKU0079,2026-05-22,53,3458.39,183294.67,12,21995.36,205290.03,DUPLICATE
INV2026000171,V012,Lotus Packaging India Pvt Ltd,PO2025000171,GRN2025000171,SKU0079,2026-05-31,53,3458.39,183294.67,12,21995.36,205290.03,DUPLICATE
INV2025000172,V003,Crown Packaging Solutions,PO2025000172,GRN2025000172,SKU0012,2025-05-29,38,187.15,7111.7,5,355.58,7467.28,CLEAN
INV2025000173,V009,Indus Mechanical Works,PO2025000173,GRN2025000173,SKU0070,2026-02-11,164,792.75,130011.0,12,15601.32,145612.32,CLEAN
INV2025000174,V010,Jupiter Office Products,PO2025000174,GRN2025000174,SKU0050,2026-08-21,213,20310.6,4326157.8,18,778708.4,5104866.2,CLEAN
INV2025000175,V013,Metro Fasteners,PO2025000175,,SKU0014,2026-03-11,42,1211.01,50862.42,18,9155.24,60017.66,MISSING_GRN
INV2025000176,V038,NexGen Components,PO2025000176,GRN2025000176,SKU0066,2025-03-25,148,26561.37,3931082.76,18,707594.9,4638677.66,CLEAN
INV2025000177,V040,Pioneer Electrical Traders,PO2025000177,GRN2025000177,SKU0042,2025-11-12,231,24917.33,5755903.23,18,1036062.58,6791965.81,PRICE_VARIANCE
INV2025000178,V026,Bharat Industrial Stores,PO2025000178,GRN2025000178,SKU0002,2025-11-18,125,11517.82,1439727.5,18,259150.95,1698878.45,CLEAN
INV2025000179,V026,Bharat Industrial Stores,PO2025000179,GRN2025000179,SKU0073,2025-10-13,115,610.04,70154.6,18,12627.83,82782.43,CLEAN
INV2025000180,V027,Crest Chemicals,PO2025000180,GRN2025000180,SKU0075,2026-08-28,133,335.05,44561.65,12,5347.4,49909.05,CLEAN
INV2025000181,V019,Sigma Industrial Products,PO2025000181,GRN2025000181,SKU0048,2026-04-09,89,974.56,86735.84,12,10408.3,97144.14,CLEAN
INV2025000182,V036,Lumina Office Technologies,PO2025000182,GRN2025000182,SKU0046,2025-04-07,26,789.28,20521.28,18,3693.83,24215.11,CLEAN
INV2025000183,V022,Vertex Automation,PO2025000183,GRN2025000183,SKU0059,2026-05-11,44,199.84,8792.96,18,1582.73,10375.69,CLEAN
INV2025000184,V006,Falcon Electricals India Pvt Ltd,PO2025000184,GRN2025000184,SKU0020,2025-07-20,97,118.74,11517.78,5,575.89,12093.67,CLEAN
INV2025000185,V020,Trident Facility Services,PO2025000185,GRN2025000185,SKU0047,2026-04-26,19,3800.58,72211.02,12,8665.32,80876.34,CLEAN
INV2025000186,V008,Horizon IT Distribution,PO2025000186,GRN2025000186,SKU0028,2025-09-11,181,150.0,27150.0,18,4887.0,32037.0,CLEAN
INV2025000187,V006,Falcon Electricals India Pvt Ltd,PO2025000187,GRN2025000187,SKU0057,2025-07-21,216,703.43,151940.88,5,7597.04,159537.92,CLEAN
INV2025000188,V020,Trident Facility Services,PO2025000188,GRN2025000188,SKU0002,2026-07-14,151,11901.41,1797112.91,12,215653.55,2012766.46,QTY_OVER_RECEIPT
INV2025000189,V029,Eagle Stationery Solutions,PO2025000189,GRN2025000189,SKU0002,2026-01-12,120,11569.96,1388395.2,18,249911.14,1638306.34,CLEAN
INV2025000190,V040,Pioneer Electrical Traders,PO2025000190,GRN2025000190,SKU0009,2026-04-12,55,902.92,49660.6,18,8938.91,58599.51,CLEAN
INV2025000191,V006,Falcon Electricals India Pvt Ltd,PO2025000191,GRN2025000191,SKU0033,2026-05-06,47,692.23,32534.81,5,1626.74,34161.55,DUPLICATE
INV2026000191,V006,Falcon Electricals India Pvt Ltd,PO2025000191,GRN2025000191,SKU0033,2026-05-09,47,692.23,32534.81,5,1626.74,34161.55,DUPLICATE
INV2025000192,V008,Horizon IT Distribution,PO2025000192,GRN2025000192,SKU0060,2025-03-13,130,181.21,23557.3,18,4240.31,27797.61,CLEAN
INV2025000193,V008,Horizon IT Distribution,PO2025000193,GRN2025000193,SKU0079,2025-07-12,231,3147.73,727125.63,18,130882.61,858008.24,CLEAN
INV2025000194,V010,Jupiter Office Products,PO2025000194,GRN2025000194,SKU0028,2026-09-03,141,139.07,19608.87,18,3529.6,23138.47,CLEAN
INV2025000195,V032,Helios Controls,PO2025000195,GRN2025000195,SKU0047,2025-09-16,185,3802.68,703495.8,18,126629.24,830125.04,PRICE_VARIANCE
INV2025000196,V040,Pioneer Electrical Traders,PO2025000196,,SKU0072,2025-12-06,183,514.21,94100.43,18,16938.08,111038.51,MISSING_GRN
INV2025000197,V015,Orbit Maintenance Supplies,PO2025000197,GRN2025000197,SKU0014,2025-05-14,115,1288.97,148231.55,18,26681.68,174913.23,CLEAN
INV2025000198,V040,Pioneer Electrical Traders,PO2025000198,GRN2025000198,SKU0053,2025-10-14,62,706.75,43818.5,18,7887.33,51705.83,CLEAN
INV2025000199,V004,Delta Engineering Components,PO2025000199,GRN2025000199,SKU0011,2025-05-13,45,471.22,21204.9,12,2544.59,23749.49,CLEAN
INV2025000200,V037,Magnus Tools,PO2025000200,GRN2025000200,SKU0051,2025-06-29,151,343.01,51794.51,18,9323.01,61117.52,CLEAN
INV2025000201,V017,Quantum Electricals,PO2025000201,GRN2025000201,SKU0033,2026-06-20,159,599.7,95352.3,18,17163.41,112515.71,CLEAN
INV2025000202,V032,Helios Controls,PO2025000202,GRN2025000202,SKU0032,2026-08-19,154,857.37,132034.98,18,23766.3,155801.28,CLEAN
INV2025000203,V035,Keystone Industrial Products,PO2025000203,GRN2025000203,SKU0008,2026-02-18,125,750.48,93810.0,12,11257.2,105067.2,CLEAN
INV2025000204,V018,Ridgeway Bearings,PO2025000204,GRN2025000204,SKU0015,2025-12-15,247,3455.6,853533.2,5,42676.66,896209.86,CLEAN
INV2025000205,V005,Evergreen Facility Products,PO2025000205,GRN2025000205,SKU0025,2025-12-03,169,714.89,120816.41,12,14497.97,135314.38,CLEAN
INV2025000206,V037,Magnus Tools,PO2025000206,GRN2025000206,SKU0062,2026-04-20,74,674.6,49920.4,18,8985.67,58906.07,CLEAN
INV2025000207,V039,Omkar Facility Products,PO2025000207,GRN2025000207,SKU0066,2026-08-09,44,25498.6,1121938.4,5,56096.92,1178035.32,QTY_OVER_RECEIPT
INV2025000208,V024,Zenith Engineering Supplies,PO2025000208,GRN2025000208,SKU0033,2026-02-13,155,640.03,99204.65,12,11904.56,111109.21,CLEAN
INV2025000209,V010,Jupiter Office Products,PO2025000209,GRN2025000209,SKU0062,2025-06-14,85,688.01,58480.85,18,10526.55,69007.4,CLEAN
INV2025000210,V037,Magnus Tools,PO2025000210,GRN2025000210,SKU0057,2025-08-02,142,817.34,116062.28,18,20891.21,136953.49,PRICE_VARIANCE
INV2025000211,V017,Quantum Electricals,PO2025000211,GRN2025000211,SKU0076,2026-07-13,14,173.54,2429.56,18,437.32,2866.88,CLEAN
INV2025000212,V012,Lotus Packaging India Pvt Ltd,PO2025000212,GRN2025000212,SKU0018,2025-12-25,134,12821.81,1718122.54,12,206174.7,1924297.24,CLEAN
INV2025000213,V018,Ridgeway Bearings,PO2025000213,GRN2025000213,SKU0057,2025-03-20,160,794.99,127198.4,5,6359.92,133558.32,CLEAN
INV2025000214,V013,Metro Fasteners,PO2025000214,GRN2025000214,SKU0017,2025-02-14,223,1078.5,240505.5,18,43290.99,283796.49,CLEAN
INV2025000215,V007,Gamma Safety Solutions,PO2025000215,GRN2025000215,SKU0073,2026-03-02,222,539.35,119735.7,5,5986.78,125722.48,QTY_VARIANCE
INV2025000216,V003,Crown Packaging Solutions,PO2025000216,GRN2025000216,SKU0005,2026-08-31,18,549.51,9891.18,5,494.56,10385.74,CLEAN
INV2025000217,V026,Bharat Industrial Stores,PO2025000217,GRN2025000217,SKU0025,2026-02-11,111,736.78,81782.58,18,14720.86,96503.44,DUPLICATE
INV2026000217,V026,Bharat Industrial Stores,PO2025000217,GRN2025000217,SKU0025,2026-02-16,111,736.78,81782.58,18,14720.86,96503.44,DUPLICATE
INV2025000218,V017,Quantum Electricals,PO2025000218,GRN2025000218,SKU0064,2026-05-27,66,1133.93,74839.38,18,13471.09,88310.47,CLEAN
INV2025000219,V026,Bharat Industrial Stores,PO2025000219,GRN2025000219,SKU0069,2026-07-15,21,2268.95,47647.95,18,8576.63,56224.58,CLEAN
INV2025000220,V005,Evergreen Facility Products,PO2025000220,GRN2025000220,SKU0024,2026-09-12,143,841.48,120331.64,12,14439.8,134771.44,CLEAN
INV2025000221,V037,Magnus Tools,PO2025000221,GRN2025000221,SKU0011,2025-08-06,174,495.29,86180.46,18,15512.48,101692.94,CLEAN
INV2025000222,V018,Ridgeway Bearings,PO2025000222,GRN2025000222,SKU0007,2026-09-24,57,2714.94,154751.58,5,7737.58,162489.16,CLEAN
INV2025000223,V002,BluePeak Office Systems Pvt Ltd,PO2025000223,GRN2025000223,SKU0061,2026-09-13,119,679.83,80899.77,12,9707.97,90607.74,CLEAN
INV2025000224,V026,Bharat Industrial Stores,PO2025000224,GRN2025000224,SKU0049,2026-09-28,185,1035.17,191506.45,18,34471.16,225977.61,CLEAN
INV2025000225,V023,Westline Consumables,PO2025000225,GRN2025000225,SKU0038,2026-08-29,241,578.16,139336.56,12,16720.39,156056.95,PRICE_VARIANCE
INV2025000226,V015,Orbit Maintenance Supplies,PO2025000226,GRN2025000226,SKU0062,2025-12-22,184,595.55,109581.2,18,19724.62,129305.82,DUPLICATE
INV2026000226,V015,Orbit Maintenance Supplies,PO2025000226,GRN2025000226,SKU0062,2025-12-26,184,595.55,109581.2,18,19724.62,129305.82,DUPLICATE
INV2025000227,V026,Bharat Industrial Stores,PO2025000227,GRN2025000227,SKU0016,2025-08-09,100,631.75,63175.0,18,11371.5,74546.5,CLEAN
INV2025000228,V037,Magnus Tools,PO2025000228,GRN2025000228,SKU0013,2026-05-04,124,1672.56,207397.44,18,37331.54,244728.98,CLEAN
INV2025000229,V011,Kaveri Industrial Traders,PO2025000229,GRN2025000229,SKU0052,2026-01-28,188,178.18,33497.84,18,6029.61,39527.45,CLEAN
INV2025000230,V035,Keystone Industrial Products,PO2025000230,GRN2025000230,SKU0026,2025-05-24,96,17050.19,1636818.24,12,196418.19,1833236.43,CLEAN
INV2025000231,V040,Pioneer Electrical Traders,PO2025000231,GRN2025000231,SKU0074,2026-07-29,146,21856.32,3191022.72,18,574384.09,3765406.81,CLEAN
INV2025000232,V023,Westline Consumables,PO2025000232,,SKU0047,2026-02-13,104,4078.53,424167.12,12,50900.05,475067.17,MISSING_GRN
INV2025000233,V006,Falcon Electricals India Pvt Ltd,PO2025000233,GRN2025000233,SKU0043,2026-06-19,247,221.7,54759.9,5,2737.99,57497.89,CLEAN
INV2025000234,V001,Apex Industrial Supplies Pvt Ltd,PO2025000234,GRN2025000234,SKU0009,2025-05-21,65,923.6,60034.0,5,3001.7,63035.7,PRICE_VARIANCE
INV2025000235,V024,Zenith Engineering Supplies,PO2025000235,GRN2025000235,SKU0009,2025-04-28,131,832.4,109044.4,12,13085.33,122129.73,CLEAN
INV2025000236,V033,Innovatech Solutions,PO2025000236,GRN2025000236,SKU0011,2025-01-29,138,521.43,71957.34,5,3597.87,75555.21,CLEAN
INV2025000237,V009,Indus Mechanical Works,PO2025000237,GRN2025000237,SKU0012,2026-04-19,50,188.81,9440.5,12,1132.86,10573.36,CLEAN
INV2025000238,V020,Trident Facility Services,PO2025000238,GRN2025000238,SKU0060,2025-05-26,184,178.95,32926.8,12,3951.22,36878.02,CLEAN
INV2025000239,V018,Ridgeway Bearings,PO2025000239,GRN2025000239,SKU0020,2026-02-11,159,126.07,20045.13,5,1002.26,21047.39,CLEAN
INV2025000240,V020,Trident Facility Services,PO2025000240,GRN2025000240,SKU0056,2025-06-03,46,665.36,30606.56,12,3672.79,34279.35,CLEAN
INV2025000241,V008,Horizon IT Distribution,PO2025000241,GRN2025000241,SKU0046,2026-08-03,110,1086.53,119518.3,18,21513.29,141031.59,PRICE_VARIANCE
INV2025000242,V039,Omkar Facility Products,PO2025000242,GRN2025000242,SKU0058,2026-09-08,50,40347.39,2017369.5,5,100868.48,2118237.98,CLEAN
INV2025000243,V034,Jade Logistics Supplies,PO2025000243,GRN2025000243,SKU0076,2026-02-03,121,166.55,20152.55,18,3627.46,23780.01,CLEAN
INV2025000245,V006,Falcon Electricals India Pvt Ltd,PO2025000245,GRN2025000245,SKU0059,2025-02-10,93,199.82,18583.26,5,929.16,19512.42,CLEAN
INV2025000246,V004,Delta Engineering Components,PO2025000246,GRN2025000246,SKU0018,2026-08-27,140,11665.15,1633121.0,12,195974.52,1829095.52,CLEAN
INV2025000247,V004,Delta Engineering Components,PO2025000247,GRN2025000247,SKU0056,2026-02-26,259,652.87,169093.33,12,20291.2,189384.53,QTY_OVER_RECEIPT
INV2025000248,V020,Trident Facility Services,PO2025000248,GRN2025000248,SKU0061,2026-04-14,27,653.04,17632.08,12,2115.85,19747.93,CLEAN
INV2025000249,V018,Ridgeway Bearings,PO2025000249,GRN2025000249,SKU0021,2026-02-10,49,1457.58,71421.42,5,3571.07,74992.49,CLEAN
INV2025000250,V007,Gamma Safety Solutions,PO2025000250,GRN2025000250,SKU0011,2025-02-16,137,434.26,59493.62,5,2974.68,62468.3,CLEAN
INV2025000251,V021,United Process Equipment,PO2025000251,GRN2025000251,SKU0035,2025-02-13,172,409.41,70418.52,18,12675.33,83093.85,CLEAN
INV2025000252,V001,Apex Industrial Supplies Pvt Ltd,PO2025000252,GRN2025000252,SKU0027,2025-10-21,82,483.76,39668.32,5,1983.42,41651.74,PRICE_VARIANCE
INV2025000253,V024,Zenith Engineering Supplies,PO2025000253,GRN2025000253,SKU0061,2025-08-27,198,614.73,121716.54,12,14605.98,136322.52,CLEAN
INV2025000254,V025,Arun Safety & PPE,PO2025000254,GRN2025000254,SKU0073,2025-07-20,182,579.84,105530.88,12,12663.71,118194.59,CLEAN
INV2025000255,V018,Ridgeway Bearings,PO2025000255,GRN2025000255,SKU0043,2025-04-11,199,264.95,52725.05,5,2636.25,55361.3,CLEAN
INV2025000256,V034,Jade Logistics Supplies,PO2025000256,GRN2025000256,SKU0001,2025-11-26,39,969.04,37792.56,18,6802.66,44595.22,CLEAN
INV2025000258,V039,Omkar Facility Products,PO2025000258,GRN2025000258,SKU0021,2026-07-01,127,1449.39,184072.53,5,9203.63,193276.16,CLEAN
INV2025000259,V014,Nova Tech Systems,,GRN2025000259,SKU0043,2026-07-18,245,219.34,53738.3,5,2686.91,56425.21,MISSING_PO
INV2025000260,V029,Eagle Stationery Solutions,PO2025000260,GRN2025000260,SKU0055,2025-10-30,47,2192.28,103037.16,18,18546.69,121583.85,CLEAN
INV2025000261,V019,Sigma Industrial Products,PO2025000261,GRN2025000261,SKU0038,2026-02-15,91,579.67,52749.97,12,6330.0,59079.97,CLEAN
INV2025000262,V030,Frontier Components,PO2025000262,GRN2025000262,SKU0004,2026-01-10,125,166.69,20836.25,18,3750.53,24586.78,CLEAN
INV2025000263,V037,Magnus Tools,PO2025000263,GRN2025000263,SKU0075,2025-06-22,153,358.4,54835.2,18,9870.34,64705.54,DUPLICATE
INV2026000263,V037,Magnus Tools,PO2025000263,GRN2025000263,SKU0075,2025-06-24,153,358.4,54835.2,18,9870.34,64705.54,DUPLICATE
INV2025000264,V021,United Process Equipment,PO2025000264,GRN2025000264,SKU0067,2025-12-09,196,293.95,57614.2,18,10370.56,67984.76,PRICE_VARIANCE
INV2025000265,V011,Kaveri Industrial Traders,PO2025000265,GRN2025000265,SKU0061,2025-06-20,85,603.72,51316.2,18,9236.92,60553.12,CLEAN
INV2025000266,V016,Prime Tools & Components,PO2025000266,GRN2025000266,SKU0079,2025-08-09,87,3106.11,270231.57,12,32427.79,302659.36,CLEAN
INV2025000267,V031,Ganga Hardware Traders,PO2025000267,GRN2025000267,SKU0029,2026-08-05,13,1759.28,22870.64,5,1143.53,24014.17,CLEAN
INV2025000268,V031,Ganga Hardware Traders,PO2025000268,GRN2025000268,SKU0039,2026-07-21,30,1908.99,57269.7,5,2863.49,60133.19,CLEAN
INV2025000269,V004,Delta Engineering Components,PO2025000269,GRN2025000269,SKU0036,2026-05-02,11,206.92,2276.12,12,273.13,2549.25,CLEAN
INV2025000270,V032,Helios Controls,PO2025000270,GRN2025000270,SKU0042,2026-06-23,88,22351.91,1966968.08,18,354054.25,2321022.33,CLEAN
INV2025000271,V018,Ridgeway Bearings,PO2025000271,GRN2025000271,SKU0078,2025-09-24,213,913.96,194673.48,5,9733.67,204407.15,CLEAN
INV2025000272,V018,Ridgeway Bearings,PO2025000272,GRN2025000272,SKU0060,2025-11-28,14,174.73,2446.22,5,122.31,2568.53,CLEAN
INV2025000274,V032,Helios Controls,PO2025000274,GRN2025000274,SKU0047,2026-06-07,43,3872.83,166531.69,18,29975.7,196507.39,CLEAN
INV2025000275,V024,Zenith Engineering Supplies,PO2025000275,GRN2025000275,SKU0014,2026-08-01,236,1315.22,310391.92,12,37247.03,347638.95,CLEAN
INV2025000276,V024,Zenith Engineering Supplies,PO2025000276,GRN2025000276,SKU0001,2025-03-03,128,918.43,117559.04,12,14107.08,131666.12,CLEAN
INV2025000277,V038,NexGen Components,PO2025000277,GRN2025000277,SKU0021,2025-05-12,67,1362.32,91275.44,18,16429.58,107705.02,QTY_OVER_RECEIPT
INV2025000278,V029,Eagle Stationery Solutions,PO2025000278,GRN2025000278,SKU0080,2026-05-17,123,900.45,110755.35,18,19935.96,130691.31,QTY_OVER_RECEIPT
INV2025000279,V038,NexGen Components,PO2025000279,GRN2025000279,SKU0053,2026-08-16,87,726.49,63204.63,18,11376.83,74581.46,CLEAN
INV2025000280,V008,Horizon IT Distribution,PO2025000280,GRN2025000280,SKU0069,2025-06-24,120,1911.65,229398.0,18,41291.64,270689.64,CLEAN
INV2025000281,V014,Nova Tech Systems,PO2025000281,GRN2025000281,SKU0036,2025-04-07,121,211.34,25572.14,5,1278.61,26850.75,CLEAN
INV2025000282,V015,Orbit Maintenance Supplies,PO2025000282,GRN2025000282,SKU0038,2025-07-08,210,517.62,108700.2,18,19566.04,128266.24,CLEAN
INV2025000283,V008,Horizon IT Distribution,PO2025000283,GRN2025000283,SKU0025,2026-01-29,84,674.98,56698.32,18,10205.7,66904.02,CLEAN
INV2025000284,V016,Prime Tools & Components,PO2025000284,GRN2025000284,SKU0022,2026-09-13,44,630.61,27746.84,12,3329.62,31076.46,CLEAN
INV2025000285,V028,Dynamo Power Systems,PO2025000285,GRN2025000285,SKU0065,2025-10-12,6,1188.04,7128.24,5,356.41,7484.65,CLEAN
INV2025000286,V021,United Process Equipment,PO2025000286,GRN2025000286,SKU0067,2026-07-10,150,312.77,46915.5,18,8444.79,55360.29,PRICE_VARIANCE
INV2025000287,V035,Keystone Industrial Products,PO2025000287,GRN2025000287,SKU0057,2025-06-18,40,777.76,31110.4,12,3733.25,34843.65,CLEAN
INV2025000288,V014,Nova Tech Systems,PO2025000288,GRN2025000288,SKU0025,2025-05-14,174,766.27,133330.98,5,6666.55,139997.53,CLEAN
INV2025000289,V012,Lotus Packaging India Pvt Ltd,PO2025000289,GRN2025000289,SKU0014,2026-03-26,148,1273.53,188482.44,12,22617.89,211100.33,PRICE_VARIANCE
INV2025000290,V030,Frontier Components,PO2025000290,GRN2025000290,SKU0077,2026-04-28,248,1270.03,314967.44,18,56694.14,371661.58,CLEAN
INV2025000291,V018,Ridgeway Bearings,PO2025000291,,SKU0063,2025-12-03,141,2863.48,403750.68,5,20187.53,423938.21,MISSING_GRN
INV2025000292,V016,Prime Tools & Components,PO2025000292,GRN2025000292,SKU0061,2025-08-22,38,651.95,24774.1,12,2972.89,27746.99,PRICE_VARIANCE
INV2025000293,V037,Magnus Tools,PO2025000293,GRN2025000293,SKU0003,2025-09-16,189,423.01,79948.89,18,14390.8,94339.69,CLEAN
INV2025000294,V017,Quantum Electricals,PO2025000294,GRN2025000294,SKU0040,2026-06-18,88,1235.46,108720.48,18,19569.69,128290.17,CLEAN
INV2025000295,V034,Jade Logistics Supplies,PO2025000295,GRN2025000295,SKU0030,2025-12-25,143,848.96,121401.28,18,21852.23,143253.51,CLEAN
INV2025000296,V001,Apex Industrial Supplies Pvt Ltd,PO2025000296,GRN2025000296,SKU0058,2025-01-10,11,39406.33,433469.63,5,21673.48,455143.11,CLEAN
INV2025000298,V021,United Process Equipment,PO2025000298,GRN2025000298,SKU0033,2025-04-25,144,602.39,86744.16,18,15613.95,102358.11,CLEAN
INV2025000299,V027,Crest Chemicals,PO2025000299,GRN2025000299,SKU0062,2025-06-29,208,649.4,135075.2,12,16209.02,151284.22,CLEAN
INV2025000300,V014,Nova Tech Systems,PO2025000300,GRN2025000300,SKU0062,2025-06-21,172,614.52,105697.44,5,5284.87,110982.31,CLEAN
INV2025000301,V028,Dynamo Power Systems,PO2025000301,GRN2025000301,SKU0008,2025-06-03,110,830.18,91319.8,5,4565.99,95885.79,PRICE_VARIANCE
INV2025000302,V040,Pioneer Electrical Traders,PO2025000302,GRN2025000302,SKU0009,2025-03-06,213,895.45,190730.85,18,34331.55,225062.4,CLEAN
INV2025000303,V024,Zenith Engineering Supplies,PO2025000303,GRN2025000303,SKU0078,2025-06-17,100,762.07,76207.0,12,9144.84,85351.84,CLEAN
INV2025000304,V032,Helios Controls,PO2025000304,GRN2025000304,SKU0038,2026-08-03,99,502.02,49699.98,18,8946.0,58645.98,CLEAN
INV2025000305,V014,Nova Tech Systems,PO2025000305,GRN2025000305,SKU0044,2026-03-22,228,130.55,29765.4,5,1488.27,31253.67,CLEAN
INV2025000306,V005,Evergreen Facility Products,PO2025000306,GRN2025000306,SKU0079,2025-12-04,39,3802.13,148283.07,12,17793.97,166077.04,QTY_OVER_RECEIPT
INV2025000307,V007,Gamma Safety Solutions,PO2025000307,GRN2025000307,SKU0073,2026-08-22,182,503.81,91693.42,5,4584.67,96278.09,CLEAN
INV2025000308,V036,Lumina Office Technologies,PO2025000308,GRN2025000308,SKU0058,2026-07-14,147,34707.34,5101978.98,18,918356.22,6020335.2,CLEAN
INV2025000309,V017,Quantum Electricals,PO2025000309,GRN2025000309,SKU0035,2026-02-20,190,472.64,89801.6,18,16164.29,105965.89,CLEAN
INV2025000310,V034,Jade Logistics Supplies,PO2025000310,GRN2025000310,SKU0046,2025-03-06,14,840.89,11772.46,18,2119.04,13891.5,CLEAN
INV2025000311,V008,Horizon IT Distribution,PO2025000311,GRN2025000311,SKU0052,2025-07-07,198,164.19,32509.62,18,5851.73,38361.35,CLEAN
INV2025000312,V034,Jade Logistics Supplies,PO2025000312,GRN2025000312,SKU0043,2026-09-10,219,247.38,54176.22,18,9751.72,63927.94,CLEAN
INV2025000313,V036,Lumina Office Technologies,PO2025000313,GRN2025000313,SKU0067,2025-09-15,149,279.53,41649.97,18,7496.99,49146.96,CLEAN
INV2025000314,V015,Orbit Maintenance Supplies,PO2025000314,GRN2025000314,SKU0042,2025-06-25,93,21073.23,1959810.39,18,352765.87,2312576.26,CLEAN
INV2025000315,V016,Prime Tools & Components,PO2025000315,GRN2025000315,SKU0041,2026-09-10,60,1075.24,64514.4,12,7741.73,72256.13,CLEAN
INV2025000316,V033,Innovatech Solutions,PO2025000316,GRN2025000316,SKU0065,2025-12-23,21,1201.15,25224.15,5,1261.21,26485.36,CLEAN
INV2025000317,V026,Bharat Industrial Stores,PO2025000317,GRN2025000317,SKU0042,2026-09-04,104,21988.04,2286756.16,18,411616.11,2698372.27,CLEAN
INV2025000318,V020,Trident Facility Services,PO2025000318,GRN2025000318,SKU0067,2026-03-26,66,244.21,16117.86,12,1934.14,18052.0,CLEAN
INV2025000319,V028,Dynamo Power Systems,PO2025000319,GRN2025000319,SKU0034,2026-07-10,31,11585.86,359161.66,5,17958.08,377119.74,CLEAN
INV2025000320,V037,Magnus Tools,PO2025000320,GRN2025000320,SKU0044,2026-09-26,55,122.44,6734.2,18,1212.16,7946.36,CLEAN
INV2025000321,V018,Ridgeway Bearings,PO2025000321,GRN2025000321,SKU0013,2026-09-05,184,1638.02,301395.68,5,15069.78,316465.46,CLEAN
INV2025000322,V022,Vertex Automation,PO2025000322,GRN2025000322,SKU0002,2025-02-01,168,11823.8,1986398.4,18,357551.71,2343950.11,CLEAN
INV2025000324,V016,Prime Tools & Components,PO2025000324,GRN2025000324,SKU0036,2025-04-27,155,189.58,29384.9,12,3526.19,32911.09,CLEAN
INV2025000325,V026,Bharat Industrial Stores,PO2025000325,GRN2025000325,SKU0027,2025-07-25,138,360.26,49715.88,18,8948.86,58664.74,CLEAN
INV2025000326,V002,BluePeak Office Systems Pvt Ltd,PO2025000326,GRN2025000326,SKU0050,2026-03-18,31,19147.1,593560.1,12,71227.21,664787.31,QTY_OVER_RECEIPT
INV2025000327,V019,Sigma Industrial Products,PO2025000327,GRN2025000327,SKU0053,2025-03-20,249,665.19,165632.31,12,19875.88,185508.19,CLEAN
INV2025000328,V007,Gamma Safety Solutions,PO2025000328,GRN2025000328,SKU0050,2025-06-30,175,20714.26,3624995.5,5,181249.77,3806245.27,CLEAN
INV2025000329,V015,Orbit Maintenance Supplies,PO2025000329,GRN2025000329,SKU0007,2026-04-13,50,2426.06,121303.0,18,21834.54,143137.54,CLEAN
INV2025000330,V004,Delta Engineering Components,PO2025000330,GRN2025000330,SKU0033,2026-06-30,193,738.7,142569.1,12,17108.29,159677.39,CLEAN
INV2025000331,V020,Trident Facility Services,PO2025000331,GRN2025000331,SKU0008,2025-09-16,74,911.5,67451.0,12,8094.12,75545.12,CLEAN
INV2025000332,V020,Trident Facility Services,PO2025000332,GRN2025000332,SKU0003,2025-04-05,37,460.84,17051.08,12,2046.13,19097.21,CLEAN
INV2025000333,V037,Magnus Tools,PO2025000333,GRN2025000333,SKU0066,2025-12-03,124,28168.84,3492936.16,18,628728.51,4121664.67,CLEAN
INV2025000334,V023,Westline Consumables,PO2025000334,GRN2025000334,SKU0066,2026-08-12,145,28832.41,4180699.45,12,501683.93,4682383.38,CLEAN
INV2025000335,V029,Eagle Stationery Solutions,PO2025000335,GRN2025000335,SKU0045,2025-08-25,87,1450.62,126203.94,18,22716.71,148920.65,CLEAN
INV2025000336,V022,Vertex Automation,,GRN2025000336,SKU0051,2026-03-23,131,358.21,46925.51,18,8446.59,55372.1,MISSING_PO
INV2025000337,V029,Eagle Stationery Solutions,PO2025000337,GRN2025000337,SKU0058,2026-06-24,127,36903.39,4686730.53,18,843611.5,5530342.03,CLEAN
INV2025000338,V001,Apex Industrial Supplies Pvt Ltd,PO2025000338,GRN2025000338,SKU0054,2025-05-05,212,755.43,160151.16,5,8007.56,168158.72,CLEAN
INV2025000339,V037,Magnus Tools,PO2025000339,GRN2025000339,SKU0075,2025-05-31,100,346.54,34654.0,18,6237.72,40891.72,CLEAN
INV2025000340,V037,Magnus Tools,PO2025000340,GRN2025000340,SKU0032,2025-12-28,57,789.63,45008.91,18,8101.6,53110.51,CLEAN
INV2025000341,V013,Metro Fasteners,PO2025000341,GRN2025000341,SKU0050,2025-12-31,113,18607.33,2102628.29,18,378473.09,2481101.38,CLEAN
INV2025000342,V032,Helios Controls,PO2025000342,GRN2025000342,SKU0066,2026-03-11,167,25430.88,4246956.96,18,764452.25,5011409.21,CLEAN
INV2025000343,V032,Helios Controls,PO2025000343,GRN2025000343,SKU0060,2025-08-30,61,193.16,11782.76,18,2120.9,13903.66,CLEAN
INV2025000344,V003,Crown Packaging Solutions,PO2025000344,GRN2025000344,SKU0071,2025-06-27,247,1596.15,394249.05,5,19712.45,413961.5,CLEAN
INV2025000345,V038,NexGen Components,PO2025000345,GRN2025000345,SKU0070,2026-07-06,173,721.28,124781.44,18,22460.66,147242.1,CLEAN
INV2025000346,V021,United Process Equipment,PO2025000346,GRN2025000346,SKU0072,2025-08-15,59,525.35,30995.65,18,5579.22,36574.87,CLEAN
INV2025000347,V034,Jade Logistics Supplies,PO2025000347,GRN2025000347,SKU0012,2025-02-19,216,159.11,34367.76,18,6186.2,40553.96,CLEAN
INV2025000348,V021,United Process Equipment,PO2025000348,GRN2025000348,SKU0041,2026-07-31,203,1146.36,232711.08,18,41887.99,274599.07,CLEAN
INV2025000349,V013,Metro Fasteners,PO2025000349,GRN2025000349,SKU0011,2025-05-02,99,520.17,51496.83,18,9269.43,60766.26,CLEAN
INV2025000350,V023,Westline Consumables,PO2025000350,GRN2025000350,SKU0022,2026-01-17,120,530.26,63631.2,12,7635.74,71266.94,QTY_OVER_RECEIPT
INV2025000351,V034,Jade Logistics Supplies,PO2025000351,GRN2025000351,SKU0043,2025-05-20,35,243.87,8535.45,18,1536.38,10071.83,PRICE_VARIANCE
INV2025000352,V020,Trident Facility Services,PO2025000352,GRN2025000352,SKU0003,2026-04-17,116,403.42,46796.72,12,5615.61,52412.33,CLEAN
INV2025000353,V028,Dynamo Power Systems,PO2025000353,GRN2025000353,SKU0046,2025-12-05,110,947.23,104195.3,5,5209.77,109405.07,CLEAN
INV2025000354,V003,Crown Packaging Solutions,PO2025000354,GRN2025000354,SKU0041,2025-10-22,25,1284.84,32121.0,5,1606.05,33727.05,CLEAN
INV2025000355,V032,Helios Controls,PO2025000355,GRN2025000355,SKU0013,2025-02-20,54,1441.65,77849.1,18,14012.84,91861.94,QTY_VARIANCE
INV2025000356,V020,Trident Facility Services,PO2025000356,GRN2025000356,SKU0010,2026-05-09,27,13019.33,351521.91,12,42182.63,393704.54,CLEAN
INV2025000358,V030,Frontier Components,PO2025000358,GRN2025000358,SKU0065,2026-06-29,22,1206.23,26537.06,18,4776.67,31313.73,CLEAN
INV2025000359,V031,Ganga Hardware Traders,PO2025000359,GRN2025000359,SKU0001,2025-11-11,153,997.35,152594.55,5,7629.73,160224.28,CLEAN
INV2025000360,V014,Nova Tech Systems,PO2025000360,GRN2025000360,SKU0064,2025-05-06,187,1101.7,206017.9,5,10300.9,216318.8,CLEAN
INV2025000361,V002,BluePeak Office Systems Pvt Ltd,PO2025000361,GRN2025000361,SKU0042,2025-07-18,128,23251.53,2976195.84,12,357143.5,3333339.34,CLEAN
INV2025000362,V003,Crown Packaging Solutions,PO2025000362,GRN2025000362,SKU0078,2026-09-18,233,830.69,193550.77,5,9677.54,203228.31,CLEAN
INV2025000363,V030,Frontier Components,PO2025000363,GRN2025000363,SKU0069,2025-11-01,138,2300.38,317452.44,18,57141.44,374593.88,CLEAN
INV2025000364,V026,Bharat Industrial Stores,PO2025000364,GRN2025000364,SKU0042,2025-08-31,154,25249.05,3888353.7,18,699903.67,4588257.37,CLEAN
INV2025000365,V010,Jupiter Office Products,PO2025000365,GRN2025000365,SKU0030,2026-01-12,222,847.84,188220.48,18,33879.69,222100.17,CLEAN
INV2025000366,V016,Prime Tools & Components,PO2025000366,GRN2025000366,SKU0025,2026-05-26,85,744.4,63274.0,12,7592.88,70866.88,CLEAN
INV2025000367,V030,Frontier Components,PO2025000367,GRN2025000367,SKU0079,2025-10-09,172,3294.64,566678.08,18,102002.05,668680.13,CLEAN
INV2025000368,V005,Evergreen Facility Products,PO2025000368,GRN2025000368,SKU0053,2025-12-30,76,668.88,50834.88,12,6100.19,56935.07,CLEAN
INV2025000369,V001,Apex Industrial Supplies Pvt Ltd,PO2025000369,GRN2025000369,SKU0074,2025-03-30,221,21886.53,4836923.13,5,241846.16,5078769.29,DUPLICATE
INV2026000369,V001,Apex Industrial Supplies Pvt Ltd,PO2025000369,GRN2025000369,SKU0074,2025-03-31,221,21886.53,4836923.13,5,241846.16,5078769.29,DUPLICATE
INV2025000370,V008,Horizon IT Distribution,PO2025000370,GRN2025000370,SKU0008,2025-07-24,138,790.19,109046.22,18,19628.32,128674.54,CLEAN
INV2025000371,V016,Prime Tools & Components,PO2025000371,GRN2025000371,SKU0009,2026-04-03,34,772.04,26249.36,12,3149.92,29399.28,CLEAN
INV2025000372,V030,Frontier Components,PO2025000372,GRN2025000372,SKU0008,2025-09-19,244,765.46,186772.24,18,33619.0,220391.24,CLEAN
INV2025000373,V013,Metro Fasteners,PO2025000373,GRN2025000373,SKU0012,2025-10-13,250,165.35,41337.5,18,7440.75,48778.25,CLEAN
INV2025000374,V016,Prime Tools & Components,PO2025000374,GRN2025000374,SKU0046,2026-01-26,177,788.2,139511.4,12,16741.37,156252.77,DUPLICATE
INV2026000374,V016,Prime Tools & Components,PO2025000374,GRN2025000374,SKU0046,2026-02-03,177,788.2,139511.4,12,16741.37,156252.77,DUPLICATE
INV2025000375,V010,Jupiter Office Products,PO2025000375,GRN2025000375,SKU0021,2026-06-21,221,1401.14,309651.94,18,55737.35,365389.29,CLEAN
INV2025000376,V025,Arun Safety & PPE,PO2025000376,GRN2025000376,SKU0005,2025-05-03,148,629.27,93131.96,12,11175.84,104307.8,CLEAN
INV2025000377,V024,Zenith Engineering Supplies,PO2025000377,GRN2025000377,SKU0017,2026-08-10,157,1095.39,171976.23,12,20637.15,192613.38,QTY_OVER_RECEIPT
INV2025000378,V010,Jupiter Office Products,PO2025000378,GRN2025000378,SKU0053,2025-02-13,25,702.52,17563.0,18,3161.34,20724.34,CLEAN
INV2025000379,V017,Quantum Electricals,PO2025000379,GRN2025000379,SKU0044,2026-05-30,7,145.21,1016.47,18,182.96,1199.43,CLEAN
INV2025000380,V006,Falcon Electricals India Pvt Ltd,PO2025000380,GRN2025000380,SKU0064,2025-12-03,50,1134.97,56748.5,5,2837.43,59585.93,CLEAN
INV2025000381,V037,Magnus Tools,PO2025000381,GRN2025000381,SKU0053,2026-08-25,228,769.3,175400.4,18,31572.07,206972.47,CLEAN
INV2025000382,V013,Metro Fasteners,PO2025000382,GRN2025000382,SKU0013,2025-12-28,249,1482.66,369182.34,18,66452.82,435635.16,CLEAN
INV2025000383,V038,NexGen Components,PO2025000383,GRN2025000383,SKU0033,2026-06-04,50,709.03,35451.5,18,6381.27,41832.77,CLEAN
INV2025000384,V025,Arun Safety & PPE,PO2025000384,GRN2025000384,SKU0060,2025-04-03,180,166.22,29919.6,12,3590.35,33509.95,DUPLICATE
INV2026000384,V025,Arun Safety & PPE,PO2025000384,GRN2025000384,SKU0060,2025-04-08,180,166.22,29919.6,12,3590.35,33509.95,DUPLICATE
INV2025000385,V009,Indus Mechanical Works,PO2025000385,GRN2025000385,SKU0049,2026-02-06,198,1242.85,246084.3,12,29530.12,275614.42,CLEAN
INV2025000386,V033,Innovatech Solutions,PO2025000386,GRN2025000386,SKU0053,2025-04-22,54,839.22,45317.88,5,2265.89,47583.77,CLEAN
INV2025000387,V012,Lotus Packaging India Pvt Ltd,PO2025000387,GRN2025000387,SKU0060,2025-02-28,23,197.75,4548.25,12,545.79,5094.04,CLEAN
INV2025000388,V011,Kaveri Industrial Traders,PO2025000388,GRN2025000388,SKU0024,2025-08-01,223,941.92,210048.16,18,37808.67,247856.83,CLEAN
INV2025000389,V010,Jupiter Office Products,PO2025000389,GRN2025000389,SKU0008,2026-01-14,83,771.52,64036.16,18,11526.51,75562.67,CLEAN
INV2025000390,V008,Horizon IT Distribution,PO2025000390,GRN2025000390,SKU0026,2025-10-04,29,15920.62,461697.98,18,83105.64,544803.62,PRICE_VARIANCE
INV2025000391,V016,Prime Tools & Components,PO2025000391,GRN2025000391,SKU0019,2025-04-25,247,498.65,123166.55,12,14779.99,137946.54,CLEAN
INV2025000393,V030,Frontier Components,PO2025000393,GRN2025000393,SKU0015,2025-11-03,80,3531.2,282496.0,18,50849.28,333345.28,CLEAN
INV2025000394,V004,Delta Engineering Components,PO2025000394,GRN2025000394,SKU0003,2026-05-24,153,448.07,68554.71,12,8226.57,76781.28,CLEAN
INV2025000395,V009,Indus Mechanical Works,PO2025000395,,SKU0019,2026-01-28,201,446.01,89648.01,12,10757.76,100405.77,MISSING_GRN
INV2025000396,V017,Quantum Electricals,PO2025000396,GRN2025000396,SKU0012,2026-04-14,19,150.52,2859.88,18,514.78,3374.66,CLEAN
INV2025000397,V029,Eagle Stationery Solutions,PO2025000397,GRN2025000397,SKU0001,2026-07-22,169,1000.88,169148.72,18,30446.77,199595.49,QTY_OVER_RECEIPT
INV2025000398,V010,Jupiter Office Products,PO2025000398,GRN2025000398,SKU0053,2025-07-31,196,799.79,156758.84,18,28216.59,184975.43,CLEAN
INV2025000399,V032,Helios Controls,PO2025000399,GRN2025000399,SKU0074,2025-09-08,214,25448.85,5446053.9,18,980289.7,6426343.6,QTY_OVER_RECEIPT
INV2025000400,V016,Prime Tools & Components,PO2025000400,GRN2025000400,SKU0050,2025-06-25,41,21145.6,866969.6,12,104036.35,971005.95,CLEAN
INV2025000401,V031,Ganga Hardware Traders,PO2025000401,GRN2025000401,SKU0005,2026-03-03,146,623.84,91080.64,5,4554.03,95634.67,CLEAN
INV2025000402,V013,Metro Fasteners,PO2025000402,GRN2025000402,SKU0031,2026-04-09,150,6736.19,1010428.5,18,181877.13,1192305.63,CLEAN
INV2025000403,V027,Crest Chemicals,,GRN2025000403,SKU0080,2025-06-23,164,793.3,130101.2,12,15612.14,145713.34,MISSING_PO
INV2025000404,V008,Horizon IT Distribution,PO2025000404,GRN2025000404,SKU0023,2025-12-11,47,5362.59,252041.73,18,45367.51,297409.24,PRICE_VARIANCE
INV2025000405,V004,Delta Engineering Components,PO2025000405,,SKU0041,2026-05-02,144,1061.29,152825.76,12,18339.09,171164.85,MISSING_GRN
INV2025000406,V013,Metro Fasteners,PO2025000406,GRN2025000406,SKU0038,2026-09-05,19,576.38,10951.22,18,1971.22,12922.44,CLEAN
INV2025000407,V029,Eagle Stationery Solutions,PO2025000407,GRN2025000407,SKU0024,2025-05-02,85,907.14,77106.9,18,13879.24,90986.14,CLEAN
INV2025000409,V005,Evergreen Facility Products,PO2025000409,,SKU0078,2026-08-14,37,880.89,32592.93,12,3911.15,36504.08,MISSING_GRN
INV2025000411,V029,Eagle Stationery Solutions,PO2025000411,GRN2025000411,SKU0039,2026-02-21,86,1952.1,167880.6,18,30218.51,198099.11,CLEAN
INV2025000412,V021,United Process Equipment,PO2025000412,GRN2025000412,SKU0061,2025-07-05,204,626.72,127850.88,18,23013.16,150864.04,CLEAN
INV2025000413,V030,Frontier Components,PO2025000413,GRN2025000413,SKU0012,2025-04-15,145,157.83,22885.35,18,4119.36,27004.71,CLEAN
INV2025000414,V028,Dynamo Power Systems,PO2025000414,GRN2025000414,SKU0061,2025-09-18,65,613.72,39891.8,5,1994.59,41886.39,CLEAN
INV2025000415,V031,Ganga Hardware Traders,PO2025000415,GRN2025000415,SKU0066,2026-08-03,188,29154.49,5481044.12,5,274052.21,5755096.33,QTY_OVER_RECEIPT
INV2025000416,V040,Pioneer Electrical Traders,PO2025000416,GRN2025000416,SKU0008,2026-02-07,70,863.79,60465.3,18,10883.75,71349.05,CLEAN
INV2025000417,V025,Arun Safety & PPE,PO2025000417,GRN2025000417,SKU0002,2026-06-11,71,11114.74,789146.54,12,94697.58,883844.12,CLEAN
INV2025000418,V008,Horizon IT Distribution,PO2025000418,GRN2025000418,SKU0012,2026-05-16,203,177.53,36038.59,18,6486.95,42525.54,CLEAN
INV2025000419,V010,Jupiter Office Products,PO2025000419,GRN2025000419,SKU0009,2025-03-27,131,762.6,99900.6,18,17982.11,117882.71,CLEAN
INV2025000420,V010,Jupiter Office Products,PO2025000420,GRN2025000420,SKU0029,2026-04-17,90,1912.82,172153.8,18,30987.68,203141.48,QTY_OVER_RECEIPT
INV2025000422,V021,United Process Equipment,PO2025000422,GRN2025000422,SKU0045,2025-10-02,69,1524.13,105164.97,18,18929.69,124094.66,CLEAN
INV2025000423,V011,Kaveri Industrial Traders,PO2025000423,GRN2025000423,SKU0046,2025-05-09,12,773.76,9285.12,18,1671.32,10956.44,CLEAN
INV2025000424,V003,Crown Packaging Solutions,PO2025000424,GRN2025000424,SKU0019,2025-12-11,30,505.19,15155.7,5,757.78,15913.48,CLEAN
INV2025000425,V028,Dynamo Power Systems,PO2025000425,GRN2025000425,SKU0057,2026-01-03,190,808.65,153643.5,5,7682.18,161325.68,QTY_OVER_RECEIPT
INV2025000426,V027,Crest Chemicals,PO2025000426,GRN2025000426,SKU0038,2025-01-30,10,482.39,4823.9,12,578.87,5402.77,CLEAN
INV2025000427,V026,Bharat Industrial Stores,PO2025000427,GRN2025000427,SKU0004,2025-03-18,35,176.75,6186.25,18,1113.53,7299.78,CLEAN
INV2025000428,V020,Trident Facility Services,PO2025000428,GRN2025000428,SKU0001,2026-09-04,94,974.21,91575.74,12,10989.09,102564.83,CLEAN
INV2025000429,V038,NexGen Components,PO2025000429,GRN2025000429,SKU0036,2025-07-04,218,209.91,45760.38,18,8236.87,53997.25,CLEAN
INV2025000430,V002,BluePeak Office Systems Pvt Ltd,PO2025000430,GRN2025000430,SKU0026,2025-03-16,30,19897.57,596927.1,12,71631.25,668558.35,PRICE_VARIANCE
INV2025000431,V012,Lotus Packaging India Pvt Ltd,PO2025000431,GRN2025000431,SKU0070,2025-03-21,26,683.24,17764.24,12,2131.71,19895.95,CLEAN
INV2025000432,V029,Eagle Stationery Solutions,PO2025000432,GRN2025000432,SKU0045,2026-01-27,38,1493.88,56767.44,18,10218.14,66985.58,CLEAN
INV2025000433,V038,NexGen Components,PO2025000433,GRN2025000433,SKU0056,2025-02-02,21,689.83,14486.43,18,2607.56,17093.99,CLEAN
INV2025000434,V036,Lumina Office Technologies,PO2025000434,GRN2025000434,SKU0073,2025-12-05,48,605.39,29058.72,18,5230.57,34289.29,CLEAN
INV2025000435,V021,United Process Equipment,PO2025000435,GRN2025000435,SKU0067,2026-05-25,36,314.64,11327.04,18,2038.87,13365.91,PRICE_VARIANCE
INV2025000436,V005,Evergreen Facility Products,PO2025000436,GRN2025000436,SKU0017,2025-11-12,76,1018.01,77368.76,12,9284.25,86653.01,CLEAN
INV2025000437,V027,Crest Chemicals,PO2025000437,GRN2025000437,SKU0015,2025-08-25,70,3283.04,229812.8,12,27577.54,257390.34,CLEAN
INV2025000438,V028,Dynamo Power Systems,PO2025000438,GRN2025000438,SKU0032,2025-04-06,94,865.79,81384.26,5,4069.21,85453.47,CLEAN
INV2025000439,V007,Gamma Safety Solutions,PO2025000439,GRN2025000439,SKU0059,2025-09-19,154,238.35,36705.9,5,1835.3,38541.2,CLEAN
INV2025000440,V012,Lotus Packaging India Pvt Ltd,PO2025000440,GRN2025000440,SKU0039,2026-08-16,167,1666.06,278232.02,12,33387.84,311619.86,CLEAN
INV2025000441,V038,NexGen Components,PO2025000441,GRN2025000441,SKU0012,2025-06-30,223,178.41,39785.43,18,7161.38,46946.81,CLEAN
INV2025000442,V035,Keystone Industrial Products,PO2025000442,GRN2025000442,SKU0006,2026-04-14,29,454.12,13169.48,12,1580.34,14749.82,CLEAN
INV2025000443,V020,Trident Facility Services,PO2025000443,GRN2025000443,SKU0073,2025-02-15,240,604.14,144993.6,12,17399.23,162392.83,QTY_OVER_RECEIPT
INV2025000444,V027,Crest Chemicals,PO2025000444,GRN2025000444,SKU0080,2025-04-13,136,738.15,100388.4,12,12046.61,112435.01,CLEAN
INV2025000445,V025,Arun Safety & PPE,PO2025000445,GRN2025000445,SKU0058,2025-02-27,18,39390.84,709035.12,12,85084.21,794119.33,DUPLICATE
INV2026000445,V025,Arun Safety & PPE,PO2025000445,GRN2025000445,SKU0058,2025-03-03,18,39390.84,709035.12,12,85084.21,794119.33,DUPLICATE
INV2025000446,V015,Orbit Maintenance Supplies,PO2025000446,GRN2025000446,SKU0043,2026-03-18,20,258.73,5174.6,18,931.43,6106.03,CLEAN
INV2025000447,V018,Ridgeway Bearings,PO2025000447,GRN2025000447,SKU0020,2026-04-19,20,119.07,2381.4,5,119.07,2500.47,CLEAN
INV2025000448,V013,Metro Fasteners,PO2025000448,GRN2025000448,SKU0022,2026-04-29,48,510.81,24518.88,18,4413.4,28932.28,CLEAN
INV2025000449,V028,Dynamo Power Systems,PO2025000449,GRN2025000449,SKU0061,2025-07-10,83,863.29,71653.07,5,3582.65,75235.72,PRICE_VARIANCE
INV2025000450,V026,Bharat Industrial Stores,PO2025000450,GRN2025000450,SKU0063,2025-07-17,235,3067.68,720904.8,18,129762.86,850667.66,CLEAN
INV2025000451,V014,Nova Tech Systems,PO2025000451,GRN2025000451,SKU0001,2025-09-09,58,1033.72,59955.76,5,2997.79,62953.55,CLEAN
INV2025000452,V033,Innovatech Solutions,PO2025000452,GRN2025000452,SKU0036,2025-11-24,113,201.94,22819.22,5,1140.96,23960.18,CLEAN
INV2025000453,V018,Ridgeway Bearings,PO2025000453,GRN2025000453,SKU0073,2025-05-07,234,570.66,133534.44,5,6676.72,140211.16,CLEAN
INV2025000454,V022,Vertex Automation,PO2025000454,GRN2025000454,SKU0056,2025-05-26,188,742.8,139646.4,18,25136.35,164782.75,CLEAN
INV2025000455,V040,Pioneer Electrical Traders,PO2025000455,GRN2025000455,SKU0001,2026-09-05,215,1000.66,215141.9,18,38725.54,253867.44,CLEAN
INV2025000456,V014,Nova Tech Systems,PO2025000456,GRN2025000456,SKU0032,2025-09-22,214,774.89,165826.46,5,8291.32,174117.78,CLEAN
INV2025000457,V002,BluePeak Office Systems Pvt Ltd,PO2025000457,GRN2025000457,SKU0046,2026-04-16,125,924.68,115585.0,12,13870.2,129455.2,CLEAN
INV2025000458,V005,Evergreen Facility Products,PO2025000458,GRN2025000458,SKU0080,2025-07-03,243,909.65,221044.95,12,26525.39,247570.34,CLEAN
INV2025000459,V033,Innovatech Solutions,PO2025000459,GRN2025000459,SKU0062,2025-12-11,131,730.17,95652.27,5,4782.61,100434.88,CLEAN
INV2025000460,V028,Dynamo Power Systems,PO2025000460,GRN2025000460,SKU0009,2026-08-06,40,911.96,36478.4,5,1823.92,38302.32,CLEAN
INV2025000461,V001,Apex Industrial Supplies Pvt Ltd,PO2025000461,GRN2025000461,SKU0014,2026-02-16,177,1387.18,245530.86,5,12276.54,257807.4,CLEAN
INV2025000462,V014,Nova Tech Systems,PO2025000462,GRN2025000462,SKU0072,2026-04-03,137,623.31,85393.47,5,4269.67,89663.14,CLEAN
INV2025000463,V039,Omkar Facility Products,PO2025000463,GRN2025000463,SKU0080,2025-04-23,23,896.37,20616.51,5,1030.83,21647.34,CLEAN
INV2025000464,V002,BluePeak Office Systems Pvt Ltd,PO2025000464,GRN2025000464,SKU0064,2026-08-16,126,1363.17,171759.42,12,20611.13,192370.55,CLEAN
INV2025000465,V004,Delta Engineering Components,PO2025000465,GRN2025000465,SKU0073,2026-07-07,42,625.83,26284.86,12,3154.18,29439.04,CLEAN
INV2025000466,V008,Horizon IT Distribution,PO2025000466,GRN2025000466,SKU0061,2026-09-16,36,648.47,23344.92,18,4202.09,27547.01,CLEAN
INV2025000467,V017,Quantum Electricals,PO2025000467,GRN2025000467,SKU0021,2026-04-20,187,1197.75,223979.25,18,40316.26,264295.51,CLEAN
INV2025000468,V016,Prime Tools & Components,PO2025000468,GRN2025000468,SKU0074,2026-08-05,201,22530.02,4528534.02,12,543424.08,5071958.1,CLEAN
INV2025000469,V003,Crown Packaging Solutions,PO2025000469,GRN2025000469,SKU0027,2025-06-19,202,366.29,73990.58,5,3699.53,77690.11,CLEAN
INV2025000470,V013,Metro Fasteners,PO2025000470,GRN2025000470,SKU0077,2025-06-06,111,1135.17,126003.87,18,22680.7,148684.57,CLEAN
INV2025000471,V031,Ganga Hardware Traders,PO2025000471,GRN2025000471,SKU0001,2025-11-13,37,915.6,33877.2,5,1693.86,35571.06,CLEAN
INV2025000472,V021,United Process Equipment,PO2025000472,GRN2025000472,SKU0050,2025-01-29,223,19540.65,4357564.95,18,784361.69,5141926.64,CLEAN
INV2025000473,V012,Lotus Packaging India Pvt Ltd,PO2025000473,GRN2025000473,SKU0078,2025-11-26,156,792.95,123700.2,12,14844.02,138544.22,CLEAN
INV2025000475,V005,Evergreen Facility Products,PO2025000475,GRN2025000475,SKU0042,2026-01-14,194,24126.97,4680632.18,12,561675.86,5242308.04,CLEAN
INV2025000476,V009,Indus Mechanical Works,PO2025000476,GRN2025000476,SKU0041,2025-12-12,101,1053.71,106424.71,12,12770.97,119195.68,CLEAN
INV2025000477,V031,Ganga Hardware Traders,,GRN2025000477,SKU0019,2025-09-18,69,516.11,35611.59,5,1780.58,37392.17,MISSING_PO
INV2025000478,V013,Metro Fasteners,PO2025000478,GRN2025000478,SKU0061,2025-07-26,219,624.24,136708.56,18,24607.54,161316.1,CLEAN
INV2025000479,V003,Crown Packaging Solutions,PO2025000479,GRN2025000479,SKU0074,2026-08-06,117,24134.92,2823785.64,5,141189.28,2964974.92,QTY_VARIANCE
INV2025000480,V039,Omkar Facility Products,PO2025000480,GRN2025000480,SKU0031,2025-04-01,145,6586.74,955077.3,5,47753.86,1002831.16,CLEAN
INV2025000481,V032,Helios Controls,PO2025000481,,SKU0071,2025-09-08,82,1489.54,122142.28,18,21985.61,144127.89,MISSING_GRN
INV2025000482,V040,Pioneer Electrical Traders,PO2025000482,GRN2025000482,SKU0035,2026-04-10,123,390.24,47999.52,18,8639.91,56639.43,CLEAN
INV2025000483,V015,Orbit Maintenance Supplies,PO2025000483,GRN2025000483,SKU0031,2026-03-25,11,6979.89,76778.79,18,13820.18,90598.97,CLEAN
INV2025000484,V012,Lotus Packaging India Pvt Ltd,PO2025000484,GRN2025000484,SKU0024,2026-02-01,13,785.11,10206.43,12,1224.77,11431.2,CLEAN
INV2025000485,V040,Pioneer Electrical Traders,PO2025000485,GRN2025000485,SKU0055,2025-12-14,17,1928.84,32790.28,18,5902.25,38692.53,CLEAN
INV2025000486,V029,Eagle Stationery Solutions,PO2025000486,GRN2025000486,SKU0070,2025-05-30,190,800.21,152039.9,18,27367.18,179407.08,CLEAN
INV2025000487,V017,Quantum Electricals,PO2025000487,GRN2025000487,SKU0065,2026-06-03,234,1163.65,272294.1,18,49012.94,321307.04,CLEAN
INV2025000488,V029,Eagle Stationery Solutions,PO2025000488,GRN2025000488,SKU0066,2026-05-17,201,29367.98,5902963.98,18,1062533.52,6965497.5,CLEAN
INV2025000489,V009,Indus Mechanical Works,PO2025000489,GRN2025000489,SKU0073,2025-11-05,144,572.67,82464.48,12,9895.74,92360.22,CLEAN
INV2025000490,V039,Omkar Facility Products,PO2025000490,GRN2025000490,SKU0064,2026-05-17,113,1151.05,130068.65,5,6503.43,136572.08,QTY_OVER_RECEIPT
INV2025000491,V029,Eagle Stationery Solutions,PO2025000491,GRN2025000491,SKU0017,2025-07-07,216,957.56,206832.96,18,37229.93,244062.89,CLEAN
INV2025000492,V021,United Process Equipment,PO2025000492,GRN2025000492,SKU0013,2026-04-17,159,1437.74,228600.66,18,41148.12,269748.78,DUPLICATE
INV2026000492,V021,United Process Equipment,PO2025000492,GRN2025000492,SKU0013,2026-04-26,159,1437.74,228600.66,18,41148.12,269748.78,DUPLICATE
INV2025000493,V007,Gamma Safety Solutions,PO2025000493,GRN2025000493,SKU0080,2025-11-08,83,744.9,61826.7,5,3091.34,64918.04,CLEAN
INV2025000494,V009,Indus Mechanical Works,PO2025000494,GRN2025000494,SKU0027,2025-06-08,155,419.36,65000.8,12,7800.1,72800.9,CLEAN
INV2025000495,V015,Orbit Maintenance Supplies,PO2025000495,GRN2025000495,SKU0040,2025-11-22,177,1144.26,202534.02,18,36456.12,238990.14,CLEAN
INV2025000496,V012,Lotus Packaging India Pvt Ltd,PO2025000496,GRN2025000496,SKU0075,2025-09-30,54,343.21,18533.34,12,2224.0,20757.34,CLEAN
INV2025000497,V001,Apex Industrial Supplies Pvt Ltd,PO2025000497,GRN2025000497,SKU0018,2026-03-09,82,10641.61,872612.02,5,43630.6,916242.62,CLEAN
INV2025000498,V020,Trident Facility Services,PO2025000498,,SKU0063,2026-02-10,105,2645.49,277776.45,12,33333.17,311109.62,MISSING_GRN
INV2025000499,V011,Kaveri Industrial Traders,PO2025000499,GRN2025000499,SKU0002,2025-03-04,41,12047.62,493952.42,18,88911.44,582863.86,CLEAN
INV2025000500,V034,Jade Logistics Supplies,PO2025000500,GRN2025000500,SKU0012,2026-07-07,142,152.37,21636.54,18,3894.58,25531.12,CLEAN
INV2025000501,V006,Falcon Electricals India Pvt Ltd,PO2025000501,GRN2025000501,SKU0055,2026-05-18,211,2239.6,472555.6,5,23627.78,496183.38,CLEAN
INV2025000502,V015,Orbit Maintenance Supplies,PO2025000502,GRN2025000502,SKU0044,2025-07-19,55,127.71,7024.05,18,1264.33,8288.38,CLEAN
INV2025000503,V023,Westline Consumables,PO2025000503,GRN2025000503,SKU0038,2025-07-19,74,526.73,38978.02,12,4677.36,43655.38,CLEAN
INV2025000504,V015,Orbit Maintenance Supplies,PO2025000504,GRN2025000504,SKU0055,2026-06-29,162,2181.08,353334.96,18,63600.29,416935.25,CLEAN
INV2025000505,V026,Bharat Industrial Stores,PO2025000505,GRN2025000505,SKU0057,2025-11-29,60,711.95,42717.0,18,7689.06,50406.06,CLEAN
INV2025000506,V018,Ridgeway Bearings,PO2025000506,GRN2025000506,SKU0049,2025-07-10,56,1237.98,69326.88,5,3466.34,72793.22,CLEAN
INV2025000507,V033,Innovatech Solutions,PO2025000507,GRN2025000507,SKU0003,2026-07-14,116,431.73,50080.68,5,2504.03,52584.71,CLEAN
INV2025000509,V005,Evergreen Facility Products,PO2025000509,GRN2025000509,SKU0052,2025-09-18,53,176.75,9367.75,12,1124.13,10491.88,CLEAN
INV2025000511,V004,Delta Engineering Components,PO2025000511,GRN2025000511,SKU0068,2026-06-24,233,91.72,21370.76,12,2564.49,23935.25,CLEAN
INV2025000512,V034,Jade Logistics Supplies,PO2025000512,GRN2025000512,SKU0074,2026-08-28,145,22089.19,3202932.55,18,576527.86,3779460.41,QTY_VARIANCE
INV2025000513,V033,Innovatech Solutions,PO2025000513,GRN2025000513,SKU0061,2026-03-28,60,659.46,39567.6,5,1978.38,41545.98,CLEAN
INV2025000514,V036,Lumina Office Technologies,PO2025000514,GRN2025000514,SKU0056,2026-06-02,29,708.27,20539.83,18,3697.17,24237.0,CLEAN
INV2025000515,V013,Metro Fasteners,PO2025000515,GRN2025000515,SKU0074,2025-12-19,98,22752.45,2229740.1,18,401353.22,2631093.32,CLEAN
INV2025000516,V014,Nova Tech Systems,PO2025000516,GRN2025000516,SKU0006,2025-06-02,48,437.93,21020.64,5,1051.03,22071.67,CLEAN
INV2025000517,V022,Vertex Automation,PO2025000517,GRN2025000517,SKU0019,2025-11-15,177,474.82,84043.14,18,15127.77,99170.91,CLEAN
INV2025000518,V026,Bharat Industrial Stores,PO2025000518,GRN2025000518,SKU0064,2025-03-16,91,1143.47,104055.77,18,18730.04,122785.81,CLEAN
INV2025000519,V008,Horizon IT Distribution,PO2025000519,GRN2025000519,SKU0026,2025-05-18,187,17212.78,3218789.86,18,579382.17,3798172.03,CLEAN
INV2025000520,V039,Omkar Facility Products,PO2025000520,GRN2025000520,SKU0061,2026-03-28,30,695.19,20855.7,5,1042.79,21898.49,CLEAN
INV2025000521,V005,Evergreen Facility Products,PO2025000521,GRN2025000521,SKU0028,2025-07-22,133,148.06,19691.98,12,2363.04,22055.02,CLEAN
INV2025000522,V004,Delta Engineering Components,PO2025000522,GRN2025000522,SKU0054,2025-05-01,30,617.67,18530.1,12,2223.61,20753.71,QTY_OVER_RECEIPT
INV2025000523,V026,Bharat Industrial Stores,PO2025000523,GRN2025000523,SKU0017,2026-08-14,15,916.58,13748.7,18,2474.77,16223.47,CLEAN
INV2025000524,V003,Crown Packaging Solutions,PO2025000524,GRN2025000524,SKU0047,2025-05-24,60,3730.24,223814.4,5,11190.72,235005.12,CLEAN
INV2025000525,V019,Sigma Industrial Products,PO2025000525,GRN2025000525,SKU0080,2026-07-19,245,847.22,207568.9,12,24908.27,232477.17,PRICE_VARIANCE
INV2025000526,V034,Jade Logistics Supplies,PO2025000526,GRN2025000526,SKU0037,2026-03-30,86,1271.84,109378.24,18,19688.08,129066.32,CLEAN
INV2025000527,V013,Metro Fasteners,PO2025000527,GRN2025000527,SKU0044,2025-12-26,47,133.06,6253.82,18,1125.69,7379.51,CLEAN
INV2025000528,V040,Pioneer Electrical Traders,PO2025000528,GRN2025000528,SKU0014,2025-05-13,233,1153.29,268716.57,18,48368.98,317085.55,CLEAN
INV2025000529,V039,Omkar Facility Products,PO2025000529,GRN2025000529,SKU0008,2025-08-03,181,768.95,139179.95,5,6959.0,146138.95,CLEAN
INV2025000530,V011,Kaveri Industrial Traders,PO2025000530,GRN2025000530,SKU0076,2025-10-25,164,170.13,27901.32,18,5022.24,32923.56,CLEAN
INV2025000531,V031,Ganga Hardware Traders,PO2025000531,GRN2025000531,SKU0052,2025-06-01,137,145.03,19869.11,5,993.46,20862.57,CLEAN
INV2025000532,V002,BluePeak Office Systems Pvt Ltd,PO2025000532,GRN2025000532,SKU0066,2026-08-03,112,28045.78,3141127.36,12,376935.28,3518062.64,CLEAN
INV2025000533,V027,Crest Chemicals,PO2025000533,GRN2025000533,SKU0020,2025-08-26,68,113.58,7723.44,12,926.81,8650.25,CLEAN
INV2025000534,V020,Trident Facility Services,PO2025000534,GRN2025000534,SKU0036,2026-03-02,208,216.18,44965.44,12,5395.85,50361.29,CLEAN
INV2025000535,V020,Trident Facility Services,PO2025000535,GRN2025000535,SKU0078,2026-04-06,177,769.64,136226.28,12,16347.15,152573.43,CLEAN
INV2025000536,V030,Frontier Components,PO2025000536,,SKU0056,2026-06-06,228,658.07,150039.96,18,27007.19,177047.15,MISSING_GRN
INV2025000537,V004,Delta Engineering Components,PO2025000537,GRN2025000537,SKU0003,2026-05-18,103,464.61,47854.83,12,5742.58,53597.41,CLEAN
INV2025000538,V014,Nova Tech Systems,PO2025000538,GRN2025000538,SKU0022,2025-08-06,183,547.91,100267.53,5,5013.38,105280.91,CLEAN
INV2025000539,V007,Gamma Safety Solutions,PO2025000539,GRN2025000539,SKU0006,2026-03-16,46,392.54,18056.84,5,902.84,18959.68,CLEAN
INV2025000540,V009,Indus Mechanical Works,PO2025000540,GRN2025000540,SKU0026,2025-06-09,149,16250.48,2421321.52,12,290558.58,2711880.1,CLEAN
INV2025000541,V018,Ridgeway Bearings,PO2025000541,GRN2025000541,SKU0045,2025-11-21,78,1677.59,130852.02,5,6542.6,137394.62,CLEAN
INV2025000542,V020,Trident Facility Services,PO2025000542,GRN2025000542,SKU0042,2025-08-05,82,25480.36,2089389.52,12,250726.74,2340116.26,CLEAN
INV2025000543,V035,Keystone Industrial Products,PO2025000543,GRN2025000543,SKU0048,2025-09-09,217,1004.67,218013.39,12,26161.61,244175.0,CLEAN
INV2025000544,V017,Quantum Electricals,PO2025000544,GRN2025000544,SKU0031,2025-10-14,250,6247.52,1561880.0,18,281138.4,1843018.4,CLEAN
INV2025000545,V026,Bharat Industrial Stores,PO2025000545,GRN2025000545,SKU0059,2026-05-06,158,212.97,33649.26,18,6056.87,39706.13,CLEAN
INV2025000546,V004,Delta Engineering Components,PO2025000546,GRN2025000546,SKU0069,2026-04-19,178,2284.66,406669.48,12,48800.34,455469.82,CLEAN
INV2025000547,V021,United Process Equipment,PO2025000547,GRN2025000547,SKU0038,2025-10-15,65,474.31,30830.15,18,5549.43,36379.58,CLEAN
INV2025000548,V020,Trident Facility Services,PO2025000548,GRN2025000548,SKU0044,2025-07-25,120,132.38,15885.6,12,1906.27,17791.87,QTY_OVER_RECEIPT
INV2025000549,V019,Sigma Industrial Products,PO2025000549,GRN2025000549,SKU0019,2025-05-22,118,490.88,57923.84,12,6950.86,64874.7,PRICE_VARIANCE
INV2025000551,V011,Kaveri Industrial Traders,PO2025000551,GRN2025000551,SKU0024,2026-04-12,198,898.0,177804.0,18,32004.72,209808.72,CLEAN
INV2025000552,V008,Horizon IT Distribution,PO2025000552,GRN2025000552,SKU0059,2026-05-15,35,227.11,7948.85,18,1430.79,9379.64,QTY_OVER_RECEIPT
INV2025000553,V006,Falcon Electricals India Pvt Ltd,PO2025000553,GRN2025000553,SKU0014,2025-03-08,237,1165.04,276114.48,5,13805.72,289920.2,CLEAN
INV2025000554,V034,Jade Logistics Supplies,PO2025000554,GRN2025000554,SKU0080,2025-11-29,233,902.85,210364.05,18,37865.53,248229.58,CLEAN
INV2025000555,V009,Indus Mechanical Works,PO2025000555,GRN2025000555,SKU0068,2025-04-03,25,103.22,2580.5,12,309.66,2890.16,CLEAN
INV2025000556,V003,Crown Packaging Solutions,PO2025000556,,SKU0060,2025-06-01,191,179.15,34217.65,5,1710.88,35928.53,MISSING_GRN
INV2025000557,V023,Westline Consumables,PO2025000557,GRN2025000557,SKU0007,2026-02-28,86,3068.5,263891.0,12,31666.92,295557.92,CLEAN
INV2025000558,V001,Apex Industrial Supplies Pvt Ltd,PO2025000558,GRN2025000558,SKU0040,2025-04-28,207,1387.01,287111.07,5,14355.55,301466.62,CLEAN
INV2025000559,V023,Westline Consumables,PO2025000559,GRN2025000559,SKU0060,2026-08-31,173,195.87,33885.51,12,4066.26,37951.77,CLEAN
INV2025000560,V007,Gamma Safety Solutions,PO2025000560,GRN2025000560,SKU0065,2026-07-06,102,1214.25,123853.5,5,6192.68,130046.18,CLEAN
INV2025000561,V021,United Process Equipment,PO2025000561,GRN2025000561,SKU0034,2025-07-06,115,11351.99,1305478.85,18,234986.19,1540465.04,DUPLICATE
INV2026000561,V021,United Process Equipment,PO2025000561,GRN2025000561,SKU0034,2025-07-10,115,11351.99,1305478.85,18,234986.19,1540465.04,DUPLICATE
INV2025000562,V007,Gamma Safety Solutions,PO2025000562,GRN2025000562,SKU0015,2025-10-29,134,3475.38,465700.92,5,23285.05,488985.97,CLEAN
INV2025000563,V038,NexGen Components,PO2025000563,GRN2025000563,SKU0023,2026-01-16,240,4926.47,1182352.8,18,212823.5,1395176.3,CLEAN
INV2025000564,V013,Metro Fasteners,PO2025000564,GRN2025000564,SKU0034,2025-11-30,205,13729.53,2814553.65,18,506619.66,3321173.31,CLEAN
INV2025000565,V029,Eagle Stationery Solutions,PO2025000565,GRN2025000565,SKU0069,2025-04-05,54,1898.81,102535.74,18,18456.43,120992.17,CLEAN
INV2025000566,V039,Omkar Facility Products,PO2025000566,GRN2025000566,SKU0001,2026-09-06,90,1001.95,90175.5,5,4508.77,94684.27,CLEAN
INV2025000567,V040,Pioneer Electrical Traders,PO2025000567,GRN2025000567,SKU0018,2025-12-29,249,12318.5,3067306.5,18,552115.17,3619421.67,CLEAN
INV2025000568,V021,United Process Equipment,PO2025000568,GRN2025000568,SKU0065,2025-10-12,102,1155.12,117822.24,18,21208.0,139030.24,CLEAN
INV2025000569,V011,Kaveri Industrial Traders,PO2025000569,GRN2025000569,SKU0058,2025-05-04,250,34949.51,8737377.5,18,1572727.95,10310105.45,CLEAN
INV2025000570,V031,Ganga Hardware Traders,PO2025000570,GRN2025000570,SKU0076,2025-02-12,103,164.53,16946.59,5,847.33,17793.92,CLEAN
INV2025000571,V018,Ridgeway Bearings,PO2025000571,GRN2025000571,SKU0075,2026-06-11,198,370.14,73287.72,5,3664.39,76952.11,CLEAN
INV2025000572,V028,Dynamo Power Systems,PO2025000572,GRN2025000572,SKU0005,2026-05-29,52,610.03,31721.56,5,1586.08,33307.64,CLEAN
INV2025000573,V038,NexGen Components,PO2025000573,GRN2025000573,SKU0009,2026-02-16,235,781.57,183668.95,18,33060.41,216729.36,PRICE_VARIANCE
INV2025000574,V032,Helios Controls,PO2025000574,GRN2025000574,SKU0041,2026-01-18,204,1081.42,220609.68,18,39709.74,260319.42,CLEAN
INV2025000575,V014,Nova Tech Systems,PO2025000575,GRN2025000575,SKU0076,2026-09-25,208,178.55,37138.4,5,1856.92,38995.32,QTY_OVER_RECEIPT
INV2025000576,V027,Crest Chemicals,PO2025000576,GRN2025000576,SKU0047,2025-03-06,84,4025.31,338126.04,12,40575.12,378701.16,CLEAN
INV2025000577,V030,Frontier Components,PO2025000577,GRN2025000577,SKU0061,2025-12-21,233,758.1,176637.3,18,31794.71,208432.01,CLEAN
INV2025000578,V020,Trident Facility Services,PO2025000578,GRN2025000578,SKU0036,2025-04-13,180,189.1,34038.0,12,4084.56,38122.56,CLEAN
INV2025000579,V007,Gamma Safety Solutions,PO2025000579,GRN2025000579,SKU0017,2025-05-16,61,930.03,56731.83,5,2836.59,59568.42,CLEAN
INV2025000580,V013,Metro Fasteners,PO2025000580,GRN2025000580,SKU0018,2025-11-20,28,13214.04,369993.12,18,66598.76,436591.88,CLEAN
INV2025000581,V029,Eagle Stationery Solutions,PO2025000581,,SKU0044,2025-06-01,32,133.82,4282.24,18,770.8,5053.04,MISSING_GRN
INV2025000582,V018,Ridgeway Bearings,PO2025000582,GRN2025000582,SKU0036,2026-04-23,72,212.76,15318.72,5,765.94,16084.66,CLEAN
INV2025000583,V011,Kaveri Industrial Traders,PO2025000583,GRN2025000583,SKU0073,2026-02-02,86,545.21,46888.06,18,8439.85,55327.91,CLEAN
INV2025000584,V003,Crown Packaging Solutions,PO2025000584,GRN2025000584,SKU0019,2025-04-14,158,506.54,80033.32,5,4001.67,84034.99,CLEAN
INV2025000585,V001,Apex Industrial Supplies Pvt Ltd,PO2025000585,,SKU0024,2025-07-17,162,910.34,147475.08,5,7373.75,154848.83,MISSING_GRN
INV2025000586,V016,Prime Tools & Components,PO2025000586,GRN2025000586,SKU0046,2025-04-16,37,763.54,28250.98,12,3390.12,31641.1,CLEAN
INV2025000587,V034,Jade Logistics Supplies,PO2025000587,GRN2025000587,SKU0060,2026-01-08,3,215.62,646.86,18,116.43,763.29,PRICE_VARIANCE
INV2025000588,V013,Metro Fasteners,PO2025000588,GRN2025000588,SKU0013,2026-07-21,170,1353.79,230144.3,18,41425.97,271570.27,CLEAN
INV2025000589,V020,Trident Facility Services,PO2025000589,GRN2025000589,SKU0059,2025-02-09,34,241.38,8206.92,12,984.83,9191.75,CLEAN
INV2025000590,V022,Vertex Automation,PO2025000590,GRN2025000590,SKU0055,2025-04-23,121,1874.22,226780.62,18,40820.51,267601.13,CLEAN
INV2025000592,V036,Lumina Office Technologies,PO2025000592,GRN2025000592,SKU0019,2025-03-03,227,449.9,102127.3,18,18382.91,120510.21,CLEAN
INV2025000593,V015,Orbit Maintenance Supplies,PO2025000593,GRN2025000593,SKU0043,2026-07-30,63,255.89,16121.07,18,2901.79,19022.86,CLEAN
INV2025000594,V032,Helios Controls,PO2025000594,GRN2025000594,SKU0032,2026-07-04,155,843.6,130758.0,18,23536.44,154294.44,CLEAN
INV2025000595,V022,Vertex Automation,PO2025000595,GRN2025000595,SKU0070,2026-07-14,54,648.2,35002.8,18,6300.5,41303.3,CLEAN
INV2025000596,V020,Trident Facility Services,PO2025000596,GRN2025000596,SKU0018,2026-07-10,23,10628.81,244462.63,12,29335.52,273798.15,QTY_VARIANCE
INV2025000597,V019,Sigma Industrial Products,PO2025000597,GRN2025000597,SKU0037,2025-09-24,199,1274.28,253581.72,12,30429.81,284011.53,CLEAN
INV2025000598,V024,Zenith Engineering Supplies,PO2025000598,GRN2025000598,SKU0069,2026-07-09,244,1935.77,472327.88,12,56679.35,529007.23,CLEAN
INV2025000599,V012,Lotus Packaging India Pvt Ltd,PO2025000599,GRN2025000599,SKU0079,2025-06-09,184,3374.08,620830.72,12,74499.69,695330.41,CLEAN
INV2025000600,V030,Frontier Components,PO2025000600,GRN2025000600,SKU0004,2026-04-15,242,171.55,41515.1,18,7472.72,48987.82,CLEAN
INV2025000601,V013,Metro Fasteners,PO2025000601,GRN2025000601,SKU0069,2025-11-15,126,1923.38,242345.88,18,43622.26,285968.14,CLEAN
INV2025000602,V006,Falcon Electricals India Pvt Ltd,PO2025000602,GRN2025000602,SKU0074,2025-02-10,48,25857.57,1241163.36,5,62058.17,1303221.53,CLEAN
INV2025000603,V011,Kaveri Industrial Traders,PO2025000603,GRN2025000603,SKU0017,2025-06-25,33,951.34,31394.22,18,5650.96,37045.18,CLEAN
INV2025000604,V001,Apex Industrial Supplies Pvt Ltd,PO2025000604,GRN2025000604,SKU0028,2025-06-28,40,150.61,6024.4,5,301.22,6325.62,CLEAN
INV2025000605,V029,Eagle Stationery Solutions,PO2025000605,GRN2025000605,SKU0080,2025-06-23,4,989.22,3956.88,18,712.24,4669.12,PRICE_VARIANCE
INV2025000606,V031,Ganga Hardware Traders,,GRN2025000606,SKU0074,2026-01-03,126,25228.31,3178767.06,5,158938.35,3337705.41,MISSING_PO
INV2025000607,V034,Jade Logistics Supplies,PO2025000607,GRN2025000607,SKU0025,2026-06-01,230,699.18,160811.4,18,28946.05,189757.45,CLEAN
INV2025000608,V032,Helios Controls,PO2025000608,GRN2025000608,SKU0060,2026-09-10,169,197.51,33379.19,18,6008.25,39387.44,CLEAN
INV2025000609,V026,Bharat Industrial Stores,PO2025000609,GRN2025000609,SKU0069,2025-06-09,219,2250.92,492951.48,18,88731.27,581682.75,CLEAN
INV2025000610,V040,Pioneer Electrical Traders,PO2025000610,GRN2025000610,SKU0018,2025-05-11,230,11720.45,2695703.5,18,485226.63,3180930.13,CLEAN
INV2025000611,V040,Pioneer Electrical Traders,PO2025000611,GRN2025000611,SKU0030,2026-03-14,187,1028.03,192241.61,18,34603.49,226845.1,CLEAN
INV2025000612,V039,Omkar Facility Products,PO2025000612,GRN2025000612,SKU0035,2025-08-01,20,418.87,8377.4,5,418.87,8796.27,CLEAN
INV2025000613,V006,Falcon Electricals India Pvt Ltd,PO2025000613,GRN2025000613,SKU0045,2025-10-22,130,1423.77,185090.1,5,9254.5,194344.6,CLEAN
INV2025000614,V005,Evergreen Facility Products,PO2025000614,GRN2025000614,SKU0023,2026-06-15,218,4177.34,910660.12,12,109279.21,1019939.33,CLEAN
INV2025000615,V018,Ridgeway Bearings,PO2025000615,GRN2025000615,SKU0043,2025-07-04,177,211.75,37479.75,5,1873.99,39353.74,CLEAN
INV2025000616,V008,Horizon IT Distribution,PO2025000616,GRN2025000616,SKU0044,2025-05-15,32,132.37,4235.84,18,762.45,4998.29,CLEAN
INV2025000617,V040,Pioneer Electrical Traders,PO2025000617,GRN2025000617,SKU0016,2025-06-02,164,639.72,104914.08,18,18884.53,123798.61,CLEAN
INV2025000618,V005,Evergreen Facility Products,PO2025000618,GRN2025000618,SKU0064,2026-07-12,103,1120.23,115383.69,12,13846.04,129229.73,CLEAN
INV2025000619,V028,Dynamo Power Systems,PO2025000619,GRN2025000619,SKU0033,2025-10-24,42,687.85,28889.7,5,1444.48,30334.18,CLEAN
INV2025000620,V014,Nova Tech Systems,PO2025000620,GRN2025000620,SKU0056,2025-06-22,161,679.53,109404.33,5,5470.22,114874.55,QTY_VARIANCE
INV2025000621,V002,BluePeak Office Systems Pvt Ltd,PO2025000621,GRN2025000621,SKU0009,2025-10-01,32,758.07,24258.24,12,2910.99,27169.23,CLEAN
INV2025000622,V031,Ganga Hardware Traders,PO2025000622,GRN2025000622,SKU0080,2025-08-16,88,784.0,68992.0,5,3449.6,72441.6,CLEAN
INV2025000623,V030,Frontier Components,PO2025000623,GRN2025000623,SKU0020,2025-10-09,183,127.31,23297.73,18,4193.59,27491.32,CLEAN
INV2025000624,V010,Jupiter Office Products,PO2025000624,GRN2025000624,SKU0042,2026-07-22,179,26329.43,4712967.97,18,848334.23,5561302.2,QTY_VARIANCE
INV2025000625,V012,Lotus Packaging India Pvt Ltd,PO2025000625,GRN2025000625,SKU0066,2025-03-13,126,24326.73,3065167.98,12,367820.16,3432988.14,CLEAN
INV2025000626,V010,Jupiter Office Products,PO2025000626,GRN2025000626,SKU0035,2026-07-20,111,391.18,43420.98,18,7815.78,51236.76,DUPLICATE
INV2026000626,V010,Jupiter Office Products,PO2025000626,GRN2025000626,SKU0035,2026-07-25,111,391.18,43420.98,18,7815.78,51236.76,DUPLICATE
INV2025000627,V017,Quantum Electricals,PO2025000627,GRN2025000627,SKU0036,2025-05-15,137,188.3,25797.1,18,4643.48,30440.58,CLEAN
INV2025000628,V011,Kaveri Industrial Traders,PO2025000628,GRN2025000628,SKU0021,2025-03-05,152,1305.45,198428.4,18,35717.11,234145.51,CLEAN
INV2025000629,V036,Lumina Office Technologies,PO2025000629,GRN2025000629,SKU0073,2025-09-01,187,586.51,109677.37,18,19741.93,129419.3,CLEAN
INV2025000630,V001,Apex Industrial Supplies Pvt Ltd,PO2025000630,GRN2025000630,SKU0019,2025-10-13,196,450.74,88345.04,5,4417.25,92762.29,CLEAN
INV2025000631,V016,Prime Tools & Components,PO2025000631,GRN2025000631,SKU0070,2026-07-24,29,663.56,19243.24,12,2309.19,21552.43,CLEAN
INV2025000632,V009,Indus Mechanical Works,PO2025000632,GRN2025000632,SKU0044,2025-11-25,105,148.86,15630.3,12,1875.64,17505.94,CLEAN
INV2025000633,V020,Trident Facility Services,PO2025000633,GRN2025000633,SKU0074,2026-06-16,128,22796.35,2917932.8,12,350151.94,3268084.74,CLEAN
INV2025000634,V022,Vertex Automation,PO2025000634,GRN2025000634,SKU0057,2025-02-07,171,732.51,125259.21,18,22546.66,147805.87,QTY_OVER_RECEIPT
INV2025000636,V037,Magnus Tools,PO2025000636,GRN2025000636,SKU0074,2025-06-15,100,25731.45,2573145.0,18,463166.1,3036311.1,CLEAN
INV2025000637,V019,Sigma Industrial Products,PO2025000637,GRN2025000637,SKU0040,2026-05-24,4,1204.14,4816.56,12,577.99,5394.55,CLEAN
INV2025000638,V028,Dynamo Power Systems,PO2025000638,GRN2025000638,SKU0068,2025-12-19,190,95.98,18236.2,5,911.81,19148.01,CLEAN
INV2025000639,V039,Omkar Facility Products,PO2025000639,GRN2025000639,SKU0059,2025-03-11,103,221.67,22832.01,5,1141.6,23973.61,CLEAN
INV2025000640,V035,Keystone Industrial Products,PO2025000640,GRN2025000640,SKU0041,2025-09-06,236,1167.1,275435.6,12,33052.27,308487.87,CLEAN
INV2025000641,V037,Magnus Tools,PO2025000641,GRN2025000641,SKU0045,2025-08-29,179,1445.52,258748.08,18,46574.65,305322.73,CLEAN
INV2025000642,V034,Jade Logistics Supplies,PO2025000642,GRN2025000642,SKU0015,2026-08-27,83,3429.66,284661.78,18,51239.12,335900.9,CLEAN
INV2025000643,V008,Horizon IT Distribution,PO2025000643,GRN2025000643,SKU0027,2026-03-12,207,365.01,75557.07,18,13600.27,89157.34,CLEAN
INV2025000644,V018,Ridgeway Bearings,PO2025000644,GRN2025000644,SKU0034,2026-02-07,70,12608.92,882624.4,5,44131.22,926755.62,CLEAN
INV2025000645,V018,Ridgeway Bearings,PO2025000645,GRN2025000645,SKU0011,2026-04-19,198,441.32,87381.36,5,4369.07,91750.43,QTY_OVER_RECEIPT
INV2025000646,V038,NexGen Components,PO2025000646,GRN2025000646,SKU0042,2025-10-29,173,20919.48,3619070.04,18,651432.61,4270502.65,CLEAN
INV2025000647,V036,Lumina Office Technologies,PO2025000647,GRN2025000647,SKU0075,2026-05-09,216,309.68,66890.88,18,12040.36,78931.24,CLEAN
INV2025000648,V018,Ridgeway Bearings,PO2025000648,GRN2025000648,SKU0028,2025-10-04,133,148.1,19697.3,5,984.87,20682.17,CLEAN
INV2025000649,V023,Westline Consumables,PO2025000649,GRN2025000649,SKU0046,2026-03-15,82,832.46,68261.72,12,8191.41,76453.13,CLEAN
INV2025000650,V025,Arun Safety & PPE,PO2025000650,GRN2025000650,SKU0057,2026-07-11,33,680.55,22458.15,12,2694.98,25153.13,CLEAN
INV2025000651,V040,Pioneer Electrical Traders,PO2025000651,GRN2025000651,SKU0080,2025-07-04,119,780.67,92899.73,18,16721.95,109621.68,CLEAN
INV2025000652,V009,Indus Mechanical Works,PO2025000652,GRN2025000652,SKU0050,2026-08-02,179,19065.88,3412792.52,12,409535.1,3822327.62,CLEAN
INV2025000653,V036,Lumina Office Technologies,PO2025000653,GRN2025000653,SKU0080,2026-01-21,86,751.5,64629.0,18,11633.22,76262.22,CLEAN
INV2025000654,V005,Evergreen Facility Products,PO2025000654,GRN2025000654,SKU0004,2025-09-27,194,175.49,34045.06,12,4085.41,38130.47,CLEAN
INV2025000655,V037,Magnus Tools,PO2025000655,GRN2025000655,SKU0080,2025-09-15,122,782.07,95412.54,18,17174.26,112586.8,CLEAN
INV2025000656,V009,Indus Mechanical Works,PO2025000656,GRN2025000656,SKU0026,2026-03-27,92,16765.53,1542428.76,12,185091.45,1727520.21,CLEAN
INV2025000657,V011,Kaveri Industrial Traders,PO2025000657,GRN2025000657,SKU0052,2025-04-21,196,188.04,36855.84,18,6634.05,43489.89,PRICE_VARIANCE
INV2025000658,V035,Keystone Industrial Products,PO2025000658,GRN2025000658,SKU0051,2026-09-21,234,390.76,91437.84,12,10972.54,102410.38,CLEAN
INV2025000659,V027,Crest Chemicals,PO2025000659,GRN2025000659,SKU0047,2025-06-08,75,3606.32,270474.0,12,32456.88,302930.88,CLEAN
INV2025000660,V021,United Process Equipment,PO2025000660,GRN2025000660,SKU0020,2025-03-11,91,123.37,11226.67,18,2020.8,13247.47,CLEAN
INV2025000661,V009,Indus Mechanical Works,PO2025000661,GRN2025000661,SKU0019,2025-08-14,4,460.38,1841.52,12,220.98,2062.5,CLEAN
INV2025000662,V033,Innovatech Solutions,PO2025000662,GRN2025000662,SKU0006,2025-05-02,80,472.96,37836.8,5,1891.84,39728.64,CLEAN
INV2025000663,V031,Ganga Hardware Traders,PO2025000663,GRN2025000663,SKU0065,2025-07-26,229,1286.0,294494.0,5,14724.7,309218.7,CLEAN
INV2025000664,V008,Horizon IT Distribution,PO2025000664,GRN2025000664,SKU0027,2026-01-16,94,376.32,35374.08,18,6367.33,41741.41,CLEAN
INV2025000665,V020,Trident Facility Services,PO2025000665,GRN2025000665,SKU0029,2026-03-13,150,1630.1,244515.0,12,29341.8,273856.8,CLEAN
INV2025000666,V014,Nova Tech Systems,PO2025000666,GRN2025000666,SKU0018,2025-12-08,167,12786.02,2135265.34,5,106763.27,2242028.61,CLEAN
INV2025000667,V028,Dynamo Power Systems,PO2025000667,GRN2025000667,SKU0053,2026-06-23,176,735.1,129377.6,5,6468.88,135846.48,CLEAN
INV2025000668,V031,Ganga Hardware Traders,PO2025000668,GRN2025000668,SKU0016,2025-03-05,74,646.35,47829.9,5,2391.49,50221.39,CLEAN
INV2025000669,V015,Orbit Maintenance Supplies,PO2025000669,GRN2025000669,SKU0068,2025-12-13,220,100.49,22107.8,18,3979.4,26087.2,CLEAN
INV2025000670,V030,Frontier Components,,GRN2025000670,SKU0048,2025-12-10,5,926.37,4631.85,18,833.73,5465.58,MISSING_PO
INV2025000671,V015,Orbit Maintenance Supplies,PO2025000671,GRN2025000671,SKU0072,2026-04-22,49,623.13,30533.37,18,5496.01,36029.38,CLEAN
INV2025000672,V023,Westline Consumables,PO2025000672,GRN2025000672,SKU0032,2025-10-19,63,885.96,55815.48,12,6697.86,62513.34,CLEAN
INV2025000673,V033,Innovatech Solutions,PO2025000673,GRN2025000673,SKU0019,2026-07-27,107,481.83,51555.81,5,2577.79,54133.6,CLEAN
INV2025000674,V029,Eagle Stationery Solutions,PO2025000674,GRN2025000674,SKU0044,2026-09-11,149,119.0,17731.0,18,3191.58,20922.58,QTY_VARIANCE
INV2025000675,V037,Magnus Tools,PO2025000675,GRN2025000675,SKU0023,2025-12-02,246,4352.95,1070825.7,18,192748.63,1263574.33,CLEAN
INV2025000676,V012,Lotus Packaging India Pvt Ltd,PO2025000676,GRN2025000676,SKU0019,2025-10-26,236,530.38,125169.68,12,15020.36,140190.04,CLEAN
INV2025000677,V006,Falcon Electricals India Pvt Ltd,PO2025000677,GRN2025000677,SKU0074,2026-04-04,211,23590.15,4977521.65,5,248876.08,5226397.73,CLEAN
INV2025000678,V038,NexGen Components,PO2025000678,GRN2025000678,SKU0042,2026-05-06,247,26101.83,6447152.01,18,1160487.36,7607639.37,CLEAN
INV2025000679,V031,Ganga Hardware Traders,PO2025000679,GRN2025000679,SKU0037,2025-09-15,31,1395.91,43273.21,5,2163.66,45436.87,CLEAN
INV2025000680,V034,Jade Logistics Supplies,PO2025000680,GRN2025000680,SKU0019,2025-12-22,205,420.73,86249.65,18,15524.94,101774.59,DUPLICATE
INV2026000680,V034,Jade Logistics Supplies,PO2025000680,GRN2025000680,SKU0019,2025-12-27,205,420.73,86249.65,18,15524.94,101774.59,DUPLICATE
INV2025000681,V033,Innovatech Solutions,PO2025000681,GRN2025000681,SKU0024,2026-01-09,128,957.79,122597.12,5,6129.86,128726.98,CLEAN
INV2025000682,V004,Delta Engineering Components,PO2025000682,GRN2025000682,SKU0010,2025-02-09,232,12909.47,2994997.04,12,359399.64,3354396.68,CLEAN
INV2025000683,V023,Westline Consumables,PO2025000683,GRN2025000683,SKU0025,2025-03-22,109,710.12,77403.08,12,9288.37,86691.45,CLEAN
INV2025000684,V032,Helios Controls,PO2025000684,GRN2025000684,SKU0074,2025-11-27,245,22025.79,5396318.55,18,971337.34,6367655.89,CLEAN
INV2025000685,V039,Omkar Facility Products,PO2025000685,GRN2025000685,SKU0041,2025-12-11,15,1056.47,15847.05,5,792.35,16639.4,CLEAN
INV2025000686,V023,Westline Consumables,PO2025000686,GRN2025000686,SKU0026,2026-04-28,212,15149.23,3211636.76,12,385396.41,3597033.17,CLEAN
INV2025000687,V003,Crown Packaging Solutions,PO2025000687,GRN2025000687,SKU0053,2025-04-05,23,747.94,17202.62,5,860.13,18062.75,CLEAN
INV2025000688,V022,Vertex Automation,PO2025000688,GRN2025000688,SKU0048,2025-08-15,119,1000.58,119069.02,18,21432.42,140501.44,CLEAN
INV2025000689,V017,Quantum Electricals,PO2025000689,GRN2025000689,SKU0025,2026-04-14,126,742.42,93544.92,18,16838.09,110383.01,CLEAN
INV2025000690,V029,Eagle Stationery Solutions,PO2025000690,GRN2025000690,SKU0057,2026-06-09,236,692.32,163387.52,18,29409.75,192797.27,CLEAN
INV2025000691,V001,Apex Industrial Supplies Pvt Ltd,PO2025000691,GRN2025000691,SKU0078,2025-12-12,113,814.54,92043.02,5,4602.15,96645.17,CLEAN
INV2025000692,V003,Crown Packaging Solutions,PO2025000692,GRN2025000692,SKU0027,2025-02-01,171,445.15,76120.65,5,3806.03,79926.68,QTY_VARIANCE
INV2025000693,V007,Gamma Safety Solutions,PO2025000693,GRN2025000693,SKU0054,2025-03-28,221,752.37,166273.77,5,8313.69,174587.46,CLEAN
INV2025000694,V040,Pioneer Electrical Traders,PO2025000694,GRN2025000694,SKU0021,2026-03-12,44,1436.9,63223.6,18,11380.25,74603.85,PRICE_VARIANCE
INV2025000695,V007,Gamma Safety Solutions,PO2025000695,GRN2025000695,SKU0006,2026-04-21,20,429.03,8580.6,5,429.03,9009.63,CLEAN
INV2025000696,V024,Zenith Engineering Supplies,PO2025000696,GRN2025000696,SKU0036,2025-06-04,95,177.32,16845.4,12,2021.45,18866.85,CLEAN
INV2025000697,V035,Keystone Industrial Products,,GRN2025000697,SKU0008,2025-10-19,27,820.14,22143.78,12,2657.25,24801.03,MISSING_PO
INV2025000698,V004,Delta Engineering Components,PO2025000698,GRN2025000698,SKU0019,2026-09-03,201,522.52,105026.52,12,12603.18,117629.7,CLEAN
INV2025000699,V030,Frontier Components,PO2025000699,GRN2025000699,SKU0015,2025-09-10,28,3160.73,88500.44,18,15930.08,104430.52,CLEAN
INV2025000700,V037,Magnus Tools,PO2025000700,GRN2025000700,SKU0021,2026-09-09,116,1383.27,160459.32,18,28882.68,189342.0,CLEAN
INV2025000701,V004,Delta Engineering Components,PO2025000701,GRN2025000701,SKU0039,2026-03-06,14,1689.93,23659.02,12,2839.08,26498.1,CLEAN
INV2025000702,V034,Jade Logistics Supplies,PO2025000702,GRN2025000702,SKU0035,2025-11-28,50,437.49,21874.5,18,3937.41,25811.91,CLEAN
INV2025000703,V011,Kaveri Industrial Traders,PO2025000703,GRN2025000703,SKU0004,2026-04-21,62,199.49,12368.38,18,2226.31,14594.69,CLEAN
INV2025000704,V035,Keystone Industrial Products,PO2025000704,GRN2025000704,SKU0069,2025-10-15,97,2264.57,219663.29,12,26359.59,246022.88,CLEAN
INV2025000705,V031,Ganga Hardware Traders,PO2025000705,GRN2025000705,SKU0077,2025-08-15,77,1335.97,102869.69,5,5143.48,108013.17,CLEAN
INV2025000706,V025,Arun Safety & PPE,PO2025000706,GRN2025000706,SKU0045,2026-07-01,78,1567.95,122300.1,12,14676.01,136976.11,CLEAN
INV2025000707,V038,NexGen Components,PO2025000707,GRN2025000707,SKU0061,2026-09-10,147,760.15,111742.05,18,20113.57,131855.62,CLEAN
INV2025000709,V026,Bharat Industrial Stores,PO2025000709,GRN2025000709,SKU0047,2025-07-22,241,3646.83,878886.03,18,158199.49,1037085.52,CLEAN
INV2025000710,V014,Nova Tech Systems,PO2025000710,GRN2025000710,SKU0056,2025-08-19,25,633.96,15849.0,5,792.45,16641.45,CLEAN
INV2025000711,V004,Delta Engineering Components,PO2025000711,GRN2025000711,SKU0069,2026-06-18,89,1951.65,173696.85,12,20843.62,194540.47,CLEAN
INV2025000712,V037,Magnus Tools,PO2025000712,GRN2025000712,SKU0012,2025-08-24,147,180.2,26489.4,18,4768.09,31257.49,CLEAN
INV2025000713,V015,Orbit Maintenance Supplies,PO2025000713,GRN2025000713,SKU0027,2026-03-29,181,438.76,79415.56,18,14294.8,93710.36,CLEAN
INV2025000714,V002,BluePeak Office Systems Pvt Ltd,,GRN2025000714,SKU0057,2026-01-02,213,673.4,143434.2,12,17212.1,160646.3,MISSING_PO
INV2025000715,V027,Crest Chemicals,PO2025000715,GRN2025000715,SKU0039,2026-08-06,105,1862.01,195511.05,12,23461.33,218972.38,CLEAN
INV2025000716,V038,NexGen Components,PO2025000716,GRN2025000716,SKU0027,2025-10-07,164,437.75,71791.0,18,12922.38,84713.38,CLEAN
INV2025000717,V006,Falcon Electricals India Pvt Ltd,PO2025000717,GRN2025000717,SKU0039,2026-07-28,95,1763.01,167485.95,5,8374.3,175860.25,CLEAN
INV2025000718,V006,Falcon Electricals India Pvt Ltd,PO2025000718,GRN2025000718,SKU0066,2025-02-16,149,27390.42,4081172.58,5,204058.63,4285231.21,CLEAN
INV2025000719,V029,Eagle Stationery Solutions,PO2025000719,GRN2025000719,SKU0047,2026-05-29,37,4030.07,149112.59,18,26840.27,175952.86,QTY_OVER_RECEIPT
INV2025000721,V016,Prime Tools & Components,PO2025000721,GRN2025000721,SKU0001,2025-10-28,31,1080.47,33494.57,12,4019.35,37513.92,PRICE_VARIANCE
INV2025000722,V028,Dynamo Power Systems,PO2025000722,GRN2025000722,SKU0021,2025-05-22,157,1221.07,191707.99,5,9585.4,201293.39,DUPLICATE
INV2026000722,V028,Dynamo Power Systems,PO2025000722,GRN2025000722,SKU0021,2025-05-26,157,1221.07,191707.99,5,9585.4,201293.39,DUPLICATE
INV2025000723,V031,Ganga Hardware Traders,PO2025000723,GRN2025000723,SKU0019,2025-11-26,205,448.65,91973.25,5,4598.66,96571.91,CLEAN
INV2025000724,V012,Lotus Packaging India Pvt Ltd,PO2025000724,GRN2025000724,SKU0038,2025-08-02,9,593.43,5340.87,12,640.9,5981.77,CLEAN
INV2025000725,V031,Ganga Hardware Traders,PO2025000725,GRN2025000725,SKU0063,2025-02-27,3,3087.94,9263.82,5,463.19,9727.01,CLEAN
INV2025000726,V006,Falcon Electricals India Pvt Ltd,PO2025000726,GRN2025000726,SKU0049,2025-02-01,95,1137.91,108101.45,5,5405.07,113506.52,QTY_OVER_RECEIPT
INV2025000727,V034,Jade Logistics Supplies,PO2025000727,GRN2025000727,SKU0039,2025-05-31,13,1645.77,21395.01,18,3851.1,25246.11,CLEAN
INV2025000728,V033,Innovatech Solutions,PO2025000728,GRN2025000728,SKU0023,2026-08-29,120,5425.09,651010.8,5,32550.54,683561.34,PRICE_VARIANCE
INV2025000729,V018,Ridgeway Bearings,,GRN2025000729,SKU0042,2026-04-08,224,26069.49,5839565.76,5,291978.29,6131544.05,MISSING_PO
INV2025000730,V026,Bharat Industrial Stores,PO2025000730,GRN2025000730,SKU0011,2025-03-03,161,430.94,69381.34,18,12488.64,81869.98,CLEAN
INV2025000731,V003,Crown Packaging Solutions,PO2025000731,GRN2025000731,SKU0012,2026-05-17,117,171.04,20011.68,5,1000.58,21012.26,CLEAN
INV2025000732,V003,Crown Packaging Solutions,PO2025000732,GRN2025000732,SKU0063,2025-06-02,229,2548.0,583492.0,5,29174.6,612666.6,CLEAN
INV2025000733,V023,Westline Consumables,PO2025000733,GRN2025000733,SKU0061,2025-01-23,24,655.54,15732.96,12,1887.96,17620.92,CLEAN
INV2025000734,V037,Magnus Tools,PO2025000734,GRN2025000734,SKU0066,2025-04-25,157,27997.46,4395601.22,18,791208.22,5186809.44,CLEAN
INV2025000735,V010,Jupiter Office Products,PO2025000735,,SKU0037,2026-06-26,90,1531.03,137792.7,18,24802.69,162595.39,MISSING_GRN
INV2025000736,V011,Kaveri Industrial Traders,PO2025000736,GRN2025000736,SKU0051,2025-11-19,107,375.49,40177.43,18,7231.94,47409.37,CLEAN
INV2025000737,V017,Quantum Electricals,PO2025000737,GRN2025000737,SKU0013,2026-01-07,115,1507.06,173311.9,18,31196.14,204508.04,CLEAN
INV2025000738,V005,Evergreen Facility Products,PO2025000738,GRN2025000738,SKU0050,2025-04-29,122,17449.04,2128782.88,12,255453.95,2384236.83,CLEAN
INV2025000739,V010,Jupiter Office Products,PO2025000739,GRN2025000739,SKU0037,2026-02-26,15,1514.8,22722.0,18,4089.96,26811.96,CLEAN
INV2025000740,V039,Omkar Facility Products,PO2025000740,GRN2025000740,SKU0059,2025-08-26,120,217.72,26126.4,5,1306.32,27432.72,CLEAN
INV2025000741,V031,Ganga Hardware Traders,PO2025000741,GRN2025000741,SKU0018,2026-02-02,124,10577.47,1311606.28,5,65580.31,1377186.59,CLEAN
INV2025000742,V002,BluePeak Office Systems Pvt Ltd,PO2025000742,GRN2025000742,SKU0045,2026-01-19,74,1701.13,125883.62,12,15106.03,140989.65,CLEAN
INV2025000743,V039,Omkar Facility Products,PO2025000743,GRN2025000743,SKU0006,2025-08-13,89,400.37,35632.93,5,1781.65,37414.58,CLEAN
INV2025000744,V014,Nova Tech Systems,PO2025000744,GRN2025000744,SKU0054,2025-07-16,39,745.11,29059.29,5,1452.96,30512.25,CLEAN
INV2025000745,V031,Ganga Hardware Traders,PO2025000745,GRN2025000745,SKU0020,2026-02-11,166,118.97,19749.02,5,987.45,20736.47,PRICE_VARIANCE
INV2025000746,V014,Nova Tech Systems,PO2025000746,GRN2025000746,SKU0070,2026-07-02,86,651.79,56053.94,5,2802.7,58856.64,CLEAN
INV2025000747,V031,Ganga Hardware Traders,PO2025000747,GRN2025000747,SKU0044,2025-09-05,150,140.15,21022.5,5,1051.12,22073.62,CLEAN
INV2025000748,V023,Westline Consumables,PO2025000748,GRN2025000748,SKU0046,2025-11-27,185,845.53,156423.05,12,18770.77,175193.82,CLEAN
INV2025000749,V023,Westline Consumables,PO2025000749,GRN2025000749,SKU0055,2026-07-31,10,2141.61,21416.1,12,2569.93,23986.03,CLEAN
INV2025000750,V003,Crown Packaging Solutions,PO2025000750,GRN2025000750,SKU0037,2026-08-03,134,1396.22,187093.48,5,9354.67,196448.15,CLEAN
INV2025000751,V018,Ridgeway Bearings,PO2025000751,GRN2025000751,SKU0049,2025-03-03,114,1094.71,124796.94,5,6239.85,131036.79,CLEAN
INV2025000752,V010,Jupiter Office Products,PO2025000752,GRN2025000752,SKU0007,2026-06-19,243,2468.92,599947.56,18,107990.56,707938.12,CLEAN
INV2025000753,V026,Bharat Industrial Stores,PO2025000753,GRN2025000753,SKU0075,2025-02-02,220,360.41,79290.2,18,14272.24,93562.44,CLEAN
INV2025000754,V013,Metro Fasteners,PO2025000754,GRN2025000754,SKU0059,2025-05-10,244,194.43,47440.92,18,8539.37,55980.29,CLEAN
INV2025000755,V011,Kaveri Industrial Traders,PO2025000755,GRN2025000755,SKU0040,2025-02-18,41,1239.95,50837.95,18,9150.83,59988.78,CLEAN
INV2025000756,V025,Arun Safety & PPE,PO2025000756,GRN2025000756,SKU0062,2025-12-27,207,660.35,136692.45,12,16403.09,153095.54,CLEAN
INV2025000757,V018,Ridgeway Bearings,PO2025000757,GRN2025000757,SKU0016,2025-08-30,81,599.33,48545.73,5,2427.29,50973.02,CLEAN
INV2025000758,V030,Frontier Components,PO2025000758,GRN2025000758,SKU0042,2025-02-10,74,21524.88,1592841.12,18,286711.4,1879552.52,CLEAN
INV2025000759,V011,Kaveri Industrial Traders,PO2025000759,GRN2025000759,SKU0029,2026-03-02,121,1794.21,217099.41,18,39077.89,256177.3,CLEAN
INV2025000760,V021,United Process Equipment,PO2025000760,,SKU0047,2025-05-05,247,4083.39,1008597.33,18,181547.52,1190144.85,MISSING_GRN
INV2025000761,V015,Orbit Maintenance Supplies,PO2025000761,GRN2025000761,SKU0060,2026-01-20,214,163.94,35083.16,18,6314.97,41398.13,CLEAN
INV2025000762,V031,Ganga Hardware Traders,PO2025000762,GRN2025000762,SKU0021,2025-12-06,20,1345.28,26905.6,5,1345.28,28250.88,CLEAN
INV2025000763,V005,Evergreen Facility Products,PO2025000763,GRN2025000763,SKU0054,2026-06-25,149,727.96,108466.04,12,13015.92,121481.96,CLEAN
INV2025000764,V031,Ganga Hardware Traders,PO2025000764,GRN2025000764,SKU0008,2025-10-12,203,891.09,180891.27,5,9044.56,189935.83,CLEAN
INV2025000765,V031,Ganga Hardware Traders,PO2025000765,GRN2025000765,SKU0026,2026-09-13,268,14288.91,3829427.88,5,191471.39,4020899.27,QTY_OVER_RECEIPT
INV2025000766,V039,Omkar Facility Products,PO2025000766,GRN2025000766,SKU0009,2026-04-27,192,755.4,145036.8,5,7251.84,152288.64,CLEAN
INV2025000767,V031,Ganga Hardware Traders,PO2025000767,GRN2025000767,SKU0053,2026-09-10,82,826.04,67735.28,5,3386.76,71122.04,CLEAN
INV2025000768,V031,Ganga Hardware Traders,PO2025000768,GRN2025000768,SKU0072,2026-05-09,40,632.41,25296.4,5,1264.82,26561.22,CLEAN
INV2025000769,V010,Jupiter Office Products,PO2025000769,GRN2025000769,SKU0058,2025-02-03,132,38755.58,5115736.56,18,920832.58,6036569.14,CLEAN
INV2025000770,V017,Quantum Electricals,PO2025000770,GRN2025000770,SKU0078,2025-02-21,252,744.56,187629.12,18,33773.24,221402.36,QTY_OVER_RECEIPT
INV2025000771,V025,Arun Safety & PPE,PO2025000771,GRN2025000771,SKU0018,2025-04-16,188,11265.68,2117947.84,12,254153.74,2372101.58,CLEAN
INV2025000772,V037,Magnus Tools,PO2025000772,GRN2025000772,SKU0028,2026-08-15,206,138.51,28533.06,18,5135.95,33669.01,CLEAN
INV2025000773,V015,Orbit Maintenance Supplies,PO2025000773,GRN2025000773,SKU0066,2026-06-02,41,24805.41,1017021.81,18,183063.93,1200085.74,CLEAN
INV2025000774,V002,BluePeak Office Systems Pvt Ltd,PO2025000774,GRN2025000774,SKU0054,2026-01-08,97,608.64,59038.08,12,7084.57,66122.65,CLEAN
INV2025000775,V021,United Process Equipment,PO2025000775,GRN2025000775,SKU0020,2025-03-29,162,128.01,20737.62,18,3732.77,24470.39,CLEAN
INV2025000776,V014,Nova Tech Systems,PO2025000776,GRN2025000776,SKU0011,2025-05-10,30,506.37,15191.1,5,759.55,15950.65,CLEAN
INV2025000777,V023,Westline Consumables,PO2025000777,GRN2025000777,SKU0032,2026-07-26,105,811.21,85177.05,12,10221.25,95398.3,CLEAN
INV2025000778,V036,Lumina Office Technologies,PO2025000778,GRN2025000778,SKU0057,2026-05-16,208,672.16,139809.28,18,25165.67,164974.95,CLEAN
INV2025000779,V021,United Process Equipment,PO2025000779,GRN2025000779,SKU0058,2025-11-11,132,38808.18,5122679.76,18,922082.36,6044762.12,CLEAN
INV2025000780,V021,United Process Equipment,PO2025000780,GRN2025000780,SKU0056,2025-07-23,212,750.41,159086.92,18,28635.65,187722.57,CLEAN
INV2025000781,V030,Frontier Components,PO2025000781,GRN2025000781,SKU0020,2025-08-27,132,125.55,16572.6,18,2983.07,19555.67,CLEAN
INV2025000782,V025,Arun Safety & PPE,PO2025000782,GRN2025000782,SKU0044,2025-06-22,26,145.17,3774.42,12,452.93,4227.35,CLEAN
INV2025000783,V038,NexGen Components,PO2025000783,GRN2025000783,SKU0027,2026-01-29,69,413.19,28510.11,18,5131.82,33641.93,CLEAN
INV2025000784,V029,Eagle Stationery Solutions,PO2025000784,GRN2025000784,SKU0009,2026-09-07,110,943.79,103816.9,18,18687.04,122503.94,CLEAN
INV2025000785,V034,Jade Logistics Supplies,PO2025000785,GRN2025000785,SKU0047,2026-03-03,129,3898.68,502929.72,18,90527.35,593457.07,CLEAN
INV2025000786,V028,Dynamo Power Systems,PO2025000786,GRN2025000786,SKU0059,2026-09-04,141,208.01,29329.41,5,1466.47,30795.88,CLEAN
INV2025000787,V023,Westline Consumables,PO2025000787,,SKU0024,2025-12-31,31,812.8,25196.8,12,3023.62,28220.42,MISSING_GRN
INV2025000788,V001,Apex Industrial Supplies Pvt Ltd,PO2025000788,GRN2025000788,SKU0057,2026-09-19,71,717.04,50909.84,5,2545.49,53455.33,CLEAN
INV2025000789,V016,Prime Tools & Components,PO2025000789,GRN2025000789,SKU0004,2025-09-15,39,168.19,6559.41,12,787.13,7346.54,CLEAN
INV2025000790,V022,Vertex Automation,PO2025000790,GRN2025000790,SKU0068,2025-12-09,8,120.05,960.4,18,172.87,1133.27,PRICE_VARIANCE
INV2025000791,V022,Vertex Automation,PO2025000791,GRN2025000791,SKU0003,2026-03-28,36,480.61,17301.96,18,3114.35,20416.31,CLEAN
INV2025000792,V024,Zenith Engineering Supplies,PO2025000792,GRN2025000792,SKU0024,2026-05-06,35,984.26,34449.1,12,4133.89,38582.99,CLEAN
INV2025000793,V023,Westline Consumables,PO2025000793,GRN2025000793,SKU0048,2026-02-20,133,1120.45,149019.85,12,17882.38,166902.23,CLEAN
INV2025000794,V033,Innovatech Solutions,PO2025000794,GRN2025000794,SKU0025,2025-08-09,124,645.35,80023.4,5,4001.17,84024.57,CLEAN
INV2025000795,V026,Bharat Industrial Stores,PO2025000795,GRN2025000795,SKU0020,2026-06-22,79,110.27,8711.33,18,1568.04,10279.37,CLEAN
INV2025000796,V026,Bharat Industrial Stores,PO2025000796,GRN2025000796,SKU0053,2026-09-04,210,842.3,176883.0,18,31838.94,208721.94,PRICE_VARIANCE
INV2025000797,V007,Gamma Safety Solutions,PO2025000797,GRN2025000797,SKU0005,2025-12-23,168,583.62,98048.16,5,4902.41,102950.57,CLEAN
INV2025000798,V034,Jade Logistics Supplies,PO2025000798,GRN2025000798,SKU0004,2025-11-23,109,189.43,20647.87,18,3716.62,24364.49,CLEAN
INV2025000799,V035,Keystone Industrial Products,PO2025000799,GRN2025000799,SKU0002,2025-03-26,40,11578.98,463159.2,12,55579.1,518738.3,CLEAN
INV2025000800,V006,Falcon Electricals India Pvt Ltd,PO2025000800,GRN2025000800,SKU0023,2025-08-12,156,4830.77,753600.12,5,37680.01,791280.13,CLEAN
INV2025000801,V008,Horizon IT Distribution,PO2025000801,GRN2025000801,SKU0078,2026-03-16,57,889.09,50678.13,18,9122.06,59800.19,CLEAN
INV2025000802,V006,Falcon Electricals India Pvt Ltd,PO2025000802,GRN2025000802,SKU0044,2025-06-27,208,127.98,26619.84,5,1330.99,27950.83,CLEAN
INV2025000803,V022,Vertex Automation,PO2025000803,GRN2025000803,SKU0077,2026-09-08,122,1083.89,132234.58,18,23802.22,156036.8,CLEAN
INV2025000804,V004,Delta Engineering Components,PO2025000804,GRN2025000804,SKU0031,2026-05-03,128,7332.66,938580.48,12,112629.66,1051210.14,CLEAN
INV2025000805,V023,Westline Consumables,PO2025000805,GRN2025000805,SKU0013,2025-12-17,17,1493.25,25385.25,12,3046.23,28431.48,CLEAN
INV2025000806,V016,Prime Tools & Components,PO2025000806,GRN2025000806,SKU0061,2026-09-02,177,600.02,106203.54,12,12744.42,118947.96,DUPLICATE
INV2026000806,V016,Prime Tools & Components,PO2025000806,GRN2025000806,SKU0061,2026-09-07,177,600.02,106203.54,12,12744.42,118947.96,DUPLICATE
INV2025000807,V033,Innovatech Solutions,PO2025000807,GRN2025000807,SKU0042,2026-04-25,107,26337.76,2818140.32,5,140907.02,2959047.34,CLEAN
INV2025000808,V034,Jade Logistics Supplies,PO2025000808,GRN2025000808,SKU0064,2025-04-08,174,1362.57,237087.18,18,42675.69,279762.87,QTY_VARIANCE
INV2025000809,V012,Lotus Packaging India Pvt Ltd,PO2025000809,GRN2025000809,SKU0002,2026-08-05,165,12633.1,2084461.5,12,250135.38,2334596.88,CLEAN
INV2025000810,V032,Helios Controls,PO2025000810,GRN2025000810,SKU0001,2026-04-22,203,1091.13,221499.39,18,39869.89,261369.28,QTY_OVER_RECEIPT
INV2025000811,V011,Kaveri Industrial Traders,PO2025000811,GRN2025000811,SKU0035,2025-11-21,114,426.77,48651.78,18,8757.32,57409.1,QTY_VARIANCE
INV2025000812,V027,Crest Chemicals,PO2025000812,GRN2025000812,SKU0046,2025-06-23,203,940.56,190933.68,12,22912.04,213845.72,CLEAN
INV2025000813,V034,Jade Logistics Supplies,PO2025000813,GRN2025000813,SKU0027,2026-08-13,218,405.31,88357.58,18,15904.36,104261.94,CLEAN
INV2025000814,V004,Delta Engineering Components,PO2025000814,GRN2025000814,SKU0005,2025-10-15,5,556.81,2784.05,12,334.09,3118.14,QTY_OVER_RECEIPT
INV2025000815,V005,Evergreen Facility Products,PO2025000815,GRN2025000815,SKU0069,2025-03-02,49,1894.19,92815.31,12,11137.84,103953.15,CLEAN
INV2025000816,V021,United Process Equipment,PO2025000816,GRN2025000816,SKU0040,2025-03-27,62,1226.87,76065.94,18,13691.87,89757.81,CLEAN
INV2025000817,V006,Falcon Electricals India Pvt Ltd,PO2025000817,GRN2025000817,SKU0049,2025-05-01,231,1118.98,258484.38,5,12924.22,271408.6,QTY_VARIANCE
INV2025000819,V010,Jupiter Office Products,PO2025000819,GRN2025000819,SKU0079,2025-01-20,34,3335.97,113422.98,18,20416.14,133839.12,CLEAN
INV2025000820,V009,Indus Mechanical Works,PO2025000820,GRN2025000820,SKU0077,2025-12-27,104,1320.63,137345.52,12,16481.46,153826.98,PRICE_VARIANCE
INV2025000821,V021,United Process Equipment,PO2025000821,GRN2025000821,SKU0030,2025-04-04,173,1011.3,174954.9,18,31491.88,206446.78,PRICE_VARIANCE
INV2025000822,V002,BluePeak Office Systems Pvt Ltd,PO2025000822,GRN2025000822,SKU0010,2025-03-17,73,13029.62,951162.26,12,114139.47,1065301.73,CLEAN
INV2025000823,V011,Kaveri Industrial Traders,PO2025000823,GRN2025000823,SKU0077,2026-02-24,51,1105.41,56375.91,18,10147.66,66523.57,QTY_OVER_RECEIPT
INV2025000824,V026,Bharat Industrial Stores,PO2025000824,GRN2025000824,SKU0022,2026-02-08,173,611.8,105841.4,18,19051.45,124892.85,CLEAN
INV2025000825,V030,Frontier Components,PO2025000825,GRN2025000825,SKU0024,2026-04-05,51,865.73,44152.23,18,7947.4,52099.63,PRICE_VARIANCE
INV2025000826,V019,Sigma Industrial Products,PO2025000826,GRN2025000826,SKU0025,2026-08-14,39,711.39,27744.21,12,3329.31,31073.52,CLEAN
INV2025000828,V016,Prime Tools & Components,PO2025000828,GRN2025000828,SKU0034,2026-01-02,99,12605.96,1247990.04,12,149758.8,1397748.84,CLEAN
INV2025000829,V039,Omkar Facility Products,,GRN2025000829,SKU0030,2026-09-22,109,841.59,91733.31,5,4586.67,96319.98,MISSING_PO
INV2025000830,V004,Delta Engineering Components,PO2025000830,GRN2025000830,SKU0059,2025-02-13,166,204.39,33928.74,12,4071.45,38000.19,QTY_VARIANCE
INV2025000831,V008,Horizon IT Distribution,PO2025000831,GRN2025000831,SKU0043,2025-11-13,118,232.39,27422.02,18,4935.96,32357.98,CLEAN
INV2025000832,V040,Pioneer Electrical Traders,PO2025000832,GRN2025000832,SKU0034,2025-11-21,79,11860.62,936988.98,18,168658.02,1105647.0,CLEAN
INV2025000833,V016,Prime Tools & Components,PO2025000833,GRN2025000833,SKU0074,2025-02-21,38,20541.31,780569.78,12,93668.37,874238.15,CLEAN
INV2025000834,V024,Zenith Engineering Supplies,PO2025000834,GRN2025000834,SKU0023,2025-04-26,167,4718.71,788024.57,12,94562.95,882587.52,CLEAN
INV2025000835,V018,Ridgeway Bearings,PO2025000835,GRN2025000835,SKU0023,2025-12-19,13,4517.66,58729.58,5,2936.48,61666.06,CLEAN
INV2025000836,V013,Metro Fasteners,PO2025000836,GRN2025000836,SKU0038,2025-10-16,74,533.15,39453.1,18,7101.56,46554.66,CLEAN
INV2025000837,V004,Delta Engineering Components,PO2025000837,GRN2025000837,SKU0067,2026-03-13,23,277.86,6390.78,12,766.89,7157.67,CLEAN
INV2025000838,V002,BluePeak Office Systems Pvt Ltd,PO2025000838,GRN2025000838,SKU0012,2025-05-03,128,188.17,24085.76,12,2890.29,26976.05,CLEAN
INV2025000839,V008,Horizon IT Distribution,PO2025000839,GRN2025000839,SKU0017,2025-11-15,99,968.99,95930.01,18,17267.4,113197.41,CLEAN
INV2025000840,V029,Eagle Stationery Solutions,PO2025000840,GRN2025000840,SKU0020,2025-03-24,222,107.15,23787.3,18,4281.71,28069.01,CLEAN
INV2025000841,V008,Horizon IT Distribution,PO2025000841,GRN2025000841,SKU0006,2025-05-04,201,385.92,77569.92,18,13962.59,91532.51,CLEAN
INV2025000842,V033,Innovatech Solutions,PO2025000842,GRN2025000842,SKU0003,2025-03-13,10,541.8,5418.0,5,270.9,5688.9,PRICE_VARIANCE
INV2025000846,V012,Lotus Packaging India Pvt Ltd,PO2025000846,GRN2025000846,SKU0066,2025-06-02,235,26573.66,6244810.1,12,749377.21,6994187.31,CLEAN
INV2025000847,V004,Delta Engineering Components,PO2025000847,GRN2025000847,SKU0036,2026-06-13,18,209.46,3770.28,12,452.43,4222.71,DUPLICATE
INV2026000847,V004,Delta Engineering Components,PO2025000847,GRN2025000847,SKU0036,2026-06-22,18,209.46,3770.28,12,452.43,4222.71,DUPLICATE
INV2025000848,V006,Falcon Electricals India Pvt Ltd,PO2025000848,GRN2025000848,SKU0056,2025-02-07,127,718.02,91188.54,5,4559.43,95747.97,CLEAN
INV2025000849,V010,Jupiter Office Products,PO2025000849,GRN2025000849,SKU0031,2026-04-09,217,6177.74,1340569.58,18,241302.52,1581872.1,CLEAN
INV2025000850,V011,Kaveri Industrial Traders,PO2025000850,GRN2025000850,SKU0033,2025-03-03,48,664.78,31909.44,18,5743.7,37653.14,CLEAN
INV2025000851,V011,Kaveri Industrial Traders,PO2025000851,GRN2025000851,SKU0035,2026-01-07,85,386.84,32881.4,18,5918.65,38800.05,CLEAN
INV2025000852,V014,Nova Tech Systems,PO2025000852,GRN2025000852,SKU0037,2025-10-01,61,1423.12,86810.32,5,4340.52,91150.84,CLEAN
INV2025000853,V025,Arun Safety & PPE,PO2025000853,GRN2025000853,SKU0074,2025-04-04,192,22767.38,4371336.96,12,524560.44,4895897.4,CLEAN
INV2025000854,V005,Evergreen Facility Products,PO2025000854,GRN2025000854,SKU0041,2026-06-26,119,1144.34,136176.46,12,16341.18,152517.64,CLEAN
INV2025000855,V037,Magnus Tools,PO2025000855,GRN2025000855,SKU0029,2026-02-02,109,1908.19,207992.71,18,37438.69,245431.4,PRICE_VARIANCE
INV2025000856,V013,Metro Fasteners,PO2025000856,GRN2025000856,SKU0057,2026-07-01,72,697.74,50237.28,18,9042.71,59279.99,CLEAN
INV2025000857,V021,United Process Equipment,PO2025000857,GRN2025000857,SKU0057,2025-04-13,219,779.59,170730.21,18,30731.44,201461.65,CLEAN
INV2025000858,V006,Falcon Electricals India Pvt Ltd,PO2025000858,GRN2025000858,SKU0011,2026-08-10,236,441.31,104149.16,5,5207.46,109356.62,QTY_VARIANCE
INV2025000859,V025,Arun Safety & PPE,PO2025000859,GRN2025000859,SKU0006,2026-05-13,116,398.23,46194.68,12,5543.36,51738.04,CLEAN
INV2025000861,V005,Evergreen Facility Products,PO2025000861,GRN2025000861,SKU0017,2025-10-29,163,934.02,152245.26,12,18269.43,170514.69,CLEAN
INV2025000862,V021,United Process Equipment,PO2025000862,GRN2025000862,SKU0043,2026-08-10,41,234.33,9607.53,18,1729.36,11336.89,CLEAN
INV2025000863,V025,Arun Safety & PPE,PO2025000863,GRN2025000863,SKU0043,2026-03-24,168,253.29,42552.72,12,5106.33,47659.05,CLEAN
INV2025000864,V006,Falcon Electricals India Pvt Ltd,PO2025000864,GRN2025000864,SKU0038,2026-07-31,35,523.04,18306.4,5,915.32,19221.72,CLEAN
INV2025000865,V026,Bharat Industrial Stores,PO2025000865,GRN2025000865,SKU0032,2025-04-12,100,755.94,75594.0,18,13606.92,89200.92,CLEAN
INV2025000866,V033,Innovatech Solutions,PO2025000866,GRN2025000866,SKU0066,2026-06-25,58,24236.41,1405711.78,5,70285.59,1475997.37,CLEAN
INV2025000867,V005,Evergreen Facility Products,PO2025000867,GRN2025000867,SKU0024,2025-02-23,72,884.23,63664.56,12,7639.75,71304.31,CLEAN
INV2025000868,V004,Delta Engineering Components,PO2025000868,GRN2025000868,SKU0058,2026-05-27,129,38104.08,4915426.32,12,589851.16,5505277.48,CLEAN
INV2025000869,V002,BluePeak Office Systems Pvt Ltd,PO2025000869,GRN2025000869,SKU0045,2025-10-09,214,1436.3,307368.2,12,36884.18,344252.38,CLEAN
INV2025000870,V003,Crown Packaging Solutions,PO2025000870,GRN2025000870,SKU0049,2026-04-15,248,1172.67,290822.16,5,14541.11,305363.27,CLEAN
INV2025000871,V020,Trident Facility Services,PO2025000871,GRN2025000871,SKU0020,2025-10-24,88,124.58,10963.04,12,1315.56,12278.6,CLEAN
INV2025000872,V030,Frontier Components,PO2025000872,GRN2025000872,SKU0072,2026-08-03,65,592.26,38496.9,18,6929.44,45426.34,CLEAN
INV2025000873,V014,Nova Tech Systems,PO2025000873,GRN2025000873,SKU0068,2026-01-14,41,105.6,4329.6,5,216.48,4546.08,CLEAN
INV2025000874,V010,Jupiter Office Products,PO2025000874,GRN2025000874,SKU0047,2026-03-16,229,4320.88,989481.52,18,178106.67,1167588.19,PRICE_VARIANCE
INV2025000875,V011,Kaveri Industrial Traders,PO2025000875,GRN2025000875,SKU0004,2026-03-15,90,186.54,16788.6,18,3021.95,19810.55,DUPLICATE
INV2026000875,V011,Kaveri Industrial Traders,PO2025000875,GRN2025000875,SKU0004,2026-03-16,90,186.54,16788.6,18,3021.95,19810.55,DUPLICATE
INV2025000877,V010,Jupiter Office Products,PO2025000877,GRN2025000877,SKU0036,2025-08-28,13,205.91,2676.83,18,481.83,3158.66,PRICE_VARIANCE
INV2025000878,V010,Jupiter Office Products,PO2025000878,,SKU0007,2025-07-17,70,3079.4,215558.0,18,38800.44,254358.44,MISSING_GRN
INV2025000879,V019,Sigma Industrial Products,PO2025000879,GRN2025000879,SKU0010,2026-08-24,148,12619.68,1867712.64,12,224125.52,2091838.16,CLEAN
INV2025000880,V029,Eagle Stationery Solutions,PO2025000880,GRN2025000880,SKU0042,2026-02-25,66,25582.66,1688455.56,18,303922.0,1992377.56,CLEAN
INV2025000881,V012,Lotus Packaging India Pvt Ltd,PO2025000881,GRN2025000881,SKU0070,2025-08-29,61,774.04,47216.44,12,5665.97,52882.41,CLEAN
INV2025000882,V028,Dynamo Power Systems,PO2025000882,GRN2025000882,SKU0012,2026-01-10,219,159.24,34873.56,5,1743.68,36617.24,CLEAN
INV2025000883,V024,Zenith Engineering Supplies,PO2025000883,GRN2025000883,SKU0036,2026-08-19,173,203.04,35125.92,12,4215.11,39341.03,CLEAN
INV2025000884,V002,BluePeak Office Systems Pvt Ltd,PO2025000884,GRN2025000884,SKU0043,2026-07-21,162,243.25,39406.5,12,4728.78,44135.28,CLEAN
INV2025000885,V017,Quantum Electricals,PO2025000885,GRN2025000885,SKU0078,2025-02-07,241,902.16,217420.56,18,39135.7,256556.26,CLEAN
INV2025000886,V030,Frontier Components,PO2025000886,GRN2025000886,SKU0021,2026-01-02,2,1483.72,2967.44,18,534.14,3501.58,CLEAN
INV2025000887,V013,Metro Fasteners,PO2025000887,GRN2025000887,SKU0065,2026-09-22,250,1128.22,282055.0,18,50769.9,332824.9,CLEAN
INV2025000888,V023,Westline Consumables,PO2025000888,GRN2025000888,SKU0002,2026-07-04,30,10950.95,328528.5,12,39423.42,367951.92,CLEAN
INV2025000889,V005,Evergreen Facility Products,PO2025000889,GRN2025000889,SKU0018,2025-12-15,30,10603.59,318107.7,12,38172.92,356280.62,QTY_OVER_RECEIPT
INV2025000890,V040,Pioneer Electrical Traders,PO2025000890,GRN2025000890,SKU0058,2025-04-08,77,39311.51,3026986.27,18,544857.53,3571843.8,CLEAN
INV2025000891,V033,Innovatech Solutions,PO2025000891,GRN2025000891,SKU0020,2025-01-20,4,103.6,414.4,5,20.72,435.12,CLEAN
INV2025000892,V009,Indus Mechanical Works,PO2025000892,GRN2025000892,SKU0054,2026-03-01,149,737.23,109847.27,12,13181.67,123028.94,QTY_VARIANCE
INV2025000893,V038,NexGen Components,PO2025000893,GRN2025000893,SKU0057,2025-08-20,199,730.47,145363.53,18,26165.44,171528.97,CLEAN
INV2025000894,V030,Frontier Components,PO2025000894,GRN2025000894,SKU0051,2025-04-06,26,327.02,8502.52,18,1530.45,10032.97,CLEAN
INV2025000895,V024,Zenith Engineering Supplies,PO2025000895,GRN2025000895,SKU0080,2026-02-19,168,831.53,139697.04,12,16763.64,156460.68,CLEAN
INV2025000896,V022,Vertex Automation,PO2025000896,GRN2025000896,SKU0064,2025-07-07,65,1187.04,77157.6,18,13888.37,91045.97,CLEAN
INV2025000897,V032,Helios Controls,PO2025000897,GRN2025000897,SKU0065,2026-08-18,84,1084.17,91070.28,18,16392.65,107462.93,CLEAN
INV2025000898,V026,Bharat Industrial Stores,PO2025000898,GRN2025000898,SKU0055,2025-02-08,20,2071.54,41430.8,18,7457.54,48888.34,CLEAN
INV2025000899,V020,Trident Facility Services,PO2025000899,GRN2025000899,SKU0048,2025-02-12,207,980.64,202992.48,12,24359.1,227351.58,CLEAN
INV2025000900,V019,Sigma Industrial Products,PO2025000900,GRN2025000900,SKU0039,2026-01-13,100,1604.1,160410.0,12,19249.2,179659.2,CLEAN
INV2025000902,V025,Arun Safety & PPE,PO2025000902,GRN2025000902,SKU0005,2025-04-07,87,601.82,52358.34,12,6283.0,58641.34,DUPLICATE
INV2026000902,V025,Arun Safety & PPE,PO2025000902,GRN2025000902,SKU0005,2025-04-13,87,601.82,52358.34,12,6283.0,58641.34,DUPLICATE
INV2025000903,V007,Gamma Safety Solutions,PO2025000903,GRN2025000903,SKU0013,2026-01-26,215,1426.11,306613.65,5,15330.68,321944.33,CLEAN
INV2025000904,V017,Quantum Electricals,PO2025000904,GRN2025000904,SKU0068,2025-11-26,152,96.28,14634.56,18,2634.22,17268.78,QTY_VARIANCE
INV2025000905,V017,Quantum Electricals,PO2025000905,GRN2025000905,SKU0003,2025-09-09,81,424.34,34371.54,18,6186.88,40558.42,CLEAN
INV2025000906,V033,Innovatech Solutions,PO2025000906,GRN2025000906,SKU0061,2026-06-11,57,614.4,35020.8,5,1751.04,36771.84,CLEAN
INV2025000907,V016,Prime Tools & Components,PO2025000907,GRN2025000907,SKU0027,2025-07-16,158,393.16,62119.28,12,7454.31,69573.59,QTY_OVER_RECEIPT
INV2025000908,V025,Arun Safety & PPE,PO2025000908,GRN2025000908,SKU0007,2025-11-30,194,2880.81,558877.14,12,67065.26,625942.4,CLEAN
INV2025000909,V032,Helios Controls,PO2025000909,GRN2025000909,SKU0039,2025-10-15,151,1922.71,290329.21,18,52259.26,342588.47,CLEAN
INV2025000910,V002,BluePeak Office Systems Pvt Ltd,PO2025000910,GRN2025000910,SKU0048,2026-08-03,240,1004.48,241075.2,12,28929.02,270004.22,CLEAN
INV2025000912,V003,Crown Packaging Solutions,PO2025000912,GRN2025000912,SKU0042,2025-12-02,97,23026.62,2233582.14,5,111679.11,2345261.25,CLEAN
INV2025000913,V003,Crown Packaging Solutions,PO2025000913,GRN2025000913,SKU0031,2026-01-01,155,6097.49,945110.95,5,47255.55,992366.5,CLEAN
INV2025000914,V029,Eagle Stationery Solutions,PO2025000914,GRN2025000914,SKU0061,2025-06-13,212,659.53,139820.36,18,25167.66,164988.02,CLEAN
INV2025000915,V008,Horizon IT Distribution,PO2025000915,GRN2025000915,SKU0045,2025-12-02,194,1414.49,274411.06,18,49393.99,323805.05,CLEAN
INV2025000916,V012,Lotus Packaging India Pvt Ltd,PO2025000916,GRN2025000916,SKU0040,2026-06-28,96,1390.75,133512.0,12,16021.44,149533.44,CLEAN
INV2025000917,V035,Keystone Industrial Products,,GRN2025000917,SKU0064,2026-04-15,43,1173.19,50447.17,12,6053.66,56500.83,MISSING_PO
INV2025000918,V031,Ganga Hardware Traders,PO2025000918,GRN2025000918,SKU0051,2026-01-16,50,370.04,18502.0,5,925.1,19427.1,PRICE_VARIANCE
INV2025000919,V020,Trident Facility Services,PO2025000919,GRN2025000919,SKU0030,2025-12-22,185,1028.96,190357.6,12,22842.91,213200.51,CLEAN
INV2025000920,V020,Trident Facility Services,PO2025000920,GRN2025000920,SKU0010,2025-07-05,199,12302.29,2448155.71,12,293778.69,2741934.4,CLEAN
INV2025000921,V026,Bharat Industrial Stores,PO2025000921,GRN2025000921,SKU0072,2026-07-24,195,637.65,124341.75,18,22381.51,146723.26,QTY_OVER_RECEIPT
INV2025000922,V025,Arun Safety & PPE,PO2025000922,GRN2025000922,SKU0018,2025-03-16,100,11156.47,1115647.0,12,133877.64,1249524.64,CLEAN
INV2025000923,V014,Nova Tech Systems,PO2025000923,GRN2025000923,SKU0012,2025-02-04,85,159.39,13548.15,5,677.41,14225.56,CLEAN
INV2025000924,V034,Jade Logistics Supplies,PO2025000924,GRN2025000924,SKU0073,2025-08-30,23,606.87,13958.01,18,2512.44,16470.45,PRICE_VARIANCE
INV2025000925,V027,Crest Chemicals,PO2025000925,GRN2025000925,SKU0046,2025-11-27,171,874.55,149548.05,12,17945.77,167493.82,CLEAN
INV2025000926,V038,NexGen Components,PO2025000926,GRN2025000926,SKU0003,2026-07-29,83,467.7,38819.1,18,6987.44,45806.54,CLEAN
INV2025000927,V004,Delta Engineering Components,PO2025000927,GRN2025000927,SKU0065,2026-04-13,235,1299.02,305269.7,12,36632.36,341902.06,CLEAN
INV2025000928,V012,Lotus Packaging India Pvt Ltd,PO2025000928,GRN2025000928,SKU0050,2025-10-27,82,17074.49,1400108.18,12,168012.98,1568121.16,CLEAN
INV2025000929,V024,Zenith Engineering Supplies,PO2025000929,GRN2025000929,SKU0002,2026-07-10,151,12830.01,1937331.51,12,232479.78,2169811.29,CLEAN
INV2025000930,V003,Crown Packaging Solutions,PO2025000930,GRN2025000930,SKU0039,2026-02-24,194,1899.73,368547.62,5,18427.38,386975.0,CLEAN
INV2025000931,V023,Westline Consumables,PO2025000931,GRN2025000931,SKU0054,2025-09-29,128,715.98,91645.44,12,10997.45,102642.89,CLEAN
INV2025000932,V025,Arun Safety & PPE,PO2025000932,GRN2025000932,SKU0061,2025-05-01,198,666.93,132052.14,12,15846.26,147898.4,CLEAN
INV2025000933,V021,United Process Equipment,PO2025000933,GRN2025000933,SKU0073,2025-03-31,78,626.02,48829.56,18,8789.32,57618.88,CLEAN
INV2025000934,V028,Dynamo Power Systems,PO2025000934,GRN2025000934,SKU0052,2025-02-16,177,174.94,30964.38,5,1548.22,32512.6,CLEAN
INV2025000935,V038,NexGen Components,PO2025000935,GRN2025000935,SKU0040,2025-12-09,138,1302.63,179762.94,18,32357.33,212120.27,CLEAN
INV2025000936,V040,Pioneer Electrical Traders,PO2025000936,GRN2025000936,SKU0058,2026-06-07,230,37081.95,8528848.5,18,1535192.73,10064041.23,CLEAN
INV2025000937,V029,Eagle Stationery Solutions,PO2025000937,GRN2025000937,SKU0022,2025-07-23,168,555.5,93324.0,18,16798.32,110122.32,CLEAN
INV2025000938,V024,Zenith Engineering Supplies,PO2025000938,GRN2025000938,SKU0054,2025-03-28,234,681.63,159501.42,12,19140.17,178641.59,CLEAN
INV2025000939,V023,Westline Consumables,,GRN2025000939,SKU0072,2025-08-28,177,632.26,111910.02,12,13429.2,125339.22,MISSING_PO
INV2025000940,V033,Innovatech Solutions,PO2025000940,GRN2025000940,SKU0061,2026-05-20,3,756.47,2269.41,5,113.47,2382.88,CLEAN
INV2025000941,V031,Ganga Hardware Traders,PO2025000941,GRN2025000941,SKU0079,2026-02-19,49,3077.02,150773.98,5,7538.7,158312.68,CLEAN
INV2025000942,V006,Falcon Electricals India Pvt Ltd,PO2025000942,GRN2025000942,SKU0062,2026-08-06,54,718.68,38808.72,5,1940.44,40749.16,CLEAN
INV2025000943,V035,Keystone Industrial Products,PO2025000943,GRN2025000943,SKU0032,2026-05-04,24,809.96,19439.04,12,2332.68,21771.72,CLEAN
INV2025000945,V024,Zenith Engineering Supplies,PO2025000945,GRN2025000945,SKU0001,2025-09-18,187,914.88,171082.56,12,20529.91,191612.47,CLEAN
INV2025000946,V002,BluePeak Office Systems Pvt Ltd,PO2025000946,GRN2025000946,SKU0041,2026-09-22,128,1141.23,146077.44,12,17529.29,163606.73,CLEAN
INV2025000947,V021,United Process Equipment,PO2025000947,GRN2025000947,SKU0007,2025-06-24,163,3018.14,491956.82,18,88552.23,580509.05,QTY_VARIANCE
INV2025000948,V022,Vertex Automation,PO2025000948,GRN2025000948,SKU0014,2025-11-26,157,1171.85,183980.45,18,33116.48,217096.93,CLEAN
INV2025000949,V001,Apex Industrial Supplies Pvt Ltd,PO2025000949,GRN2025000949,SKU0016,2025-10-15,24,603.84,14492.16,5,724.61,15216.77,CLEAN
INV2025000950,V017,Quantum Electricals,PO2025000950,GRN2025000950,SKU0041,2025-11-13,73,1324.33,96676.09,18,17401.7,114077.79,QTY_VARIANCE
INV2025000951,V016,Prime Tools & Components,PO2025000951,GRN2025000951,SKU0026,2026-06-27,223,16107.34,3591936.82,12,431032.42,4022969.24,CLEAN
INV2025000952,V001,Apex Industrial Supplies Pvt Ltd,PO2025000952,GRN2025000952,SKU0012,2025-02-23,97,182.97,17748.09,5,887.4,18635.49,CLEAN
INV2025000953,V018,Ridgeway Bearings,PO2025000953,GRN2025000953,SKU0008,2026-02-23,196,785.15,153889.4,5,7694.47,161583.87,CLEAN
INV2025000954,V019,Sigma Industrial Products,PO2025000954,GRN2025000954,SKU0037,2026-09-18,89,1528.24,136013.36,12,16321.6,152334.96,CLEAN
INV2025000955,V009,Indus Mechanical Works,PO2025000955,GRN2025000955,SKU0059,2026-05-03,43,204.86,8808.98,12,1057.08,9866.06,CLEAN
INV2025000956,V020,Trident Facility Services,PO2025000956,GRN2025000956,SKU0043,2026-06-19,125,247.22,30902.5,12,3708.3,34610.8,CLEAN
INV2025000957,V014,Nova Tech Systems,PO2025000957,GRN2025000957,SKU0063,2025-01-30,210,2966.24,622910.4,5,31145.52,654055.92,PRICE_VARIANCE
INV2025000958,V011,Kaveri Industrial Traders,PO2025000958,GRN2025000958,SKU0079,2025-12-24,32,3153.75,100920.0,18,18165.6,119085.6,CLEAN
INV2025000959,V022,Vertex Automation,PO2025000959,GRN2025000959,SKU0048,2026-07-24,147,1288.87,189463.89,18,34103.5,223567.39,PRICE_VARIANCE
INV2025000960,V016,Prime Tools & Components,PO2025000960,GRN2025000960,SKU0047,2026-07-07,56,4308.13,241255.28,12,28950.63,270205.91,CLEAN
INV2025000961,V035,Keystone Industrial Products,PO2025000961,GRN2025000961,SKU0078,2025-10-27,102,763.39,77865.78,12,9343.89,87209.67,QTY_VARIANCE
INV2025000962,V020,Trident Facility Services,PO2025000962,GRN2025000962,SKU0019,2025-07-06,195,435.95,85010.25,12,10201.23,95211.48,QTY_OVER_RECEIPT
INV2025000963,V035,Keystone Industrial Products,PO2025000963,GRN2025000963,SKU0046,2026-03-31,38,915.15,34775.7,12,4173.08,38948.78,CLEAN
INV2025000964,V023,Westline Consumables,,GRN2025000964,SKU0003,2026-10-02,210,481.78,101173.8,12,12140.86,113314.66,MISSING_PO
INV2025000965,V039,Omkar Facility Products,PO2025000965,GRN2025000965,SKU0011,2025-04-27,248,469.57,116453.36,5,5822.67,122276.03,CLEAN
INV2025000966,V038,NexGen Components,PO2025000966,GRN2025000966,SKU0028,2026-03-25,165,142.62,23532.3,18,4235.81,27768.11,CLEAN
INV2025000968,V040,Pioneer Electrical Traders,PO2025000968,GRN2025000968,SKU0074,2026-01-15,83,21799.25,1809337.75,18,325680.79,2135018.54,QTY_OVER_RECEIPT
INV2025000969,V017,Quantum Electricals,PO2025000969,GRN2025000969,SKU0080,2025-06-26,161,759.69,122310.09,18,22015.82,144325.91,CLEAN
INV2025000970,V011,Kaveri Industrial Traders,PO2025000970,GRN2025000970,SKU0006,2025-11-22,98,481.63,47199.74,18,8495.95,55695.69,CLEAN
INV2025000971,V029,Eagle Stationery Solutions,PO2025000971,GRN2025000971,SKU0008,2025-09-19,91,726.23,66086.93,18,11895.65,77982.58,CLEAN
INV2025000972,V002,BluePeak Office Systems Pvt Ltd,PO2025000972,GRN2025000972,SKU0004,2026-08-09,45,188.65,8489.25,12,1018.71,9507.96,CLEAN
INV2025000973,V022,Vertex Automation,PO2025000973,GRN2025000973,SKU0066,2026-07-12,18,27648.5,497673.0,18,89581.14,587254.14,CLEAN
INV2025000974,V018,Ridgeway Bearings,PO2025000974,GRN2025000974,SKU0016,2025-04-27,132,588.91,77736.12,5,3886.81,81622.93,CLEAN
INV2025000975,V035,Keystone Industrial Products,PO2025000975,GRN2025000975,SKU0016,2026-05-16,248,614.83,152477.84,12,18297.34,170775.18,CLEAN
INV2025000976,V024,Zenith Engineering Supplies,PO2025000976,GRN2025000976,SKU0063,2026-08-31,92,2882.15,265157.8,12,31818.94,296976.74,CLEAN
INV2025000977,V019,Sigma Industrial Products,PO2025000977,GRN2025000977,SKU0057,2026-03-22,209,744.78,155659.02,12,18679.08,174338.1,CLEAN
INV2025000978,V032,Helios Controls,PO2025000978,GRN2025000978,SKU0050,2025-12-17,129,20688.84,2668860.36,18,480394.86,3149255.22,CLEAN
INV2025000979,V002,BluePeak Office Systems Pvt Ltd,PO2025000979,GRN2025000979,SKU0032,2026-07-30,198,705.95,139778.1,12,16773.37,156551.47,CLEAN
INV2025000980,V001,Apex Industrial Supplies Pvt Ltd,PO2025000980,GRN2025000980,SKU0013,2025-02-23,168,1641.44,275761.92,5,13788.1,289550.02,PRICE_VARIANCE
INV2025000981,V037,Magnus Tools,PO2025000981,GRN2025000981,SKU0068,2026-04-07,59,94.94,5601.46,18,1008.26,6609.72,CLEAN
INV2025000982,V030,Frontier Components,PO2025000982,GRN2025000982,SKU0005,2025-03-15,167,549.54,91773.18,18,16519.17,108292.35,CLEAN
INV2025000983,V005,Evergreen Facility Products,PO2025000983,GRN2025000983,SKU0070,2025-05-16,29,675.66,19594.14,12,2351.3,21945.44,CLEAN
INV2025000984,V040,Pioneer Electrical Traders,PO2025000984,GRN2025000984,SKU0003,2025-03-14,156,463.95,72376.2,18,13027.72,85403.92,CLEAN
INV2025000985,V036,Lumina Office Technologies,PO2025000985,GRN2025000985,SKU0028,2025-12-07,121,126.94,15359.74,18,2764.75,18124.49,CLEAN
INV2025000986,V016,Prime Tools & Components,PO2025000986,GRN2025000986,SKU0010,2025-09-20,181,12032.09,2177808.29,12,261336.99,2439145.28,CLEAN
INV2025000987,V039,Omkar Facility Products,PO2025000987,GRN2025000987,SKU0054,2025-08-05,52,600.41,31221.32,5,1561.07,32782.39,CLEAN
INV2025000988,V030,Frontier Components,PO2025000988,GRN2025000988,SKU0014,2026-08-27,97,1225.98,118920.06,18,21405.61,140325.67,CLEAN
INV2025000989,V036,Lumina Office Technologies,PO2025000989,GRN2025000989,SKU0023,2026-02-17,142,4941.67,701717.14,18,126309.09,828026.23,CLEAN
INV2025000990,V006,Falcon Electricals India Pvt Ltd,PO2025000990,GRN2025000990,SKU0011,2025-12-21,125,518.47,64808.75,5,3240.44,68049.19,CLEAN
INV2025000991,V022,Vertex Automation,PO2025000991,GRN2025000991,SKU0059,2025-11-05,142,197.5,28045.0,18,5048.1,33093.1,CLEAN
INV2025000992,V039,Omkar Facility Products,PO2025000992,GRN2025000992,SKU0010,2025-11-11,223,13232.96,2950950.08,5,147547.5,3098497.58,CLEAN
INV2025000993,V027,Crest Chemicals,PO2025000993,GRN2025000993,SKU0058,2026-05-24,179,39065.49,6992722.71,12,839126.73,7831849.44,CLEAN
INV2025000994,V007,Gamma Safety Solutions,PO2025000994,GRN2025000994,SKU0036,2026-08-10,174,189.78,33021.72,5,1651.09,34672.81,DUPLICATE
INV2026000994,V007,Gamma Safety Solutions,PO2025000994,GRN2025000994,SKU0036,2026-08-15,174,189.78,33021.72,5,1651.09,34672.81,DUPLICATE
INV2025000995,V003,Crown Packaging Solutions,PO2025000995,GRN2025000995,SKU0007,2026-08-30,240,2704.92,649180.8,5,32459.04,681639.84,CLEAN
INV2025000996,V009,Indus Mechanical Works,PO2025000996,GRN2025000996,SKU0006,2025-12-10,31,464.3,14393.3,12,1727.2,16120.5,CLEAN
INV2025000997,V037,Magnus Tools,PO2025000997,GRN2025000997,SKU0021,2025-06-09,5,1243.35,6216.75,18,1119.02,7335.77,CLEAN
INV2025000998,V026,Bharat Industrial Stores,PO2025000998,GRN2025000998,SKU0026,2026-01-19,250,16809.57,4202392.5,18,756430.65,4958823.15,CLEAN
INV2025000999,V009,Indus Mechanical Works,PO2025000999,GRN2025000999,SKU0044,2026-06-11,5,147.9,739.5,12,88.74,828.24,CLEAN
INV2025001000,V012,Lotus Packaging India Pvt Ltd,PO2025001000,GRN2025001000,SKU0059,2026-04-14,25,221.68,5542.0,12,665.04,6207.04,CLEAN
INV2025001001,V029,Eagle Stationery Solutions,PO2025001001,GRN2025001001,SKU0037,2025-05-17,26,1247.14,32425.64,18,5836.62,38262.26,CLEAN
INV2025001002,V020,Trident Facility Services,PO2025001002,GRN2025001002,SKU0015,2026-04-07,249,2948.12,734081.88,12,88089.83,822171.71,CLEAN
INV2025001003,V030,Frontier Components,PO2025001003,GRN2025001003,SKU0058,2026-02-20,35,31985.82,1119503.7,18,201510.67,1321014.37,CLEAN
INV2025001004,V017,Quantum Electricals,PO2025001004,GRN2025001004,SKU0074,2025-09-15,221,24909.55,5505010.55,18,990901.9,6495912.45,CLEAN
INV2025001005,V031,Ganga Hardware Traders,PO2025001005,GRN2025001005,SKU0052,2025-09-01,93,158.37,14728.41,5,736.42,15464.83,CLEAN
INV2025001006,V005,Evergreen Facility Products,PO2025001006,GRN2025001006,SKU0049,2026-04-23,239,1164.38,278286.82,12,33394.42,311681.24,CLEAN
INV2025001007,V022,Vertex Automation,PO2025001007,,SKU0039,2025-04-27,144,1595.33,229727.52,18,41350.95,271078.47,MISSING_GRN
INV2025001008,V038,NexGen Components,PO2025001008,GRN2025001008,SKU0063,2025-07-15,104,2580.93,268416.72,18,48315.01,316731.73,CLEAN
INV2025001009,V002,BluePeak Office Systems Pvt Ltd,PO2025001009,GRN2025001009,SKU0039,2025-10-20,53,1761.6,93364.8,12,11203.78,104568.58,CLEAN
INV2025001010,V016,Prime Tools & Components,PO2025001010,GRN2025001010,SKU0024,2025-02-20,198,836.06,165539.88,12,19864.79,185404.67,CLEAN
INV2025001011,V018,Ridgeway Bearings,PO2025001011,GRN2025001011,SKU0080,2025-07-12,162,748.81,121307.22,5,6065.36,127372.58,CLEAN
INV2025001012,V019,Sigma Industrial Products,PO2025001012,GRN2025001012,SKU0002,2025-03-05,126,12231.97,1541228.22,12,184947.39,1726175.61,CLEAN
INV2025001013,V015,Orbit Maintenance Supplies,PO2025001013,GRN2025001013,SKU0078,2026-03-03,213,978.27,208371.51,18,37506.87,245878.38,PRICE_VARIANCE
INV2025001014,V020,Trident Facility Services,PO2025001014,GRN2025001014,SKU0058,2026-05-20,129,42741.84,5513697.36,12,661643.68,6175341.04,PRICE_VARIANCE
INV2025001015,V002,BluePeak Office Systems Pvt Ltd,PO2025001015,GRN2025001015,SKU0037,2026-08-23,43,1274.81,54816.83,12,6578.02,61394.85,CLEAN
INV2025001016,V037,Magnus Tools,PO2025001016,GRN2025001016,SKU0014,2026-03-21,29,1167.01,33843.29,18,6091.79,39935.08,CLEAN
INV2025001017,V025,Arun Safety & PPE,PO2025001017,GRN2025001017,SKU0041,2025-08-23,206,1081.94,222879.64,12,26745.56,249625.2,CLEAN
INV2025001018,V011,Kaveri Industrial Traders,PO2025001018,GRN2025001018,SKU0079,2025-10-28,139,3818.55,530778.45,18,95540.12,626318.57,PRICE_VARIANCE
INV2025001019,V023,Westline Consumables,PO2025001019,GRN2025001019,SKU0054,2026-03-22,76,630.29,47902.04,12,5748.24,53650.28,CLEAN
INV2025001020,V025,Arun Safety & PPE,PO2025001020,GRN2025001020,SKU0069,2025-06-14,224,2345.24,525333.76,12,63040.05,588373.81,CLEAN
INV2025001021,V040,Pioneer Electrical Traders,PO2025001021,GRN2025001021,SKU0071,2026-08-11,11,1511.46,16626.06,18,2992.69,19618.75,QTY_OVER_RECEIPT
INV2025001022,V009,Indus Mechanical Works,PO2025001022,GRN2025001022,SKU0029,2025-01-27,2,1947.57,3895.14,12,467.42,4362.56,CLEAN
INV2025001023,V028,Dynamo Power Systems,PO2025001023,GRN2025001023,SKU0068,2026-01-15,41,104.26,4274.66,5,213.73,4488.39,CLEAN
INV2025001024,V030,Frontier Components,PO2025001024,GRN2025001024,SKU0050,2025-08-02,98,18481.38,1811175.24,18,326011.54,2137186.78,CLEAN
INV2025001026,V040,Pioneer Electrical Traders,PO2025001026,GRN2025001026,SKU0003,2025-12-10,110,491.32,54045.2,18,9728.14,63773.34,CLEAN
INV2025001027,V032,Helios Controls,PO2025001027,GRN2025001027,SKU0072,2025-10-06,193,603.65,116504.45,18,20970.8,137475.25,CLEAN
INV2025001028,V014,Nova Tech Systems,PO2025001028,GRN2025001028,SKU0024,2025-11-29,101,934.29,94363.29,5,4718.16,99081.45,QTY_VARIANCE
INV2025001029,V017,Quantum Electricals,PO2025001029,GRN2025001029,SKU0028,2025-03-07,43,155.09,6668.87,18,1200.4,7869.27,CLEAN
INV2025001030,V021,United Process Equipment,PO2025001030,GRN2025001030,SKU0076,2026-07-25,157,148.65,23338.05,18,4200.85,27538.9,CLEAN
INV2025001031,V038,NexGen Components,PO2025001031,GRN2025001031,SKU0039,2025-08-31,24,1972.76,47346.24,18,8522.32,55868.56,CLEAN
INV2025001032,V028,Dynamo Power Systems,PO2025001032,GRN2025001032,SKU0038,2025-03-05,87,510.98,44455.26,5,2222.76,46678.02,CLEAN
INV2025001033,V009,Indus Mechanical Works,PO2025001033,GRN2025001033,SKU0079,2025-02-08,103,3661.81,377166.43,12,45259.97,422426.4,CLEAN
INV2025001034,V023,Westline Consumables,PO2025001034,GRN2025001034,SKU0014,2026-09-28,227,1430.67,324762.09,12,38971.45,363733.54,CLEAN
INV2025001035,V031,Ganga Hardware Traders,PO2025001035,GRN2025001035,SKU0034,2026-02-14,160,14341.7,2294672.0,5,114733.6,2409405.6,CLEAN
INV2025001037,V027,Crest Chemicals,PO2025001037,GRN2025001037,SKU0054,2026-01-11,114,732.35,83487.9,12,10018.55,93506.45,CLEAN
INV2025001038,V027,Crest Chemicals,PO2025001038,GRN2025001038,SKU0030,2025-09-25,93,840.45,78161.85,12,9379.42,87541.27,CLEAN
INV2025001039,V012,Lotus Packaging India Pvt Ltd,PO2025001039,GRN2025001039,SKU0047,2025-07-26,81,4153.42,336427.02,12,40371.24,376798.26,CLEAN
INV2025001040,V040,Pioneer Electrical Traders,PO2025001040,GRN2025001040,SKU0045,2026-07-28,161,1501.55,241749.55,18,43514.92,285264.47,CLEAN
INV2025001041,V014,Nova Tech Systems,PO2025001041,GRN2025001041,SKU0054,2025-01-18,110,800.78,88085.8,5,4404.29,92490.09,PRICE_VARIANCE
INV2025001042,V009,Indus Mechanical Works,PO2025001042,GRN2025001042,SKU0067,2026-05-04,193,269.45,52003.85,12,6240.46,58244.31,CLEAN
INV2025001043,V032,Helios Controls,PO2025001043,GRN2025001043,SKU0069,2026-09-06,99,1937.62,191824.38,18,34528.39,226352.77,CLEAN
INV2025001044,V035,Keystone Industrial Products,PO2025001044,GRN2025001044,SKU0036,2025-04-29,61,187.04,11409.44,12,1369.13,12778.57,QTY_OVER_RECEIPT
INV2025001045,V018,Ridgeway Bearings,PO2025001045,GRN2025001045,SKU0044,2025-11-19,169,143.32,24221.08,5,1211.05,25432.13,CLEAN
INV2025001046,V022,Vertex Automation,PO2025001046,GRN2025001046,SKU0001,2025-07-26,143,1058.42,151354.06,18,27243.73,178597.79,CLEAN
INV2025001047,V034,Jade Logistics Supplies,PO2025001047,GRN2025001047,SKU0004,2026-07-28,147,162.47,23883.09,18,4298.96,28182.05,CLEAN
INV2025001048,V015,Orbit Maintenance Supplies,PO2025001048,GRN2025001048,SKU0060,2025-06-16,170,191.53,32560.1,18,5860.82,38420.92,CLEAN
INV2025001049,V016,Prime Tools & Components,PO2025001049,GRN2025001049,SKU0076,2026-03-07,111,147.72,16396.92,12,1967.63,18364.55,CLEAN
INV2025001050,V028,Dynamo Power Systems,PO2025001050,GRN2025001050,SKU0036,2025-05-29,108,185.15,19996.2,5,999.81,20996.01,CLEAN
INV2025001051,V012,Lotus Packaging India Pvt Ltd,PO2025001051,GRN2025001051,SKU0074,2025-06-08,65,25721.38,1671889.7,12,200626.76,1872516.46,CLEAN
INV2025001052,V022,Vertex Automation,PO2025001052,GRN2025001052,SKU0030,2026-03-27,7,873.43,6114.01,18,1100.52,7214.53,CLEAN
INV2025001053,V030,Frontier Components,PO2025001053,GRN2025001053,SKU0072,2026-07-14,13,539.15,7008.95,18,1261.61,8270.56,CLEAN
INV2025001054,V015,Orbit Maintenance Supplies,PO2025001054,GRN2025001054,SKU0009,2025-06-19,187,900.5,168393.5,18,30310.83,198704.33,QTY_VARIANCE
INV2025001055,V035,Keystone Industrial Products,PO2025001055,GRN2025001055,SKU0048,2026-03-16,176,987.7,173835.2,12,20860.22,194695.42,CLEAN
INV2025001056,V015,Orbit Maintenance Supplies,PO2025001056,GRN2025001056,SKU0078,2026-03-21,115,867.48,99760.2,18,17956.84,117717.04,CLEAN
INV2025001057,V025,Arun Safety & PPE,PO2025001057,GRN2025001057,SKU0017,2026-08-08,134,918.31,123053.54,12,14766.42,137819.96,QTY_OVER_RECEIPT
INV2025001058,V028,Dynamo Power Systems,PO2025001058,GRN2025001058,SKU0027,2026-01-19,111,383.26,42541.86,5,2127.09,44668.95,CLEAN
INV2025001059,V014,Nova Tech Systems,PO2025001059,GRN2025001059,SKU0033,2025-06-19,180,691.19,124414.2,5,6220.71,130634.91,CLEAN
INV2025001060,V021,United Process Equipment,PO2025001060,GRN2025001060,SKU0037,2025-05-31,9,1393.06,12537.54,18,2256.76,14794.3,CLEAN
INV2025001061,V011,Kaveri Industrial Traders,PO2025001061,GRN2025001061,SKU0026,2025-05-23,73,17083.35,1247084.55,18,224475.22,1471559.77,QTY_VARIANCE
INV2025001062,V036,Lumina Office Technologies,PO2025001062,GRN2025001062,SKU0040,2025-03-23,187,1262.15,236022.05,18,42483.97,278506.02,CLEAN
INV2025001063,V035,Keystone Industrial Products,PO2025001063,GRN2025001063,SKU0003,2026-09-19,12,422.85,5074.2,12,608.9,5683.1,CLEAN
INV2025001064,V002,BluePeak Office Systems Pvt Ltd,PO2025001064,GRN2025001064,SKU0063,2025-02-06,243,3098.64,752969.52,12,90356.34,843325.86,CLEAN
INV2025001065,V004,Delta Engineering Components,PO2025001065,GRN2025001065,SKU0005,2026-02-26,91,573.45,52183.95,12,6262.07,58446.02,CLEAN
INV2025001066,V019,Sigma Industrial Products,PO2025001066,GRN2025001066,SKU0073,2025-10-18,29,514.74,14927.46,12,1791.3,16718.76,QTY_OVER_RECEIPT
INV2025001067,V039,Omkar Facility Products,PO2025001067,GRN2025001067,SKU0069,2025-07-23,74,2196.56,162545.44,5,8127.27,170672.71,CLEAN
INV2025001068,V008,Horizon IT Distribution,PO2025001068,GRN2025001068,SKU0077,2026-06-15,7,1156.81,8097.67,18,1457.58,9555.25,CLEAN
INV2025001069,V017,Quantum Electricals,PO2025001069,GRN2025001069,SKU0074,2026-08-03,196,25275.53,4954003.88,18,891720.7,5845724.58,CLEAN
INV2025001070,V018,Ridgeway Bearings,PO2025001070,GRN2025001070,SKU0054,2025-10-01,134,779.92,104509.28,5,5225.46,109734.74,PRICE_VARIANCE
INV2025001071,V018,Ridgeway Bearings,PO2025001071,GRN2025001071,SKU0064,2025-07-15,20,1109.14,22182.8,5,1109.14,23291.94,CLEAN
INV2025001072,V013,Metro Fasteners,PO2025001072,GRN2025001072,SKU0062,2025-05-28,12,690.66,8287.92,18,1491.83,9779.75,CLEAN
INV2025001073,V028,Dynamo Power Systems,PO2025001073,GRN2025001073,SKU0041,2026-01-15,35,1310.95,45883.25,5,2294.16,48177.41,CLEAN
INV2025001074,V037,Magnus Tools,PO2025001074,GRN2025001074,SKU0056,2026-02-09,61,637.13,38864.93,18,6995.69,45860.62,QTY_OVER_RECEIPT
INV2025001075,V013,Metro Fasteners,PO2025001075,GRN2025001075,SKU0076,2026-04-12,37,154.28,5708.36,18,1027.5,6735.86,CLEAN
INV2025001076,V028,Dynamo Power Systems,PO2025001076,GRN2025001076,SKU0041,2026-01-09,213,1069.98,227905.74,5,11395.29,239301.03,CLEAN
INV2025001077,V029,Eagle Stationery Solutions,PO2025001077,GRN2025001077,SKU0002,2025-06-28,183,12696.7,2323496.1,18,418229.3,2741725.4,CLEAN
INV2025001078,V006,Falcon Electricals India Pvt Ltd,PO2025001078,GRN2025001078,SKU0072,2025-10-27,232,635.22,147371.04,5,7368.55,154739.59,CLEAN
INV2025001079,V034,Jade Logistics Supplies,PO2025001079,GRN2025001079,SKU0054,2025-11-12,126,685.41,86361.66,18,15545.1,101906.76,CLEAN
INV2025001080,V014,Nova Tech Systems,PO2025001080,GRN2025001080,SKU0011,2025-11-16,94,509.9,47930.6,5,2396.53,50327.13,PRICE_VARIANCE
INV2025001081,V001,Apex Industrial Supplies Pvt Ltd,PO2025001081,GRN2025001081,SKU0057,2025-10-05,108,807.85,87247.8,5,4362.39,91610.19,CLEAN
INV2025001082,V005,Evergreen Facility Products,PO2025001082,GRN2025001082,SKU0029,2025-06-04,2,1637.39,3274.78,12,392.97,3667.75,CLEAN
INV2025001083,V027,Crest Chemicals,PO2025001083,GRN2025001083,SKU0016,2026-01-06,67,714.64,47880.88,12,5745.71,53626.59,CLEAN
INV2025001084,V036,Lumina Office Technologies,PO2025001084,GRN2025001084,SKU0059,2025-08-16,241,221.51,53383.91,18,9609.1,62993.01,CLEAN
INV2025001085,V019,Sigma Industrial Products,PO2025001085,,SKU0001,2026-03-31,217,958.41,207974.97,12,24957.0,232931.97,MISSING_GRN
INV2025001087,V029,Eagle Stationery Solutions,PO2025001087,GRN2025001087,SKU0024,2026-01-01,124,863.47,107070.28,18,19272.65,126342.93,CLEAN
INV2025001088,V029,Eagle Stationery Solutions,PO2025001088,GRN2025001088,SKU0001,2026-01-12,10,929.21,9292.1,18,1672.58,10964.68,CLEAN
INV2025001089,V026,Bharat Industrial Stores,PO2025001089,GRN2025001089,SKU0015,2025-12-25,152,3547.14,539165.28,18,97049.75,636215.03,QTY_VARIANCE
INV2025001091,V018,Ridgeway Bearings,PO2025001091,GRN2025001091,SKU0008,2025-11-28,190,773.07,146883.3,5,7344.16,154227.46,CLEAN
INV2025001092,V013,Metro Fasteners,PO2025001092,GRN2025001092,SKU0007,2026-02-09,137,2506.71,343419.27,18,61815.47,405234.74,QTY_OVER_RECEIPT
INV2025001093,V014,Nova Tech Systems,PO2025001093,GRN2025001093,SKU0060,2025-02-25,28,207.36,5806.08,5,290.3,6096.38,CLEAN
INV2025001094,V004,Delta Engineering Components,PO2025001094,GRN2025001094,SKU0028,2025-10-27,58,131.23,7611.34,12,913.36,8524.7,CLEAN
INV2025001095,V030,Frontier Components,PO2025001095,GRN2025001095,SKU0040,2025-02-02,191,1376.97,263001.27,18,47340.23,310341.5,CLEAN
INV2025001096,V012,Lotus Packaging India Pvt Ltd,PO2025001096,GRN2025001096,SKU0073,2026-08-24,34,511.66,17396.44,12,2087.57,19484.01,CLEAN
INV2025001097,V016,Prime Tools & Components,PO2025001097,GRN2025001097,SKU0030,2025-09-03,237,994.71,235746.27,12,28289.55,264035.82,CLEAN
INV2025001098,V015,Orbit Maintenance Supplies,PO2025001098,GRN2025001098,SKU0063,2026-03-20,55,2757.37,151655.35,18,27297.96,178953.31,CLEAN
INV2025001099,V033,Innovatech Solutions,PO2025001099,GRN2025001099,SKU0065,2025-06-24,18,1185.74,21343.32,5,1067.17,22410.49,CLEAN
INV2025001100,V013,Metro Fasteners,PO2025001100,GRN2025001100,SKU0024,2025-07-02,87,851.73,74100.51,18,13338.09,87438.6,CLEAN
INV2025001101,V011,Kaveri Industrial Traders,PO2025001101,GRN2025001101,SKU0012,2026-06-02,225,170.81,38432.25,18,6917.81,45350.06,CLEAN
INV2025001102,V036,Lumina Office Technologies,PO2025001102,GRN2025001102,SKU0026,2026-09-20,64,14708.0,941312.0,18,169436.16,1110748.16,CLEAN
INV2025001103,V016,Prime Tools & Components,,GRN2025001103,SKU0016,2025-06-08,78,626.97,48903.66,12,5868.44,54772.1,MISSING_PO
INV2025001104,V040,Pioneer Electrical Traders,PO2025001104,GRN2025001104,SKU0013,2025-09-25,210,1561.85,327988.5,18,59037.93,387026.43,CLEAN
INV2025001105,V004,Delta Engineering Components,PO2025001105,GRN2025001105,SKU0055,2026-02-18,61,2123.96,129561.56,12,15547.39,145108.95,CLEAN
INV2025001106,V031,Ganga Hardware Traders,PO2025001106,GRN2025001106,SKU0018,2025-02-10,135,13252.48,1789084.8,5,89454.24,1878539.04,CLEAN
INV2025001107,V025,Arun Safety & PPE,PO2025001107,GRN2025001107,SKU0016,2026-03-18,224,585.55,131163.2,12,15739.58,146902.78,CLEAN
INV2025001108,V025,Arun Safety & PPE,PO2025001108,GRN2025001108,SKU0037,2025-10-27,240,1219.48,292675.2,12,35121.02,327796.22,CLEAN
INV2025001109,V040,Pioneer Electrical Traders,PO2025001109,GRN2025001109,SKU0030,2026-04-08,101,909.38,91847.38,18,16532.53,108379.91,CLEAN
INV2025001110,V031,Ganga Hardware Traders,PO2025001110,GRN2025001110,SKU0054,2026-06-26,153,632.87,96829.11,5,4841.46,101670.57,CLEAN
INV2025001111,V032,Helios Controls,PO2025001111,GRN2025001111,SKU0065,2026-08-22,74,1250.3,92522.2,18,16654.0,109176.2,QTY_VARIANCE
INV2025001112,V028,Dynamo Power Systems,PO2025001112,GRN2025001112,SKU0013,2025-05-14,7,1549.5,10846.5,5,542.33,11388.83,CLEAN
INV2025001113,V037,Magnus Tools,PO2025001113,GRN2025001113,SKU0074,2026-07-17,3,29930.04,89790.12,18,16162.22,105952.34,PRICE_VARIANCE
INV2025001114,V015,Orbit Maintenance Supplies,PO2025001114,GRN2025001114,SKU0015,2026-09-23,73,3550.61,259194.53,18,46655.02,305849.55,CLEAN
INV2025001115,V003,Crown Packaging Solutions,,GRN2025001115,SKU0003,2025-02-14,131,409.62,53660.22,5,2683.01,56343.23,MISSING_PO
INV2025001116,V028,Dynamo Power Systems,PO2025001116,GRN2025001116,SKU0043,2026-04-21,152,251.96,38297.92,5,1914.9,40212.82,CLEAN
INV2025001117,V004,Delta Engineering Components,PO2025001117,GRN2025001117,SKU0034,2026-08-28,146,14257.38,2081577.48,12,249789.3,2331366.78,CLEAN
INV2025001118,V014,Nova Tech Systems,PO2025001118,GRN2025001118,SKU0031,2025-05-15,81,7185.78,582048.18,5,29102.41,611150.59,CLEAN
INV2025001119,V017,Quantum Electricals,PO2025001119,GRN2025001119,SKU0062,2026-07-30,210,666.45,139954.5,18,25191.81,165146.31,QTY_OVER_RECEIPT
INV2025001120,V026,Bharat Industrial Stores,PO2025001120,GRN2025001120,SKU0014,2025-04-22,101,1424.37,143861.37,18,25895.05,169756.42,CLEAN
INV2025001121,V005,Evergreen Facility Products,PO2025001121,GRN2025001121,SKU0037,2026-05-03,4,1557.31,6229.24,12,747.51,6976.75,PRICE_VARIANCE
INV2025001122,V040,Pioneer Electrical Traders,PO2025001122,GRN2025001122,SKU0057,2025-05-03,99,700.39,69338.61,18,12480.95,81819.56,CLEAN
INV2025001123,V017,Quantum Electricals,,GRN2025001123,SKU0054,2026-02-02,64,751.74,48111.36,18,8660.04,56771.4,MISSING_PO
INV2025001124,V021,United Process Equipment,PO2025001124,GRN2025001124,SKU0044,2025-09-04,230,145.05,33361.5,18,6005.07,39366.57,CLEAN
INV2025001125,V038,NexGen Components,PO2025001125,GRN2025001125,SKU0006,2026-05-23,235,472.35,111002.25,18,19980.4,130982.65,CLEAN
INV2025001126,V031,Ganga Hardware Traders,PO2025001126,GRN2025001126,SKU0039,2025-07-30,49,1854.29,90860.21,5,4543.01,95403.22,CLEAN
INV2025001127,V012,Lotus Packaging India Pvt Ltd,PO2025001127,GRN2025001127,SKU0067,2025-08-30,29,266.98,7742.42,12,929.09,8671.51,CLEAN
INV2025001128,V037,Magnus Tools,PO2025001128,GRN2025001128,SKU0029,2025-12-25,209,2040.26,426414.34,18,76754.58,503168.92,PRICE_VARIANCE
INV2025001129,V017,Quantum Electricals,PO2025001129,GRN2025001129,SKU0071,2026-04-21,195,1358.84,264973.8,18,47695.28,312669.08,QTY_VARIANCE
INV2025001130,V036,Lumina Office Technologies,PO2025001130,GRN2025001130,SKU0002,2025-04-21,202,12700.81,2565563.62,18,461801.45,3027365.07,CLEAN
INV2025001131,V023,Westline Consumables,PO2025001131,GRN2025001131,SKU0070,2025-04-10,78,687.2,53601.6,12,6432.19,60033.79,CLEAN
INV2025001132,V022,Vertex Automation,PO2025001132,GRN2025001132,SKU0072,2025-09-29,65,580.95,37761.75,18,6797.11,44558.86,CLEAN
INV2025001133,V017,Quantum Electricals,PO2025001133,GRN2025001133,SKU0054,2025-11-20,33,611.99,20195.67,18,3635.22,23830.89,CLEAN
INV2025001134,V016,Prime Tools & Components,PO2025001134,GRN2025001134,SKU0025,2026-01-09,142,712.08,101115.36,12,12133.84,113249.2,CLEAN
INV2025001136,V036,Lumina Office Technologies,PO2025001136,GRN2025001136,SKU0064,2025-10-18,127,1138.66,144609.82,18,26029.77,170639.59,CLEAN
INV2025001137,V012,Lotus Packaging India Pvt Ltd,PO2025001137,GRN2025001137,SKU0016,2025-08-06,179,704.22,126055.38,12,15126.65,141182.03,CLEAN
INV2025001138,V026,Bharat Industrial Stores,PO2025001138,GRN2025001138,SKU0024,2025-07-14,21,955.88,20073.48,18,3613.23,23686.71,CLEAN
INV2025001139,V001,Apex Industrial Supplies Pvt Ltd,PO2025001139,GRN2025001139,SKU0068,2025-12-07,165,108.38,17882.7,5,894.13,18776.83,CLEAN
INV2025001140,V023,Westline Consumables,PO2025001140,GRN2025001140,SKU0078,2026-01-16,149,738.75,110073.75,12,13208.85,123282.6,CLEAN
INV2025001141,V027,Crest Chemicals,PO2025001141,GRN2025001141,SKU0063,2025-07-22,66,2998.06,197871.96,12,23744.64,221616.6,CLEAN
INV2025001142,V019,Sigma Industrial Products,PO2025001142,GRN2025001142,SKU0034,2026-08-14,217,11355.9,2464230.3,12,295707.64,2759937.94,CLEAN
INV2025001143,V040,Pioneer Electrical Traders,PO2025001143,GRN2025001143,SKU0076,2026-01-14,25,150.09,3752.25,18,675.4,4427.65,CLEAN
INV2025001144,V012,Lotus Packaging India Pvt Ltd,PO2025001144,GRN2025001144,SKU0072,2025-12-24,134,577.52,77387.68,12,9286.52,86674.2,CLEAN
INV2025001145,V024,Zenith Engineering Supplies,PO2025001145,GRN2025001145,SKU0041,2025-02-09,99,1188.5,117661.5,12,14119.38,131780.88,CLEAN
INV2025001146,V033,Innovatech Solutions,PO2025001146,GRN2025001146,SKU0034,2026-05-26,8,12159.29,97274.32,5,4863.72,102138.04,CLEAN
INV2025001147,V033,Innovatech Solutions,PO2025001147,GRN2025001147,SKU0065,2025-03-29,5,1079.1,5395.5,5,269.77,5665.27,CLEAN
INV2025001148,V031,Ganga Hardware Traders,PO2025001148,GRN2025001148,SKU0006,2025-07-29,201,455.87,91629.87,5,4581.49,96211.36,CLEAN
INV2025001149,V036,Lumina Office Technologies,PO2025001149,GRN2025001149,SKU0049,2026-01-30,103,1059.44,109122.32,18,19642.02,128764.34,CLEAN
INV2025001150,V032,Helios Controls,PO2025001150,GRN2025001150,SKU0013,2026-07-10,151,1558.65,235356.15,18,42364.11,277720.26,CLEAN
INV2025001151,V021,United Process Equipment,PO2025001151,GRN2025001151,SKU0069,2025-08-15,73,2148.01,156804.73,18,28224.85,185029.58,CLEAN
INV2025001152,V025,Arun Safety & PPE,PO2025001152,GRN2025001152,SKU0075,2025-06-13,42,345.31,14503.02,12,1740.36,16243.38,CLEAN
INV2025001153,V020,Trident Facility Services,PO2025001153,GRN2025001153,SKU0034,2025-09-14,29,13855.5,401809.5,12,48217.14,450026.64,CLEAN
INV2025001154,V018,Ridgeway Bearings,PO2025001154,GRN2025001154,SKU0004,2026-07-31,51,202.24,10314.24,5,515.71,10829.95,CLEAN
INV2025001156,V013,Metro Fasteners,PO2025001156,GRN2025001156,SKU0068,2025-08-23,133,103.21,13726.93,18,2470.85,16197.78,CLEAN
INV2025001157,V027,Crest Chemicals,PO2025001157,GRN2025001157,SKU0029,2026-03-08,40,1834.02,73360.8,12,8803.3,82164.1,CLEAN
INV2025001158,V030,Frontier Components,PO2025001158,GRN2025001158,SKU0073,2026-07-05,146,527.44,77006.24,18,13861.12,90867.36,CLEAN
INV2025001159,V015,Orbit Maintenance Supplies,PO2025001159,GRN2025001159,SKU0074,2025-11-08,208,24771.25,5152420.0,18,927435.6,6079855.6,CLEAN
INV2025001160,V033,Innovatech Solutions,PO2025001160,GRN2025001160,SKU0036,2026-08-18,53,176.59,9359.27,5,467.96,9827.23,CLEAN
INV2025001161,V007,Gamma Safety Solutions,PO2025001161,GRN2025001161,SKU0009,2025-08-28,54,742.75,40108.5,5,2005.42,42113.92,CLEAN
INV2025001162,V018,Ridgeway Bearings,PO2025001162,GRN2025001162,SKU0078,2026-02-13,5,745.91,3729.55,5,186.48,3916.03,CLEAN
INV2025001163,V031,Ganga Hardware Traders,PO2025001163,GRN2025001163,SKU0067,2026-02-16,166,267.65,44429.9,5,2221.49,46651.39,CLEAN
INV2025001164,V012,Lotus Packaging India Pvt Ltd,PO2025001164,GRN2025001164,SKU0037,2026-03-06,162,1285.73,208288.26,12,24994.59,233282.85,DUPLICATE
INV2026001164,V012,Lotus Packaging India Pvt Ltd,PO2025001164,GRN2025001164,SKU0037,2026-03-08,162,1285.73,208288.26,12,24994.59,233282.85,DUPLICATE
INV2025001165,V008,Horizon IT Distribution,PO2025001165,GRN2025001165,SKU0059,2026-04-09,162,194.36,31486.32,18,5667.54,37153.86,CLEAN
INV2025001166,V034,Jade Logistics Supplies,PO2025001166,GRN2025001166,SKU0015,2026-06-24,182,3544.62,645120.84,18,116121.75,761242.59,CLEAN
INV2025001167,V033,Innovatech Solutions,PO2025001167,GRN2025001167,SKU0004,2026-07-12,77,201.07,15482.39,5,774.12,16256.51,CLEAN
INV2025001168,V016,Prime Tools & Components,PO2025001168,GRN2025001168,SKU0001,2026-08-08,160,883.16,141305.6,12,16956.67,158262.27,CLEAN
INV2025001169,V008,Horizon IT Distribution,PO2025001169,GRN2025001169,SKU0002,2025-04-02,72,12947.18,932196.96,18,167795.45,1099992.41,CLEAN
INV2025001170,V026,Bharat Industrial Stores,PO2025001170,GRN2025001170,SKU0055,2025-04-04,63,2083.95,131288.85,18,23631.99,154920.84,CLEAN
INV2025001171,V017,Quantum Electricals,PO2025001171,GRN2025001171,SKU0010,2025-06-07,87,11719.3,1019579.1,18,183524.24,1203103.34,CLEAN
INV2025001172,V013,Metro Fasteners,PO2025001172,GRN2025001172,SKU0022,2025-09-14,41,641.95,26319.95,18,4737.59,31057.54,CLEAN
INV2025001173,V012,Lotus Packaging India Pvt Ltd,PO2025001173,GRN2025001173,SKU0048,2025-06-30,213,941.38,200513.94,12,24061.67,224575.61,QTY_VARIANCE
INV2025001174,V030,Frontier Components,PO2025001174,GRN2025001174,SKU0003,2026-05-14,58,478.28,27740.24,18,4993.24,32733.48,CLEAN
INV2025001175,V025,Arun Safety & PPE,PO2025001175,GRN2025001175,SKU0025,2026-06-21,74,638.31,47234.94,12,5668.19,52903.13,CLEAN
INV2025001176,V034,Jade Logistics Supplies,PO2025001176,GRN2025001176,SKU0046,2025-07-29,37,764.68,28293.16,18,5092.77,33385.93,DUPLICATE
INV2026001176,V034,Jade Logistics Supplies,PO2025001176,GRN2025001176,SKU0046,2025-08-02,37,764.68,28293.16,18,5092.77,33385.93,DUPLICATE
INV2025001177,V010,Jupiter Office Products,PO2025001177,GRN2025001177,SKU0010,2025-10-10,70,12752.31,892661.7,18,160679.11,1053340.81,CLEAN
INV2025001178,V024,Zenith Engineering Supplies,PO2025001178,GRN2025001178,SKU0011,2026-01-09,11,422.35,4645.85,12,557.5,5203.35,CLEAN
INV2025001179,V004,Delta Engineering Components,PO2025001179,GRN2025001179,SKU0058,2025-09-09,2,36967.39,73934.78,12,8872.17,82806.95,PRICE_VARIANCE
INV2025001181,V038,NexGen Components,PO2025001181,GRN2025001181,SKU0055,2025-08-23,29,2034.95,59013.55,18,10622.44,69635.99,CLEAN
INV2025001182,V016,Prime Tools & Components,PO2025001182,GRN2025001182,SKU0077,2026-05-03,20,1362.87,27257.4,12,3270.89,30528.29,PRICE_VARIANCE
INV2025001183,V026,Bharat Industrial Stores,PO2025001183,GRN2025001183,SKU0054,2025-05-16,184,686.41,126299.44,18,22733.9,149033.34,CLEAN
INV2025001184,V035,Keystone Industrial Products,PO2025001184,GRN2025001184,SKU0064,2026-01-01,115,1211.22,139290.3,12,16714.84,156005.14,CLEAN
INV2025001185,V010,Jupiter Office Products,PO2025001185,GRN2025001185,SKU0040,2025-05-07,41,1179.33,48352.53,18,8703.46,57055.99,CLEAN
INV2025001186,V011,Kaveri Industrial Traders,PO2025001186,GRN2025001186,SKU0068,2025-09-15,198,104.43,20677.14,18,3721.89,24399.03,QTY_OVER_RECEIPT
INV2025001187,V039,Omkar Facility Products,PO2025001187,GRN2025001187,SKU0045,2026-03-13,124,1592.63,197486.12,5,9874.31,207360.43,CLEAN
INV2025001188,V032,Helios Controls,PO2025001188,GRN2025001188,SKU0002,2025-06-12,49,10632.31,520983.19,18,93776.97,614760.16,CLEAN
INV2025001189,V010,Jupiter Office Products,PO2025001189,GRN2025001189,SKU0007,2026-02-26,95,2964.69,281645.55,18,50696.2,332341.75,CLEAN
INV2025001190,V030,Frontier Components,PO2025001190,GRN2025001190,SKU0031,2026-01-12,120,6979.87,837584.4,18,150765.19,988349.59,CLEAN
INV2025001191,V008,Horizon IT Distribution,PO2025001191,GRN2025001191,SKU0060,2025-03-26,244,198.08,48331.52,18,8699.67,57031.19,CLEAN
INV2025001193,V024,Zenith Engineering Supplies,PO2025001193,GRN2025001193,SKU0076,2025-09-07,68,178.01,12104.68,12,1452.56,13557.24,CLEAN
INV2025001194,V031,Ganga Hardware Traders,PO2025001194,GRN2025001194,SKU0052,2026-05-06,155,173.95,26962.25,5,1348.11,28310.36,CLEAN
INV2025001195,V001,Apex Industrial Supplies Pvt Ltd,PO2025001195,GRN2025001195,SKU0006,2026-03-08,140,391.42,54798.8,5,2739.94,57538.74,CLEAN
INV2025001196,V012,Lotus Packaging India Pvt Ltd,PO2025001196,GRN2025001196,SKU0059,2026-08-10,45,226.85,10208.25,12,1224.99,11433.24,CLEAN
INV2025001198,V032,Helios Controls,PO2025001198,GRN2025001198,SKU0022,2025-09-12,49,523.9,25671.1,18,4620.8,30291.9,CLEAN
INV2025001199,V008,Horizon IT Distribution,PO2025001199,GRN2025001199,SKU0001,2026-08-31,242,906.34,219334.28,18,39480.17,258814.45,CLEAN
INV2025001200,V035,Keystone Industrial Products,PO2025001200,GRN2025001200,SKU0002,2025-03-04,128,10446.65,1337171.2,12,160460.54,1497631.74,CLEAN
INV2025001201,V026,Bharat Industrial Stores,PO2025001201,GRN2025001201,SKU0014,2026-07-07,72,1380.55,99399.6,18,17891.93,117291.53,CLEAN
INV2025001202,V036,Lumina Office Technologies,PO2025001202,GRN2025001202,SKU0049,2025-05-01,70,1215.16,85061.2,18,15311.02,100372.22,DUPLICATE
INV2026001202,V036,Lumina Office Technologies,PO2025001202,GRN2025001202,SKU0049,2025-05-06,70,1215.16,85061.2,18,15311.02,100372.22,DUPLICATE
INV2025001203,V029,Eagle Stationery Solutions,PO2025001203,GRN2025001203,SKU0004,2025-07-04,151,195.41,29506.91,18,5311.24,34818.15,CLEAN
INV2025001204,V009,Indus Mechanical Works,PO2025001204,,SKU0020,2025-05-22,100,106.62,10662.0,12,1279.44,11941.44,MISSING_GRN
INV2025001205,V004,Delta Engineering Components,PO2025001205,GRN2025001205,SKU0016,2025-10-09,226,689.31,155784.06,12,18694.09,174478.15,CLEAN
INV2025001206,V004,Delta Engineering Components,PO2025001206,GRN2025001206,SKU0066,2026-07-01,112,24753.54,2772396.48,12,332687.58,3105084.06,CLEAN
INV2025001207,V032,Helios Controls,PO2025001207,GRN2025001207,SKU0035,2026-09-05,67,425.79,28527.93,18,5135.03,33662.96,CLEAN
INV2025001208,V027,Crest Chemicals,PO2025001208,GRN2025001208,SKU0060,2025-07-12,3,178.61,535.83,12,64.3,600.13,CLEAN
INV2025001210,V006,Falcon Electricals India Pvt Ltd,PO2025001210,GRN2025001210,SKU0051,2026-06-08,108,339.78,36696.24,5,1834.81,38531.05,QTY_VARIANCE
INV2025001211,V006,Falcon Electricals India Pvt Ltd,PO2025001211,GRN2025001211,SKU0010,2025-07-29,16,13404.15,214466.4,5,10723.32,225189.72,CLEAN
INV2025001212,V018,Ridgeway Bearings,PO2025001212,GRN2025001212,SKU0013,2025-06-13,75,1494.14,112060.5,5,5603.02,117663.52,CLEAN
INV2025001213,V009,Indus Mechanical Works,PO2025001213,GRN2025001213,SKU0054,2026-05-02,163,594.83,96957.29,12,11634.87,108592.16,CLEAN
INV2025001214,V020,Trident Facility Services,PO2025001214,GRN2025001214,SKU0045,2026-02-17,93,1406.19,130775.67,12,15693.08,146468.75,CLEAN
INV2025001215,V020,Trident Facility Services,PO2025001215,GRN2025001215,SKU0070,2026-06-17,99,901.45,89243.55,12,10709.23,99952.78,PRICE_VARIANCE
INV2025001216,V029,Eagle Stationery Solutions,PO2025001216,GRN2025001216,SKU0058,2025-07-18,157,36534.69,5735946.33,18,1032470.34,6768416.67,CLEAN
INV2025001217,V040,Pioneer Electrical Traders,PO2025001217,,SKU0060,2025-11-14,71,206.76,14679.96,18,2642.39,17322.35,MISSING_GRN
INV2025001219,V019,Sigma Industrial Products,PO2025001219,GRN2025001219,SKU0064,2026-03-02,183,1161.39,212534.37,12,25504.12,238038.49,CLEAN
INV2025001220,V001,Apex Industrial Supplies Pvt Ltd,PO2025001220,GRN2025001220,SKU0066,2025-04-12,218,27680.99,6034455.82,5,301722.79,6336178.61,CLEAN
INV2025001221,V028,Dynamo Power Systems,PO2025001221,GRN2025001221,SKU0006,2025-08-06,55,470.02,25851.1,5,1292.56,27143.66,CLEAN
INV2025001222,V029,Eagle Stationery Solutions,PO2025001222,GRN2025001222,SKU0042,2025-08-02,67,25938.89,1737905.63,18,312823.01,2050728.64,CLEAN
INV2025001223,V021,United Process Equipment,PO2025001223,GRN2025001223,SKU0003,2026-05-30,233,403.24,93954.92,18,16911.89,110866.81,CLEAN
INV2025001224,V016,Prime Tools & Components,PO2025001224,GRN2025001224,SKU0026,2025-10-24,25,17307.13,432678.25,12,51921.39,484599.64,QTY_OVER_RECEIPT
INV2025001225,V002,BluePeak Office Systems Pvt Ltd,PO2025001225,GRN2025001225,SKU0018,2025-04-14,178,12325.95,2194019.1,12,263282.29,2457301.39,CLEAN
INV2025001226,V011,Kaveri Industrial Traders,PO2025001226,GRN2025001226,SKU0037,2026-09-18,166,1241.71,206123.86,18,37102.29,243226.15,CLEAN
INV2025001227,V032,Helios Controls,PO2025001227,GRN2025001227,SKU0030,2026-08-22,132,1059.34,139832.88,18,25169.92,165002.8,CLEAN
INV2025001228,V035,Keystone Industrial Products,PO2025001228,GRN2025001228,SKU0040,2025-11-14,47,1179.95,55457.65,12,6654.92,62112.57,CLEAN
INV2025001229,V024,Zenith Engineering Supplies,PO2025001229,GRN2025001229,SKU0012,2025-08-10,151,163.0,24613.0,12,2953.56,27566.56,QTY_VARIANCE
INV2025001230,V015,Orbit Maintenance Supplies,PO2025001230,GRN2025001230,SKU0066,2025-10-19,158,23458.4,3706427.2,18,667156.9,4373584.1,QTY_VARIANCE
INV2025001231,V009,Indus Mechanical Works,PO2025001231,GRN2025001231,SKU0071,2025-02-04,4,1382.27,5529.08,12,663.49,6192.57,CLEAN
INV2025001232,V027,Crest Chemicals,PO2025001232,GRN2025001232,SKU0031,2025-03-31,238,6361.96,1514146.48,12,181697.58,1695844.06,CLEAN
INV2025001233,V016,Prime Tools & Components,PO2025001233,GRN2025001233,SKU0022,2026-09-03,95,576.92,54807.4,12,6576.89,61384.29,CLEAN
INV2025001235,V001,Apex Industrial Supplies Pvt Ltd,PO2025001235,GRN2025001235,SKU0030,2026-04-22,125,941.08,117635.0,5,5881.75,123516.75,CLEAN
INV2025001236,V040,Pioneer Electrical Traders,PO2025001236,GRN2025001236,SKU0050,2026-06-07,226,19571.06,4423059.56,18,796150.72,5219210.28,CLEAN
INV2025001237,V035,Keystone Industrial Products,PO2025001237,GRN2025001237,SKU0056,2025-06-23,90,675.31,60777.9,12,7293.35,68071.25,CLEAN
INV2025001238,V030,Frontier Components,PO2025001238,GRN2025001238,SKU0010,2026-01-09,10,13193.71,131937.1,18,23748.68,155685.78,DUPLICATE
INV2026001238,V030,Frontier Components,PO2025001238,GRN2025001238,SKU0010,2026-01-12,10,13193.71,131937.1,18,23748.68,155685.78,DUPLICATE
INV2025001239,V025,Arun Safety & PPE,PO2025001239,GRN2025001239,SKU0035,2025-02-04,237,394.63,93527.31,12,11223.28,104750.59,CLEAN
INV2025001240,V011,Kaveri Industrial Traders,PO2025001240,GRN2025001240,SKU0037,2025-02-20,93,1249.52,116205.36,18,20916.96,137122.32,CLEAN
INV2025001241,V030,Frontier Components,PO2025001241,GRN2025001241,SKU0038,2025-02-11,229,529.51,121257.79,18,21826.4,143084.19,CLEAN
INV2025001242,V035,Keystone Industrial Products,PO2025001242,GRN2025001242,SKU0070,2025-01-19,155,729.11,113012.05,12,13561.45,126573.5,QTY_VARIANCE
INV2025001243,V007,Gamma Safety Solutions,PO2025001243,GRN2025001243,SKU0058,2025-07-16,71,37792.83,2683290.93,5,134164.55,2817455.48,CLEAN
INV2025001244,V037,Magnus Tools,PO2025001244,GRN2025001244,SKU0010,2025-11-18,13,13429.5,174583.5,18,31425.03,206008.53,CLEAN
INV2025001245,V004,Delta Engineering Components,PO2025001245,GRN2025001245,SKU0060,2026-09-19,58,207.13,12013.54,12,1441.62,13455.16,CLEAN
INV2025001246,V031,Ganga Hardware Traders,PO2025001246,GRN2025001246,SKU0050,2025-10-23,31,19163.6,594071.6,5,29703.58,623775.18,CLEAN
INV2025001248,V030,Frontier Components,PO2025001248,GRN2025001248,SKU0036,2025-08-07,71,176.9,12559.9,18,2260.78,14820.68,CLEAN
INV2025001249,V001,Apex Industrial Supplies Pvt Ltd,PO2025001249,GRN2025001249,SKU0076,2026-04-23,96,149.38,14340.48,5,717.02,15057.5,CLEAN
INV2025001250,V039,Omkar Facility Products,PO2025001250,GRN2025001250,SKU0080,2025-01-20,210,876.41,184046.1,5,9202.31,193248.41,PRICE_VARIANCE
INV2025001251,V028,Dynamo Power Systems,PO2025001251,GRN2025001251,SKU0073,2026-10-01,5,599.98,2999.9,5,150.0,3149.9,CLEAN
INV2025001252,V032,Helios Controls,PO2025001252,GRN2025001252,SKU0062,2026-07-15,192,639.5,122784.0,18,22101.12,144885.12,CLEAN
INV2025001253,V032,Helios Controls,PO2025001253,GRN2025001253,SKU0001,2025-07-17,225,864.71,194559.75,18,35020.75,229580.5,CLEAN
INV2025001254,V024,Zenith Engineering Supplies,PO2025001254,GRN2025001254,SKU0076,2025-09-06,101,176.64,17840.64,12,2140.88,19981.52,CLEAN
INV2025001255,V029,Eagle Stationery Solutions,PO2025001255,GRN2025001255,SKU0026,2026-06-01,40,15937.75,637510.0,18,114751.8,752261.8,QTY_OVER_RECEIPT
INV2025001256,V030,Frontier Components,PO2025001256,GRN2025001256,SKU0057,2025-05-28,213,688.07,146558.91,18,26380.6,172939.51,CLEAN
INV2025001257,V013,Metro Fasteners,PO2025001257,GRN2025001257,SKU0070,2025-07-01,14,759.78,10636.92,18,1914.65,12551.57,CLEAN
INV2025001258,V008,Horizon IT Distribution,PO2025001258,GRN2025001258,SKU0004,2025-09-25,76,201.96,15348.96,18,2762.81,18111.77,CLEAN
INV2025001259,V008,Horizon IT Distribution,PO2025001259,GRN2025001259,SKU0009,2026-01-13,219,855.86,187433.34,18,33738.0,221171.34,CLEAN
INV2025001260,V033,Innovatech Solutions,PO2025001260,GRN2025001260,SKU0057,2025-03-14,22,689.71,15173.62,5,758.68,15932.3,CLEAN
INV2025001261,V021,United Process Equipment,PO2025001261,GRN2025001261,SKU0008,2025-07-29,198,797.97,157998.06,18,28439.65,186437.71,CLEAN
INV2025001262,V022,Vertex Automation,PO2025001262,GRN2025001262,SKU0068,2026-01-02,233,93.78,21850.74,18,3933.13,25783.87,CLEAN
INV2025001263,V037,Magnus Tools,PO2025001263,GRN2025001263,SKU0046,2026-05-25,30,951.8,28554.0,18,5139.72,33693.72,CLEAN
INV2025001264,V006,Falcon Electricals India Pvt Ltd,PO2025001264,GRN2025001264,SKU0023,2025-10-21,35,4877.08,170697.8,5,8534.89,179232.69,PRICE_VARIANCE
INV2025001265,V036,Lumina Office Technologies,PO2025001265,GRN2025001265,SKU0049,2025-02-11,157,1028.34,161449.38,18,29060.89,190510.27,CLEAN
INV2025001266,V017,Quantum Electricals,PO2025001266,GRN2025001266,SKU0034,2026-05-13,138,13069.12,1803538.56,18,324636.94,2128175.5,CLEAN
INV2025001267,V015,Orbit Maintenance Supplies,PO2025001267,GRN2025001267,SKU0017,2026-04-05,158,1171.69,185127.02,18,33322.86,218449.88,PRICE_VARIANCE
INV2025001269,V013,Metro Fasteners,PO2025001269,GRN2025001269,SKU0006,2026-02-16,143,389.31,55671.33,18,10020.84,65692.17,CLEAN
INV2025001270,V026,Bharat Industrial Stores,PO2025001270,GRN2025001270,SKU0003,2026-04-23,10,470.31,4703.1,18,846.56,5549.66,QTY_OVER_RECEIPT
INV2025001272,V001,Apex Industrial Supplies Pvt Ltd,PO2025001272,GRN2025001272,SKU0014,2025-04-18,85,1193.42,101440.7,5,5072.03,106512.73,CLEAN
INV2025001273,V002,BluePeak Office Systems Pvt Ltd,PO2025001273,GRN2025001273,SKU0039,2026-04-27,84,1960.58,164688.72,12,19762.65,184451.37,CLEAN
INV2025001274,V011,Kaveri Industrial Traders,PO2025001274,GRN2025001274,SKU0045,2025-04-06,54,1616.69,87301.26,18,15714.23,103015.49,CLEAN
INV2025001275,V039,Omkar Facility Products,PO2025001275,GRN2025001275,SKU0054,2025-05-19,167,701.79,117198.93,5,5859.95,123058.88,CLEAN
INV2025001276,V031,Ganga Hardware Traders,PO2025001276,GRN2025001276,SKU0040,2026-04-05,33,1334.82,44049.06,5,2202.45,46251.51,CLEAN
INV2025001277,V025,Arun Safety & PPE,PO2025001277,GRN2025001277,SKU0077,2025-11-24,216,1213.91,262204.56,12,31464.55,293669.11,CLEAN
INV2025001278,V003,Crown Packaging Solutions,PO2025001278,GRN2025001278,SKU0005,2025-11-08,9,612.58,5513.22,5,275.66,5788.88,QTY_VARIANCE
INV2025001279,V010,Jupiter Office Products,PO2025001279,GRN2025001279,SKU0036,2025-06-22,173,215.42,37267.66,18,6708.18,43975.84,CLEAN
INV2025001280,V038,NexGen Components,PO2025001280,GRN2025001280,SKU0062,2025-05-15,140,635.36,88950.4,18,16011.07,104961.47,CLEAN
INV2025001281,V008,Horizon IT Distribution,PO2025001281,GRN2025001281,SKU0076,2025-12-02,177,155.82,27580.14,18,4964.43,32544.57,CLEAN
INV2025001282,V011,Kaveri Industrial Traders,PO2025001282,GRN2025001282,SKU0020,2025-09-17,88,129.78,11420.64,18,2055.72,13476.36,CLEAN
INV2025001283,V003,Crown Packaging Solutions,PO2025001283,GRN2025001283,SKU0012,2026-01-24,52,168.34,8753.68,5,437.68,9191.36,PRICE_VARIANCE
INV2025001284,V008,Horizon IT Distribution,PO2025001284,GRN2025001284,SKU0013,2025-09-23,244,1398.95,341343.8,18,61441.88,402785.68,CLEAN
INV2025001287,V022,Vertex Automation,PO2025001287,GRN2025001287,SKU0029,2026-08-30,250,1803.94,450985.0,18,81177.3,532162.3,CLEAN
INV2025001288,V006,Falcon Electricals India Pvt Ltd,PO2025001288,GRN2025001288,SKU0077,2026-05-03,205,1166.71,239175.55,5,11958.78,251134.33,DUPLICATE
INV2026001288,V006,Falcon Electricals India Pvt Ltd,PO2025001288,GRN2025001288,SKU0077,2026-05-11,205,1166.71,239175.55,5,11958.78,251134.33,DUPLICATE
INV2025001289,V004,Delta Engineering Components,PO2025001289,GRN2025001289,SKU0049,2025-04-10,193,1074.02,207285.86,12,24874.3,232160.16,CLEAN
INV2025001290,V026,Bharat Industrial Stores,PO2025001290,GRN2025001290,SKU0075,2026-01-07,216,346.95,74941.2,18,13489.42,88430.62,CLEAN
INV2025001291,V003,Crown Packaging Solutions,PO2025001291,GRN2025001291,SKU0020,2025-10-16,35,125.99,4409.65,5,220.48,4630.13,CLEAN
INV2025001292,V036,Lumina Office Technologies,PO2025001292,GRN2025001292,SKU0026,2025-07-25,245,17366.56,4254807.2,18,765865.3,5020672.5,QTY_OVER_RECEIPT
INV2025001293,V038,NexGen Components,PO2025001293,GRN2025001293,SKU0046,2025-03-26,84,774.49,65057.16,18,11710.29,76767.45,CLEAN
INV2025001294,V013,Metro Fasteners,PO2025001294,GRN2025001294,SKU0040,2025-03-11,148,1228.77,181857.96,18,32734.43,214592.39,CLEAN
INV2025001295,V035,Keystone Industrial Products,PO2025001295,GRN2025001295,SKU0077,2025-06-26,112,1203.25,134764.0,12,16171.68,150935.68,CLEAN
INV2025001296,V018,Ridgeway Bearings,PO2025001296,GRN2025001296,SKU0043,2025-11-25,38,261.05,9919.9,5,496.0,10415.9,DUPLICATE
INV2026001296,V018,Ridgeway Bearings,PO2025001296,GRN2025001296,SKU0043,2025-11-26,38,261.05,9919.9,5,496.0,10415.9,DUPLICATE
INV2025001297,V001,Apex Industrial Supplies Pvt Ltd,PO2025001297,GRN2025001297,SKU0057,2025-08-30,72,848.35,61081.2,5,3054.06,64135.26,PRICE_VARIANCE
INV2025001298,V006,Falcon Electricals India Pvt Ltd,PO2025001298,GRN2025001298,SKU0066,2026-03-01,144,24824.2,3574684.8,5,178734.24,3753419.04,CLEAN
INV2025001299,V005,Evergreen Facility Products,PO2025001299,GRN2025001299,SKU0032,2025-10-03,63,706.18,44489.34,12,5338.72,49828.06,QTY_VARIANCE
INV2025001300,V025,Arun Safety & PPE,PO2025001300,GRN2025001300,SKU0006,2025-06-18,179,388.64,69566.56,12,8347.99,77914.55,CLEAN
INV2025001301,V001,Apex Industrial Supplies Pvt Ltd,PO2025001301,GRN2025001301,SKU0027,2025-06-03,133,433.28,57626.24,5,2881.31,60507.55,CLEAN
INV2025001302,V012,Lotus Packaging India Pvt Ltd,PO2025001302,GRN2025001302,SKU0051,2026-08-26,124,363.12,45026.88,12,5403.23,50430.11,CLEAN
INV2025001303,V008,Horizon IT Distribution,PO2025001303,GRN2025001303,SKU0043,2026-04-29,50,248.03,12401.5,18,2232.27,14633.77,CLEAN
INV2025001304,V007,Gamma Safety Solutions,PO2025001304,GRN2025001304,SKU0043,2026-01-26,204,251.55,51316.2,5,2565.81,53882.01,PRICE_VARIANCE
INV2025001305,V006,Falcon Electricals India Pvt Ltd,PO2025001305,GRN2025001305,SKU0001,2026-03-04,19,997.22,18947.18,5,947.36,19894.54,CLEAN
INV2025001306,V036,Lumina Office Technologies,PO2025001306,GRN2025001306,SKU0060,2026-04-11,197,194.47,38310.59,18,6895.91,45206.5,CLEAN
INV2025001307,V040,Pioneer Electrical Traders,PO2025001307,GRN2025001307,SKU0064,2026-04-22,243,1157.05,281163.15,18,50609.37,331772.52,CLEAN
INV2025001308,V027,Crest Chemicals,PO2025001308,GRN2025001308,SKU0065,2026-02-01,170,1113.14,189233.8,12,22708.06,211941.86,QTY_OVER_RECEIPT
INV2025001309,V035,Keystone Industrial Products,PO2025001309,GRN2025001309,SKU0062,2025-11-12,128,670.99,85886.72,12,10306.41,96193.13,CLEAN
INV2025001310,V034,Jade Logistics Supplies,PO2025001310,GRN2025001310,SKU0025,2025-05-10,91,761.02,69252.82,18,12465.51,81718.33,CLEAN
INV2025001311,V038,NexGen Components,PO2025001311,GRN2025001311,SKU0051,2025-09-02,53,343.81,18221.93,18,3279.95,21501.88,CLEAN
INV2025001312,V039,Omkar Facility Products,PO2025001312,GRN2025001312,SKU0031,2026-08-16,216,6454.15,1394096.4,5,69704.82,1463801.22,CLEAN
INV2025001313,V023,Westline Consumables,PO2025001313,GRN2025001313,SKU0009,2025-04-20,149,1037.77,154627.73,12,18555.33,173183.06,PRICE_VARIANCE
INV2025001314,V037,Magnus Tools,PO2025001314,GRN2025001314,SKU0024,2026-01-18,33,781.01,25773.33,18,4639.2,30412.53,CLEAN
INV2025001315,V003,Crown Packaging Solutions,PO2025001315,GRN2025001315,SKU0015,2025-09-30,185,2868.42,530657.7,5,26532.88,557190.58,CLEAN
INV2025001316,V003,Crown Packaging Solutions,PO2025001316,GRN2025001316,SKU0013,2025-08-03,56,1337.72,74912.32,5,3745.62,78657.94,CLEAN
INV2025001317,V013,Metro Fasteners,PO2025001317,GRN2025001317,SKU0011,2025-10-15,151,523.74,79084.74,18,14235.25,93319.99,CLEAN
INV2025001318,V018,Ridgeway Bearings,PO2025001318,GRN2025001318,SKU0064,2026-03-08,2,1405.2,2810.4,5,140.52,2950.92,PRICE_VARIANCE
INV2025001319,V034,Jade Logistics Supplies,PO2025001319,GRN2025001319,SKU0080,2025-02-23,122,801.01,97723.22,18,17590.18,115313.4,CLEAN
INV2025001320,V015,Orbit Maintenance Supplies,PO2025001320,GRN2025001320,SKU0049,2026-05-04,254,1097.91,278869.14,18,50196.45,329065.59,QTY_OVER_RECEIPT
INV2025001321,V024,Zenith Engineering Supplies,PO2025001321,GRN2025001321,SKU0052,2025-01-29,110,164.1,18051.0,12,2166.12,20217.12,CLEAN
INV2025001322,V016,Prime Tools & Components,PO2025001322,GRN2025001322,SKU0080,2026-02-25,172,884.62,152154.64,12,18258.56,170413.2,QTY_VARIANCE
INV2025001323,V010,Jupiter Office Products,PO2025001323,GRN2025001323,SKU0077,2026-08-15,224,1144.96,256471.04,18,46164.79,302635.83,CLEAN
INV2025001324,V003,Crown Packaging Solutions,PO2025001324,GRN2025001324,SKU0042,2026-06-24,12,22174.82,266097.84,5,13304.89,279402.73,CLEAN
INV2025001325,V003,Crown Packaging Solutions,PO2025001325,GRN2025001325,SKU0043,2026-08-30,64,245.84,15733.76,5,786.69,16520.45,CLEAN
INV2025001326,V004,Delta Engineering Components,PO2025001326,GRN2025001326,SKU0058,2025-08-25,137,38667.89,5297500.93,12,635700.11,5933201.04,CLEAN
INV2025001327,V013,Metro Fasteners,PO2025001327,GRN2025001327,SKU0066,2025-09-27,47,26543.75,1247556.25,18,224560.12,1472116.37,CLEAN
INV2025001328,V018,Ridgeway Bearings,PO2025001328,GRN2025001328,SKU0018,2026-01-25,61,11856.12,723223.32,5,36161.17,759384.49,PRICE_VARIANCE
INV2025001329,V009,Indus Mechanical Works,PO2025001329,GRN2025001329,SKU0049,2026-05-19,6,1094.67,6568.02,12,788.16,7356.18,CLEAN
INV2025001330,V008,Horizon IT Distribution,PO2025001330,GRN2025001330,SKU0056,2025-02-11,152,665.48,101152.96,18,18207.53,119360.49,CLEAN
INV2025001331,V032,Helios Controls,PO2025001331,GRN2025001331,SKU0025,2025-10-18,97,745.05,72269.85,18,13008.57,85278.42,PRICE_VARIANCE
INV2025001332,V024,Zenith Engineering Supplies,PO2025001332,GRN2025001332,SKU0032,2025-03-25,169,993.73,167940.37,12,20152.84,188093.21,PRICE_VARIANCE
INV2025001333,V017,Quantum Electricals,PO2025001333,GRN2025001333,SKU0040,2026-06-27,74,1277.75,94553.5,18,17019.63,111573.13,CLEAN
INV2025001334,V017,Quantum Electricals,PO2025001334,,SKU0001,2026-01-12,44,968.15,42598.6,18,7667.75,50266.35,MISSING_GRN
INV2025001335,V040,Pioneer Electrical Traders,PO2025001335,GRN2025001335,SKU0052,2025-11-30,38,161.45,6135.1,18,1104.32,7239.42,CLEAN
INV2025001336,V017,Quantum Electricals,PO2025001336,GRN2025001336,SKU0056,2026-01-22,91,654.19,59531.29,18,10715.63,70246.92,CLEAN
INV2025001337,V014,Nova Tech Systems,PO2025001337,GRN2025001337,SKU0042,2025-04-23,126,23681.25,2983837.5,5,149191.88,3133029.38,PRICE_VARIANCE
INV2025001338,V024,Zenith Engineering Supplies,PO2025001338,GRN2025001338,SKU0001,2025-08-15,112,896.81,100442.72,12,12053.13,112495.85,CLEAN
INV2025001339,V029,Eagle Stationery Solutions,PO2025001339,GRN2025001339,SKU0017,2025-08-20,48,1082.51,51960.48,18,9352.89,61313.37,QTY_VARIANCE
INV2025001340,V026,Bharat Industrial Stores,PO2025001340,GRN2025001340,SKU0035,2025-08-20,90,459.3,41337.0,18,7440.66,48777.66,CLEAN
INV2025001341,V002,BluePeak Office Systems Pvt Ltd,PO2025001341,GRN2025001341,SKU0013,2026-01-09,145,1318.28,191150.6,12,22938.07,214088.67,CLEAN
INV2025001342,V027,Crest Chemicals,PO2025001342,GRN2025001342,SKU0034,2026-04-07,83,11982.16,994519.28,12,119342.31,1113861.59,CLEAN
INV2025001343,V021,United Process Equipment,PO2025001343,GRN2025001343,SKU0001,2026-03-30,7,1042.23,7295.61,18,1313.21,8608.82,CLEAN
INV2025001344,V005,Evergreen Facility Products,PO2025001344,GRN2025001344,SKU0075,2026-07-09,62,327.0,20274.0,12,2432.88,22706.88,QTY_OVER_RECEIPT
INV2025001345,V032,Helios Controls,PO2025001345,GRN2025001345,SKU0072,2025-11-16,52,575.15,29907.8,18,5383.4,35291.2,CLEAN
INV2025001346,V030,Frontier Components,PO2025001346,GRN2025001346,SKU0054,2026-03-24,10,723.18,7231.8,18,1301.72,8533.52,CLEAN
INV2025001347,V003,Crown Packaging Solutions,PO2025001347,GRN2025001347,SKU0017,2025-06-07,220,953.18,209699.6,5,10484.98,220184.58,CLEAN
INV2025001348,V025,Arun Safety & PPE,PO2025001348,GRN2025001348,SKU0073,2026-05-23,59,600.61,35435.99,12,4252.32,39688.31,CLEAN
INV2025001349,V027,Crest Chemicals,PO2025001349,GRN2025001349,SKU0020,2025-02-13,159,118.71,18874.89,12,2264.99,21139.88,CLEAN
INV2025001350,V013,Metro Fasteners,PO2025001350,GRN2025001350,SKU0055,2026-01-24,120,2227.52,267302.4,18,48114.43,315416.83,CLEAN
INV2025001351,V032,Helios Controls,PO2025001351,GRN2025001351,SKU0037,2025-12-21,37,1535.05,56796.85,18,10223.43,67020.28,CLEAN
INV2025001352,V032,Helios Controls,PO2025001352,GRN2025001352,SKU0015,2025-06-05,134,3380.34,452965.56,18,81533.8,534499.36,CLEAN
INV2025001353,V038,NexGen Components,PO2025001353,GRN2025001353,SKU0009,2025-12-04,178,1074.88,191328.64,18,34439.16,225767.8,PRICE_VARIANCE
INV2025001354,V015,Orbit Maintenance Supplies,PO2025001354,GRN2025001354,SKU0048,2026-09-17,134,1166.28,156281.52,18,28130.67,184412.19,CLEAN
INV2025001355,V020,Trident Facility Services,PO2025001355,GRN2025001355,SKU0028,2026-02-18,94,129.23,12147.62,12,1457.71,13605.33,DUPLICATE
INV2026001355,V020,Trident Facility Services,PO2025001355,GRN2025001355,SKU0028,2026-02-20,94,129.23,12147.62,12,1457.71,13605.33,DUPLICATE
INV2025001356,V015,Orbit Maintenance Supplies,PO2025001356,GRN2025001356,SKU0029,2025-11-20,10,1834.45,18344.5,18,3302.01,21646.51,DUPLICATE
INV2026001356,V015,Orbit Maintenance Supplies,PO2025001356,GRN2025001356,SKU0029,2025-11-23,10,1834.45,18344.5,18,3302.01,21646.51,DUPLICATE
INV2025001357,V015,Orbit Maintenance Supplies,PO2025001357,GRN2025001357,SKU0032,2025-06-12,245,770.3,188723.5,18,33970.23,222693.73,PRICE_VARIANCE
INV2025001358,V014,Nova Tech Systems,PO2025001358,GRN2025001358,SKU0075,2026-08-03,18,352.24,6340.32,5,317.02,6657.34,CLEAN
INV2025001359,V033,Innovatech Solutions,PO2025001359,GRN2025001359,SKU0025,2025-03-01,250,652.97,163242.5,5,8162.12,171404.62,CLEAN
INV2025001361,V005,Evergreen Facility Products,PO2025001361,GRN2025001361,SKU0043,2026-09-06,88,244.15,21485.2,12,2578.22,24063.42,CLEAN
INV2025001362,V001,Apex Industrial Supplies Pvt Ltd,PO2025001362,GRN2025001362,SKU0028,2026-02-08,91,135.75,12353.25,5,617.66,12970.91,CLEAN
INV2025001363,V018,Ridgeway Bearings,PO2025001363,,SKU0003,2026-03-23,124,397.23,49256.52,5,2462.83,51719.35,MISSING_GRN
INV2025001364,V034,Jade Logistics Supplies,PO2025001364,GRN2025001364,SKU0053,2025-02-14,231,795.29,183711.99,18,33068.16,216780.15,CLEAN
INV2025001365,V019,Sigma Industrial Products,PO2025001365,GRN2025001365,SKU0006,2025-07-17,155,478.33,74141.15,12,8896.94,83038.09,QTY_OVER_RECEIPT
INV2025001366,V021,United Process Equipment,PO2025001366,,SKU0045,2026-07-22,109,1638.26,178570.34,18,32142.66,210713.0,MISSING_GRN
INV2025001367,V023,Westline Consumables,PO2025001367,GRN2025001367,SKU0001,2026-04-04,155,978.53,151672.15,12,18200.66,169872.81,CLEAN
INV2025001368,V039,Omkar Facility Products,PO2025001368,GRN2025001368,SKU0042,2026-06-08,149,25490.18,3798036.82,5,189901.84,3987938.66,QTY_OVER_RECEIPT
INV2025001370,V002,BluePeak Office Systems Pvt Ltd,PO2025001370,GRN2025001370,SKU0077,2025-04-19,99,1332.76,131943.24,12,15833.19,147776.43,CLEAN
INV2025001371,V033,Innovatech Solutions,PO2025001371,GRN2025001371,SKU0008,2025-07-10,134,912.44,122266.96,5,6113.35,128380.31,CLEAN
INV2025001372,V012,Lotus Packaging India Pvt Ltd,PO2025001372,GRN2025001372,SKU0036,2026-06-20,88,196.38,17281.44,12,2073.77,19355.21,QTY_OVER_RECEIPT
INV2025001373,V021,United Process Equipment,PO2025001373,GRN2025001373,SKU0018,2025-08-01,24,10939.83,262555.92,18,47260.07,309815.99,CLEAN
INV2025001374,V027,Crest Chemicals,PO2025001374,GRN2025001374,SKU0010,2025-07-15,97,13750.5,1333798.5,12,160055.82,1493854.32,CLEAN
INV2025001375,V011,Kaveri Industrial Traders,PO2025001375,GRN2025001375,SKU0017,2025-08-04,185,1047.09,193711.65,18,34868.1,228579.75,CLEAN
INV2025001376,V028,Dynamo Power Systems,PO2025001376,GRN2025001376,SKU0026,2026-06-29,20,15859.25,317185.0,5,15859.25,333044.25,CLEAN
INV2025001377,V001,Apex Industrial Supplies Pvt Ltd,PO2025001377,GRN2025001377,SKU0039,2026-05-12,225,1597.77,359498.25,5,17974.91,377473.16,CLEAN
INV2025001378,V004,Delta Engineering Components,PO2025001378,GRN2025001378,SKU0064,2025-09-24,81,1309.34,106056.54,12,12726.78,118783.32,CLEAN
INV2025001379,V001,Apex Industrial Supplies Pvt Ltd,PO2025001379,GRN2025001379,SKU0009,2026-05-05,217,925.84,200907.28,5,10045.36,210952.64,CLEAN
INV2025001380,V034,Jade Logistics Supplies,PO2025001380,GRN2025001380,SKU0071,2026-08-25,49,1365.98,66933.02,18,12047.94,78980.96,CLEAN
INV2025001381,V024,Zenith Engineering Supplies,PO2025001381,GRN2025001381,SKU0053,2026-01-05,237,772.45,183070.65,12,21968.48,205039.13,QTY_OVER_RECEIPT
INV2025001382,V024,Zenith Engineering Supplies,PO2025001382,GRN2025001382,SKU0080,2025-08-12,52,900.49,46825.48,12,5619.06,52444.54,PRICE_VARIANCE
INV2025001383,V019,Sigma Industrial Products,PO2025001383,GRN2025001383,SKU0032,2025-03-23,88,815.69,71780.72,12,8613.69,80394.41,CLEAN
INV2025001384,V017,Quantum Electricals,PO2025001384,GRN2025001384,SKU0052,2026-03-21,27,174.66,4715.82,18,848.85,5564.67,PRICE_VARIANCE
INV2025001385,V015,Orbit Maintenance Supplies,PO2025001385,GRN2025001385,SKU0070,2025-01-25,6,851.87,5111.22,18,920.02,6031.24,PRICE_VARIANCE
INV2025001386,V001,Apex Industrial Supplies Pvt Ltd,PO2025001386,GRN2025001386,SKU0035,2026-05-31,66,438.73,28956.18,5,1447.81,30403.99,CLEAN
INV2025001387,V029,Eagle Stationery Solutions,PO2025001387,GRN2025001387,SKU0049,2025-02-26,110,1115.27,122679.7,18,22082.35,144762.05,CLEAN
INV2025001388,V014,Nova Tech Systems,PO2025001388,GRN2025001388,SKU0071,2026-05-12,171,1577.17,269696.07,5,13484.8,283180.87,CLEAN
INV2025001389,V017,Quantum Electricals,PO2025001389,GRN2025001389,SKU0029,2025-01-27,63,1677.91,105708.33,18,19027.5,124735.83,CLEAN
INV2025001390,V002,BluePeak Office Systems Pvt Ltd,PO2025001390,GRN2025001390,SKU0065,2025-02-27,168,1252.15,210361.2,12,25243.34,235604.54,CLEAN
INV2025001391,V007,Gamma Safety Solutions,PO2025001391,GRN2025001391,SKU0025,2025-04-06,223,685.98,152973.54,5,7648.68,160622.22,CLEAN
INV2025001392,V005,Evergreen Facility Products,PO2025001392,GRN2025001392,SKU0006,2025-01-27,62,413.37,25628.94,12,3075.47,28704.41,CLEAN
INV2025001393,V024,Zenith Engineering Supplies,PO2025001393,GRN2025001393,SKU0018,2026-03-29,172,13030.89,2241313.08,12,268957.57,2510270.65,QTY_VARIANCE
INV2025001394,V030,Frontier Components,PO2025001394,GRN2025001394,SKU0011,2025-10-31,108,530.55,57299.4,18,10313.89,67613.29,CLEAN
INV2025001395,V018,Ridgeway Bearings,PO2025001395,GRN2025001395,SKU0049,2025-05-12,63,1261.8,79493.4,5,3974.67,83468.07,CLEAN
INV2025001396,V013,Metro Fasteners,PO2025001396,GRN2025001396,SKU0044,2026-06-25,216,119.18,25742.88,18,4633.72,30376.6,CLEAN
INV2025001397,V017,Quantum Electricals,PO2025001397,GRN2025001397,SKU0070,2026-09-09,205,728.19,149278.95,18,26870.21,176149.16,CLEAN
INV2025001398,V035,Keystone Industrial Products,PO2025001398,GRN2025001398,SKU0011,2025-11-18,108,498.53,53841.24,12,6460.95,60302.19,CLEAN
INV2025001399,V020,Trident Facility Services,PO2025001399,GRN2025001399,SKU0043,2026-09-27,64,257.03,16449.92,12,1973.99,18423.91,CLEAN
INV2025001400,V039,Omkar Facility Products,PO2025001400,GRN2025001400,SKU0073,2026-05-31,192,524.76,100753.92,5,5037.7,105791.62,CLEAN
INV2025001401,V001,Apex Industrial Supplies Pvt Ltd,PO2025001401,GRN2025001401,SKU0032,2025-05-20,117,915.45,107107.65,5,5355.38,112463.03,PRICE_VARIANCE
INV2025001402,V023,Westline Consumables,PO2025001402,GRN2025001402,SKU0053,2026-08-15,134,830.24,111252.16,12,13350.26,124602.42,CLEAN
INV2025001403,V031,Ganga Hardware Traders,PO2025001403,GRN2025001403,SKU0062,2025-02-16,190,653.42,124149.8,5,6207.49,130357.29,CLEAN
INV2025001404,V015,Orbit Maintenance Supplies,PO2025001404,GRN2025001404,SKU0036,2025-07-04,95,202.32,19220.4,18,3459.67,22680.07,CLEAN
INV2025001405,V028,Dynamo Power Systems,PO2025001405,GRN2025001405,SKU0026,2026-03-10,27,16582.6,447730.2,5,22386.51,470116.71,QTY_OVER_RECEIPT
INV2025001406,V031,Ganga Hardware Traders,PO2025001406,GRN2025001406,SKU0018,2026-07-21,199,12381.65,2463948.35,5,123197.42,2587145.77,PRICE_VARIANCE
INV2025001407,V003,Crown Packaging Solutions,PO2025001407,GRN2025001407,SKU0020,2025-07-14,182,141.65,25780.3,5,1289.02,27069.32,PRICE_VARIANCE
INV2025001408,V020,Trident Facility Services,PO2025001408,GRN2025001408,SKU0050,2026-05-18,7,20522.23,143655.61,12,17238.67,160894.28,CLEAN
INV2025001409,V029,Eagle Stationery Solutions,PO2025001409,GRN2025001409,SKU0012,2026-08-14,39,177.78,6933.42,18,1248.02,8181.44,CLEAN
INV2025001410,V008,Horizon IT Distribution,PO2025001410,GRN2025001410,SKU0005,2025-10-10,92,660.55,60770.6,18,10938.71,71709.31,CLEAN
INV2025001411,V001,Apex Industrial Supplies Pvt Ltd,PO2025001411,GRN2025001411,SKU0017,2025-04-26,52,1071.34,55709.68,5,2785.48,58495.16,CLEAN
INV2025001412,V031,Ganga Hardware Traders,PO2025001412,GRN2025001412,SKU0002,2025-05-12,37,11636.52,430551.24,5,21527.56,452078.8,QTY_OVER_RECEIPT
INV2025001413,V001,Apex Industrial Supplies Pvt Ltd,PO2025001413,GRN2025001413,SKU0028,2026-04-10,243,130.85,31796.55,5,1589.83,33386.38,CLEAN
INV2025001414,V025,Arun Safety & PPE,PO2025001414,GRN2025001414,SKU0038,2025-04-12,152,524.93,79789.36,12,9574.72,89364.08,CLEAN
INV2025001415,V026,Bharat Industrial Stores,PO2025001415,GRN2025001415,SKU0015,2025-11-15,190,3590.95,682280.5,18,122810.49,805090.99,CLEAN
INV2025001416,V037,Magnus Tools,PO2025001416,GRN2025001416,SKU0005,2025-07-27,137,673.44,92261.28,18,16607.03,108868.31,CLEAN
INV2025001417,V002,BluePeak Office Systems Pvt Ltd,,GRN2025001417,SKU0074,2025-03-02,58,21888.13,1269511.54,12,152341.38,1421852.92,MISSING_PO
INV2025001418,V032,Helios Controls,PO2025001418,GRN2025001418,SKU0009,2025-09-16,141,849.09,119721.69,18,21549.9,141271.59,CLEAN
INV2025001419,V026,Bharat Industrial Stores,,GRN2025001419,SKU0057,2026-02-12,36,787.96,28366.56,18,5105.98,33472.54,MISSING_PO
INV2025001420,V016,Prime Tools & Components,PO2025001420,GRN2025001420,SKU0026,2025-11-01,173,14787.89,2558304.97,12,306996.6,2865301.57,CLEAN
INV2025001421,V034,Jade Logistics Supplies,PO2025001421,GRN2025001421,SKU0072,2025-02-27,124,645.26,80012.24,18,14402.2,94414.44,PRICE_VARIANCE
INV2025001422,V039,Omkar Facility Products,PO2025001422,GRN2025001422,SKU0068,2026-02-11,203,100.62,20425.86,5,1021.29,21447.15,CLEAN
INV2025001423,V040,Pioneer Electrical Traders,PO2025001423,GRN2025001423,SKU0079,2025-06-30,175,3817.53,668067.75,18,120252.2,788319.95,CLEAN
INV2025001424,V035,Keystone Industrial Products,PO2025001424,GRN2025001424,SKU0019,2026-04-03,201,506.08,101722.08,12,12206.65,113928.73,CLEAN
INV2025001425,V007,Gamma Safety Solutions,PO2025001425,GRN2025001425,SKU0068,2026-05-17,130,99.42,12924.6,5,646.23,13570.83,CLEAN
INV2025001426,V032,Helios Controls,PO2025001426,GRN2025001426,SKU0034,2026-05-04,35,12542.27,438979.45,18,79016.3,517995.75,CLEAN
INV2025001427,V027,Crest Chemicals,PO2025001427,GRN2025001427,SKU0037,2026-09-01,73,1459.98,106578.54,12,12789.42,119367.96,CLEAN
INV2025001428,V036,Lumina Office Technologies,PO2025001428,GRN2025001428,SKU0058,2026-09-13,225,32854.08,7392168.0,18,1330590.24,8722758.24,CLEAN
INV2025001429,V003,Crown Packaging Solutions,PO2025001429,GRN2025001429,SKU0032,2026-03-21,63,762.42,48032.46,5,2401.62,50434.08,CLEAN
INV2025001430,V021,United Process Equipment,PO2025001430,GRN2025001430,SKU0042,2026-08-14,63,21696.26,1366864.38,18,246035.59,1612899.97,CLEAN
INV2025001431,V034,Jade Logistics Supplies,PO2025001431,GRN2025001431,SKU0005,2025-09-14,25,607.41,15185.25,18,2733.34,17918.59,CLEAN
INV2025001432,V002,BluePeak Office Systems Pvt Ltd,PO2025001432,GRN2025001432,SKU0047,2026-08-12,46,3454.07,158887.22,12,19066.47,177953.69,CLEAN
INV2025001433,V021,United Process Equipment,PO2025001433,GRN2025001433,SKU0058,2025-05-30,170,35648.44,6060234.8,18,1090842.26,7151077.06,CLEAN
INV2025001434,V013,Metro Fasteners,PO2025001434,GRN2025001434,SKU0038,2026-01-06,129,524.6,67673.4,18,12181.21,79854.61,CLEAN
INV2025001435,V028,Dynamo Power Systems,PO2025001435,GRN2025001435,SKU0032,2025-09-29,15,712.77,10691.55,5,534.58,11226.13,CLEAN
INV2025001436,V021,United Process Equipment,PO2025001436,GRN2025001436,SKU0014,2025-10-09,68,1530.12,104048.16,18,18728.67,122776.83,PRICE_VARIANCE
INV2025001437,V019,Sigma Industrial Products,PO2025001437,GRN2025001437,SKU0050,2026-09-20,111,20454.6,2270460.6,12,272455.27,2542915.87,QTY_OVER_RECEIPT
INV2025001438,V036,Lumina Office Technologies,PO2025001438,GRN2025001438,SKU0018,2026-04-19,78,13096.43,1021521.54,18,183873.88,1205395.42,CLEAN
INV2025001439,V015,Orbit Maintenance Supplies,PO2025001439,GRN2025001439,SKU0063,2026-08-23,245,2599.12,636784.4,18,114621.19,751405.59,CLEAN
INV2025001440,V006,Falcon Electricals India Pvt Ltd,PO2025001440,GRN2025001440,SKU0004,2025-09-08,50,191.03,9551.5,5,477.57,10029.07,CLEAN
INV2025001441,V018,Ridgeway Bearings,PO2025001441,GRN2025001441,SKU0043,2026-01-07,247,247.6,61157.2,5,3057.86,64215.06,CLEAN
INV2025001442,V035,Keystone Industrial Products,PO2025001442,GRN2025001442,SKU0050,2025-04-27,241,21313.71,5136604.11,12,616392.49,5752996.6,CLEAN
INV2025001443,V003,Crown Packaging Solutions,PO2025001443,GRN2025001443,SKU0007,2026-07-28,212,2627.98,557131.76,5,27856.59,584988.35,CLEAN
INV2025001444,V032,Helios Controls,PO2025001444,GRN2025001444,SKU0045,2026-02-11,32,1527.41,48877.12,18,8797.88,57675.0,CLEAN
INV2025001445,V029,Eagle Stationery Solutions,PO2025001445,GRN2025001445,SKU0018,2026-05-22,132,11542.57,1523619.24,18,274251.46,1797870.7,CLEAN
INV2025001446,V031,Ganga Hardware Traders,PO2025001446,GRN2025001446,SKU0013,2025-11-08,155,1566.08,242742.4,5,12137.12,254879.52,CLEAN
INV2025001447,V022,Vertex Automation,PO2025001447,GRN2025001447,SKU0024,2026-07-16,9,818.08,7362.72,18,1325.29,8688.01,CLEAN
INV2025001448,V003,Crown Packaging Solutions,PO2025001448,GRN2025001448,SKU0061,2025-10-16,238,692.08,164715.04,5,8235.75,172950.79,CLEAN
INV2025001449,V027,Crest Chemicals,PO2025001449,GRN2025001449,SKU0040,2025-10-31,172,1369.13,235490.36,12,28258.84,263749.2,CLEAN
INV2025001450,V029,Eagle Stationery Solutions,PO2025001450,GRN2025001450,SKU0039,2025-07-04,247,1955.47,483001.09,18,86940.2,569941.29,CLEAN
INV2025001451,V025,Arun Safety & PPE,PO2025001451,GRN2025001451,SKU0009,2025-11-16,101,864.83,87347.83,12,10481.74,97829.57,QTY_VARIANCE
INV2025001452,V027,Crest Chemicals,PO2025001452,GRN2025001452,SKU0058,2025-05-13,4,40434.12,161736.48,12,19408.38,181144.86,CLEAN
INV2025001453,V028,Dynamo Power Systems,PO2025001453,GRN2025001453,SKU0069,2025-10-08,115,1967.36,226246.4,5,11312.32,237558.72,CLEAN
INV2025001454,V021,United Process Equipment,PO2025001454,GRN2025001454,SKU0001,2025-02-10,98,898.51,88053.98,18,15849.72,103903.7,CLEAN
INV2025001455,V007,Gamma Safety Solutions,PO2025001455,GRN2025001455,SKU0054,2026-09-29,6,788.24,4729.44,5,236.47,4965.91,PRICE_VARIANCE
INV2025001456,V021,United Process Equipment,PO2025001456,GRN2025001456,SKU0077,2026-09-01,135,1185.89,160095.15,18,28817.13,188912.28,CLEAN
INV2025001457,V029,Eagle Stationery Solutions,PO2025001457,GRN2025001457,SKU0051,2026-08-20,199,323.14,64304.86,18,11574.87,75879.73,CLEAN
INV2025001458,V020,Trident Facility Services,PO2025001458,GRN2025001458,SKU0063,2025-10-02,98,2671.95,261851.1,12,31422.13,293273.23,CLEAN
INV2025001459,V008,Horizon IT Distribution,PO2025001459,GRN2025001459,SKU0042,2025-11-19,127,23537.23,2989228.21,18,538061.08,3527289.29,CLEAN
INV2025001460,V028,Dynamo Power Systems,PO2025001460,GRN2025001460,SKU0074,2026-06-13,13,21995.08,285936.04,5,14296.8,300232.84,CLEAN
INV2025001461,V033,Innovatech Solutions,PO2025001461,GRN2025001461,SKU0018,2025-01-31,113,11793.92,1332712.96,5,66635.65,1399348.61,CLEAN
INV2025001462,V014,Nova Tech Systems,PO2025001462,GRN2025001462,SKU0009,2025-11-17,100,840.52,84052.0,5,4202.6,88254.6,CLEAN
INV2025001463,V011,Kaveri Industrial Traders,PO2025001463,GRN2025001463,SKU0075,2026-10-02,129,360.65,46523.85,18,8374.29,54898.14,CLEAN
INV2025001464,V008,Horizon IT Distribution,PO2025001464,GRN2025001464,SKU0023,2026-06-10,241,5014.19,1208419.79,18,217515.56,1425935.35,CLEAN
INV2025001465,V008,Horizon IT Distribution,PO2025001465,GRN2025001465,SKU0022,2026-08-21,100,519.27,51927.0,18,9346.86,61273.86,CLEAN
INV2025001466,V003,Crown Packaging Solutions,PO2025001466,GRN2025001466,SKU0043,2026-01-12,7,225.41,1577.87,5,78.89,1656.76,CLEAN
INV2025001467,V016,Prime Tools & Components,PO2025001467,GRN2025001467,SKU0058,2025-07-22,11,32784.34,360627.74,12,43275.33,403903.07,CLEAN
INV2025001468,V030,Frontier Components,PO2025001468,GRN2025001468,SKU0057,2025-09-11,245,679.69,166524.05,18,29974.33,196498.38,CLEAN
INV2025001469,V012,Lotus Packaging India Pvt Ltd,PO2025001469,GRN2025001469,SKU0050,2026-03-20,79,19580.2,1546835.8,12,185620.3,1732456.1,CLEAN
INV2025001470,V002,BluePeak Office Systems Pvt Ltd,PO2025001470,GRN2025001470,SKU0016,2026-03-18,154,580.06,89329.24,12,10719.51,100048.75,CLEAN
INV2025001471,V005,Evergreen Facility Products,PO2025001471,GRN2025001471,SKU0021,2026-05-17,67,1440.08,96485.36,12,11578.24,108063.6,PRICE_VARIANCE
INV2025001472,V029,Eagle Stationery Solutions,PO2025001472,GRN2025001472,SKU0036,2025-11-26,60,195.64,11738.4,18,2112.91,13851.31,CLEAN
INV2025001473,V036,Lumina Office Technologies,PO2025001473,GRN2025001473,SKU0020,2026-02-14,28,122.25,3423.0,18,616.14,4039.14,CLEAN
INV2025001474,V031,Ganga Hardware Traders,PO2025001474,GRN2025001474,SKU0027,2025-05-25,102,383.93,39160.86,5,1958.04,41118.9,CLEAN
INV2025001476,V010,Jupiter Office Products,PO2025001476,GRN2025001476,SKU0046,2025-02-18,59,859.83,50729.97,18,9131.39,59861.36,CLEAN
INV2025001477,V036,Lumina Office Technologies,PO2025001477,GRN2025001477,SKU0062,2026-03-25,216,734.48,158647.68,18,28556.58,187204.26,CLEAN
INV2025001479,V028,Dynamo Power Systems,PO2025001479,GRN2025001479,SKU0029,2025-07-31,79,1545.97,122131.63,5,6106.58,128238.21,CLEAN
INV2025001480,V013,Metro Fasteners,PO2025001480,GRN2025001480,SKU0030,2025-11-08,243,848.29,206134.47,18,37104.2,243238.67,CLEAN
INV2025001481,V033,Innovatech Solutions,PO2025001481,GRN2025001481,SKU0022,2026-03-28,102,595.78,60769.56,5,3038.48,63808.04,CLEAN
INV2025001482,V039,Omkar Facility Products,PO2025001482,GRN2025001482,SKU0049,2026-02-04,197,1015.56,200065.32,5,10003.27,210068.59,CLEAN
INV2025001483,V029,Eagle Stationery Solutions,PO2025001483,GRN2025001483,SKU0062,2025-07-09,142,680.19,96586.98,18,17385.66,113972.64,CLEAN
INV2025001484,V011,Kaveri Industrial Traders,PO2025001484,GRN2025001484,SKU0049,2026-04-12,27,1122.99,30320.73,18,5457.73,35778.46,CLEAN
INV2025001485,V025,Arun Safety & PPE,PO2025001485,GRN2025001485,SKU0014,2026-08-09,27,1428.82,38578.14,12,4629.38,43207.52,CLEAN
INV2025001486,V038,NexGen Components,PO2025001486,GRN2025001486,SKU0053,2026-09-16,154,745.86,114862.44,18,20675.24,135537.68,CLEAN
INV2025001487,V038,NexGen Components,PO2025001487,GRN2025001487,SKU0042,2026-05-07,2,26289.1,52578.2,18,9464.08,62042.28,CLEAN
INV2025001488,V040,Pioneer Electrical Traders,PO2025001488,GRN2025001488,SKU0076,2025-05-28,227,171.16,38853.32,18,6993.6,45846.92,CLEAN
INV2025001489,V021,United Process Equipment,PO2025001489,GRN2025001489,SKU0066,2026-01-22,93,26761.58,2488826.94,18,447988.85,2936815.79,CLEAN
INV2025001490,V025,Arun Safety & PPE,PO2025001490,GRN2025001490,SKU0057,2025-10-26,236,756.68,178576.48,12,21429.18,200005.66,DUPLICATE
INV2026001490,V025,Arun Safety & PPE,PO2025001490,GRN2025001490,SKU0057,2025-10-29,236,756.68,178576.48,12,21429.18,200005.66,DUPLICATE
INV2025001491,V029,Eagle Stationery Solutions,PO2025001491,GRN2025001491,SKU0012,2025-09-11,179,158.91,28444.89,18,5120.08,33564.97,CLEAN
INV2025001492,V022,Vertex Automation,PO2025001492,GRN2025001492,SKU0049,2026-05-18,180,1170.59,210706.2,18,37927.12,248633.32,CLEAN
INV2025001494,V036,Lumina Office Technologies,PO2025001494,GRN2025001494,SKU0064,2026-04-03,85,1328.01,112880.85,18,20318.55,133199.4,CLEAN
INV2025001495,V036,Lumina Office Technologies,PO2025001495,GRN2025001495,SKU0046,2026-06-22,203,816.98,165846.94,18,29852.45,195699.39,CLEAN
INV2025001496,V009,Indus Mechanical Works,PO2025001496,GRN2025001496,SKU0011,2026-07-07,161,467.46,75261.06,12,9031.33,84292.39,CLEAN
INV2025001498,V011,Kaveri Industrial Traders,PO2025001498,GRN2025001498,SKU0069,2025-12-14,34,2343.71,79686.14,18,14343.51,94029.65,CLEAN
INV2025001499,V023,Westline Consumables,PO2025001499,GRN2025001499,SKU0039,2026-08-31,75,1896.83,142262.25,12,17071.47,159333.72,CLEAN
INV2025001500,V033,Innovatech Solutions,PO2025001500,GRN2025001500,SKU0054,2025-10-15,34,635.52,21607.68,5,1080.38,22688.06,CLEAN
INV2025001501,V035,Keystone Industrial Products,PO2025001501,GRN2025001501,SKU0033,2025-08-10,230,628.93,144653.9,12,17358.47,162012.37,CLEAN
INV2025001502,V004,Delta Engineering Components,PO2025001502,GRN2025001502,SKU0022,2025-12-31,31,543.96,16862.76,12,2023.53,18886.29,CLEAN
INV2025001503,V036,Lumina Office Technologies,PO2025001503,GRN2025001503,SKU0024,2025-09-30,153,984.89,150688.17,18,27123.87,177812.04,CLEAN
INV2025001504,V014,Nova Tech Systems,PO2025001504,GRN2025001504,SKU0034,2025-07-19,216,12888.97,2784017.52,5,139200.88,2923218.4,CLEAN
INV2025001505,V027,Crest Chemicals,PO2025001505,GRN2025001505,SKU0057,2025-05-17,168,717.0,120456.0,12,14454.72,134910.72,CLEAN
INV2025001506,V018,Ridgeway Bearings,PO2025001506,GRN2025001506,SKU0048,2026-03-16,139,984.33,136821.87,5,6841.09,143662.96,CLEAN
INV2025001507,V012,Lotus Packaging India Pvt Ltd,PO2025001507,GRN2025001507,SKU0005,2026-04-04,169,553.01,93458.69,12,11215.04,104673.73,CLEAN
INV2025001508,V036,Lumina Office Technologies,PO2025001508,GRN2025001508,SKU0050,2026-08-05,159,17573.32,2794157.88,18,502948.42,3297106.3,CLEAN
INV2025001509,V030,Frontier Components,PO2025001509,GRN2025001509,SKU0042,2026-03-02,28,23197.45,649528.6,18,116915.15,766443.75,CLEAN
INV2025001510,V002,BluePeak Office Systems Pvt Ltd,PO2025001510,GRN2025001510,SKU0036,2026-09-03,168,218.62,36728.16,12,4407.38,41135.54,CLEAN
INV2025001511,V020,Trident Facility Services,PO2025001511,GRN2025001511,SKU0026,2025-05-11,90,14738.7,1326483.0,12,159177.96,1485660.96,CLEAN
INV2025001512,V023,Westline Consumables,PO2025001512,,SKU0015,2025-06-22,244,3425.21,835751.24,12,100290.15,936041.39,MISSING_GRN
INV2025001513,V031,Ganga Hardware Traders,PO2025001513,GRN2025001513,SKU0027,2025-03-25,69,427.8,29518.2,5,1475.91,30994.11,QTY_VARIANCE
INV2025001514,V002,BluePeak Office Systems Pvt Ltd,,GRN2025001514,SKU0019,2025-04-07,129,434.02,55988.58,12,6718.63,62707.21,MISSING_PO
INV2025001515,V031,Ganga Hardware Traders,PO2025001515,GRN2025001515,SKU0002,2025-02-26,212,12632.16,2678017.92,5,133900.9,2811918.82,CLEAN
INV2025001516,V008,Horizon IT Distribution,PO2025001516,GRN2025001516,SKU0025,2025-06-26,203,756.11,153490.33,18,27628.26,181118.59,CLEAN
INV2025001517,V036,Lumina Office Technologies,PO2025001517,GRN2025001517,SKU0034,2026-05-05,156,13469.33,2101215.48,18,378218.79,2479434.27,CLEAN
INV2025001518,V021,United Process Equipment,PO2025001518,GRN2025001518,SKU0067,2026-04-05,54,280.08,15124.32,18,2722.38,17846.7,CLEAN
INV2025001519,V025,Arun Safety & PPE,PO2025001519,GRN2025001519,SKU0042,2025-03-03,81,26117.06,2115481.86,12,253857.82,2369339.68,CLEAN
INV2025001520,V015,Orbit Maintenance Supplies,PO2025001520,,SKU0047,2025-03-31,196,3933.51,770967.96,18,138774.23,909742.19,MISSING_GRN
INV2025001521,V001,Apex Industrial Supplies Pvt Ltd,PO2025001521,GRN2025001521,SKU0040,2025-05-01,61,1345.07,82049.27,5,4102.46,86151.73,QTY_VARIANCE
INV2025001522,V017,Quantum Electricals,PO2025001522,GRN2025001522,SKU0014,2025-01-21,77,1340.6,103226.2,18,18580.72,121806.92,CLEAN
INV2025001523,V015,Orbit Maintenance Supplies,PO2025001523,GRN2025001523,SKU0007,2025-08-01,28,2484.0,69552.0,18,12519.36,82071.36,CLEAN
INV2025001524,V015,Orbit Maintenance Supplies,PO2025001524,GRN2025001524,SKU0052,2026-06-08,21,158.69,3332.49,18,599.85,3932.34,CLEAN
INV2025001525,V009,Indus Mechanical Works,PO2025001525,GRN2025001525,SKU0054,2025-10-16,196,604.44,118470.24,12,14216.43,132686.67,CLEAN
INV2025001526,V030,Frontier Components,PO2025001526,GRN2025001526,SKU0074,2025-10-29,11,24470.37,269174.07,18,48451.33,317625.4,CLEAN
INV2025001527,V004,Delta Engineering Components,PO2025001527,GRN2025001527,SKU0029,2026-02-27,229,1730.48,396279.92,12,47553.59,443833.51,CLEAN
INV2025001528,V011,Kaveri Industrial Traders,PO2025001528,GRN2025001528,SKU0046,2025-11-12,24,806.97,19367.28,18,3486.11,22853.39,CLEAN
INV2025001529,V003,Crown Packaging Solutions,PO2025001529,GRN2025001529,SKU0070,2025-08-25,3,676.06,2028.18,5,101.41,2129.59,CLEAN
INV2025001530,V022,Vertex Automation,PO2025001530,GRN2025001530,SKU0058,2025-02-19,91,36784.61,3347399.51,18,602531.91,3949931.42,CLEAN
INV2025001531,V008,Horizon IT Distribution,PO2025001531,GRN2025001531,SKU0063,2025-08-22,38,2598.68,98749.84,18,17774.97,116524.81,QTY_VARIANCE
INV2025001532,V010,Jupiter Office Products,PO2025001532,GRN2025001532,SKU0033,2026-07-02,78,608.87,47491.86,18,8548.53,56040.39,CLEAN
INV2025001533,V031,Ganga Hardware Traders,PO2025001533,GRN2025001533,SKU0023,2025-08-11,241,4973.91,1198712.31,5,59935.62,1258647.93,CLEAN
INV2025001534,V035,Keystone Industrial Products,PO2025001534,GRN2025001534,SKU0014,2026-03-14,117,1292.08,151173.36,12,18140.8,169314.16,CLEAN
INV2025001535,V010,Jupiter Office Products,PO2025001535,GRN2025001535,SKU0041,2025-10-16,212,1318.48,279517.76,18,50313.2,329830.96,CLEAN
INV2025001536,V023,Westline Consumables,PO2025001536,GRN2025001536,SKU0001,2025-05-25,63,952.4,60001.2,12,7200.14,67201.34,QTY_OVER_RECEIPT
INV2025001537,V009,Indus Mechanical Works,PO2025001537,GRN2025001537,SKU0012,2025-08-11,3,178.16,534.48,12,64.14,598.62,CLEAN
INV2025001538,V014,Nova Tech Systems,PO2025001538,GRN2025001538,SKU0041,2026-06-21,165,1142.21,188464.65,5,9423.23,197887.88,CLEAN
INV2025001539,V034,Jade Logistics Supplies,PO2025001539,GRN2025001539,SKU0074,2026-02-08,232,22655.6,5256099.2,18,946097.86,6202197.06,CLEAN
INV2025001540,V002,BluePeak Office Systems Pvt Ltd,,GRN2025001540,SKU0043,2025-11-02,129,221.11,28523.19,12,3422.78,31945.97,MISSING_PO
INV2025001541,V014,Nova Tech Systems,PO2025001541,GRN2025001541,SKU0022,2026-03-20,208,662.94,137891.52,5,6894.58,144786.1,PRICE_VARIANCE
INV2025001542,V039,Omkar Facility Products,,GRN2025001542,SKU0065,2025-02-08,106,1160.09,122969.54,5,6148.48,129118.02,MISSING_PO
INV2025001543,V037,Magnus Tools,PO2025001543,,SKU0063,2025-04-08,219,2770.89,606824.91,18,109228.48,716053.39,MISSING_GRN
INV2025001544,V037,Magnus Tools,PO2025001544,GRN2025001544,SKU0016,2026-06-03,116,693.81,80481.96,18,14486.75,94968.71,CLEAN
INV2025001545,V006,Falcon Electricals India Pvt Ltd,PO2025001545,GRN2025001545,SKU0068,2025-02-12,205,106.77,21887.85,5,1094.39,22982.24,CLEAN
INV2025001546,V012,Lotus Packaging India Pvt Ltd,PO2025001546,GRN2025001546,SKU0040,2025-05-16,117,1283.35,150151.95,12,18018.23,168170.18,CLEAN
INV2025001547,V006,Falcon Electricals India Pvt Ltd,PO2025001547,GRN2025001547,SKU0055,2025-05-05,114,2021.66,230469.24,5,11523.46,241992.7,CLEAN
INV2025001549,V039,Omkar Facility Products,PO2025001549,GRN2025001549,SKU0063,2026-10-01,144,2572.8,370483.2,5,18524.16,389007.36,CLEAN
INV2025001550,V023,Westline Consumables,PO2025001550,GRN2025001550,SKU0030,2025-07-21,129,875.96,112998.84,12,13559.86,126558.7,CLEAN
INV2025001551,V004,Delta Engineering Components,PO2025001551,GRN2025001551,SKU0076,2025-06-28,188,174.29,32766.52,12,3931.98,36698.5,CLEAN
INV2025001552,V038,NexGen Components,PO2025001552,GRN2025001552,SKU0009,2025-12-18,164,766.75,125747.0,18,22634.46,148381.46,DUPLICATE
INV2026001552,V038,NexGen Components,PO2025001552,GRN2025001552,SKU0009,2025-12-21,164,766.75,125747.0,18,22634.46,148381.46,DUPLICATE
INV2025001553,V003,Crown Packaging Solutions,PO2025001553,GRN2025001553,SKU0057,2026-07-05,151,667.21,100748.71,5,5037.44,105786.15,CLEAN
INV2025001554,V021,United Process Equipment,PO2025001554,GRN2025001554,SKU0039,2025-08-11,74,2041.37,151061.38,18,27191.05,178252.43,PRICE_VARIANCE
INV2025001555,V011,Kaveri Industrial Traders,PO2025001555,GRN2025001555,SKU0040,2025-02-11,106,1198.54,127045.24,18,22868.14,149913.38,CLEAN
INV2025001556,V034,Jade Logistics Supplies,PO2025001556,GRN2025001556,SKU0063,2025-08-27,83,2965.19,246110.77,18,44299.94,290410.71,CLEAN
INV2025001557,V003,Crown Packaging Solutions,PO2025001557,GRN2025001557,SKU0054,2025-01-29,27,663.17,17905.59,5,895.28,18800.87,CLEAN
INV2025001558,V035,Keystone Industrial Products,PO2025001558,GRN2025001558,SKU0071,2025-10-13,192,1642.0,315264.0,12,37831.68,353095.68,PRICE_VARIANCE
INV2025001559,V014,Nova Tech Systems,PO2025001559,GRN2025001559,SKU0021,2025-02-14,83,1223.1,101517.3,5,5075.86,106593.16,CLEAN
INV2025001560,V025,Arun Safety & PPE,PO2025001560,GRN2025001560,SKU0031,2025-04-21,233,6456.03,1504254.99,12,180510.6,1684765.59,CLEAN
INV2025001561,V035,Keystone Industrial Products,PO2025001561,GRN2025001561,SKU0001,2026-04-06,223,864.19,192714.37,12,23125.72,215840.09,CLEAN
INV2025001562,V028,Dynamo Power Systems,PO2025001562,GRN2025001562,SKU0079,2025-02-16,119,3472.96,413282.24,5,20664.11,433946.35,CLEAN
INV2025001563,V021,United Process Equipment,PO2025001563,GRN2025001563,SKU0064,2026-02-16,201,1177.91,236759.91,18,42616.78,279376.69,CLEAN
INV2025001564,V035,Keystone Industrial Products,PO2025001564,GRN2025001564,SKU0067,2025-07-21,78,279.07,21767.46,12,2612.1,24379.56,CLEAN
INV2025001565,V015,Orbit Maintenance Supplies,PO2025001565,GRN2025001565,SKU0048,2025-10-14,105,1244.14,130634.7,18,23514.25,154148.95,PRICE_VARIANCE
INV2025001566,V035,Keystone Industrial Products,PO2025001566,GRN2025001566,SKU0002,2026-05-11,211,12682.71,2676051.81,12,321126.22,2997178.03,PRICE_VARIANCE
INV2025001567,V024,Zenith Engineering Supplies,PO2025001567,GRN2025001567,SKU0064,2026-04-05,15,1160.14,17402.1,12,2088.25,19490.35,CLEAN
INV2025001568,V032,Helios Controls,PO2025001568,GRN2025001568,SKU0074,2026-06-15,114,22737.85,2592114.9,18,466580.68,3058695.58,CLEAN
INV2025001569,V024,Zenith Engineering Supplies,PO2025001569,GRN2025001569,SKU0032,2025-07-21,51,721.65,36804.15,12,4416.5,41220.65,CLEAN
INV2025001570,V029,Eagle Stationery Solutions,PO2025001570,GRN2025001570,SKU0057,2025-06-13,77,790.6,60876.2,18,10957.72,71833.92,CLEAN
INV2025001571,V022,Vertex Automation,PO2025001571,GRN2025001571,SKU0035,2025-05-04,102,415.32,42362.64,18,7625.28,49987.92,CLEAN
INV2025001572,V018,Ridgeway Bearings,PO2025001572,GRN2025001572,SKU0018,2026-06-28,44,11504.58,506201.52,5,25310.08,531511.6,CLEAN
INV2025001573,V014,Nova Tech Systems,PO2025001573,GRN2025001573,SKU0003,2026-03-11,139,448.0,62272.0,5,3113.6,65385.6,CLEAN
INV2025001574,V016,Prime Tools & Components,PO2025001574,GRN2025001574,SKU0014,2026-09-19,153,1207.41,184733.73,12,22168.05,206901.78,CLEAN
INV2025001575,V017,Quantum Electricals,PO2025001575,GRN2025001575,SKU0026,2026-07-27,193,15473.41,2986368.13,18,537546.26,3523914.39,CLEAN
INV2025001577,V026,Bharat Industrial Stores,PO2025001577,GRN2025001577,SKU0016,2026-05-18,28,666.78,18669.84,18,3360.57,22030.41,QTY_OVER_RECEIPT
INV2025001578,V021,United Process Equipment,PO2025001578,GRN2025001578,SKU0018,2025-06-15,209,13047.44,2726914.96,18,490844.69,3217759.65,CLEAN
INV2025001579,V006,Falcon Electricals India Pvt Ltd,PO2025001579,GRN2025001579,SKU0048,2025-06-16,224,1011.6,226598.4,5,11329.92,237928.32,CLEAN
INV2025001580,V033,Innovatech Solutions,PO2025001580,GRN2025001580,SKU0035,2025-06-02,236,403.99,95341.64,5,4767.08,100108.72,CLEAN
INV2025001581,V021,United Process Equipment,PO2025001581,GRN2025001581,SKU0062,2025-04-14,9,672.64,6053.76,18,1089.68,7143.44,CLEAN
INV2025001582,V037,Magnus Tools,PO2025001582,GRN2025001582,SKU0031,2026-03-27,127,6660.65,845902.55,18,152262.46,998165.01,CLEAN
INV2025001583,V008,Horizon IT Distribution,PO2025001583,GRN2025001583,SKU0032,2025-08-28,86,854.65,73499.9,18,13229.98,86729.88,CLEAN
INV2025001584,V023,Westline Consumables,PO2025001584,GRN2025001584,SKU0062,2025-06-02,52,644.25,33501.0,12,4020.12,37521.12,CLEAN
INV2025001585,V040,Pioneer Electrical Traders,PO2025001585,GRN2025001585,SKU0002,2025-10-04,14,11273.79,157833.06,18,28409.95,186243.01,CLEAN
INV2025001586,V029,Eagle Stationery Solutions,PO2025001586,GRN2025001586,SKU0026,2025-10-30,142,16538.02,2348398.84,18,422711.79,2771110.63,PRICE_VARIANCE
INV2025001587,V032,Helios Controls,PO2025001587,GRN2025001587,SKU0031,2025-08-09,43,6827.39,293577.77,18,52844.0,346421.77,CLEAN
INV2025001588,V019,Sigma Industrial Products,PO2025001588,GRN2025001588,SKU0070,2026-09-07,32,774.34,24778.88,12,2973.47,27752.35,CLEAN
INV2025001589,V024,Zenith Engineering Supplies,PO2025001589,GRN2025001589,SKU0054,2025-06-01,12,626.85,7522.2,12,902.66,8424.86,CLEAN
INV2025001590,V034,Jade Logistics Supplies,PO2025001590,GRN2025001590,SKU0072,2025-12-24,103,613.32,63171.96,18,11370.95,74542.91,CLEAN
INV2025001591,V009,Indus Mechanical Works,PO2025001591,GRN2025001591,SKU0004,2025-04-08,183,184.13,33695.79,12,4043.49,37739.28,CLEAN
INV2025001592,V027,Crest Chemicals,PO2025001592,GRN2025001592,SKU0073,2025-02-15,222,541.94,120310.68,12,14437.28,134747.96,CLEAN
INV2025001593,V029,Eagle Stationery Solutions,PO2025001593,GRN2025001593,SKU0043,2026-09-04,14,263.44,3688.16,18,663.87,4352.03,PRICE_VARIANCE
INV2025001595,V023,Westline Consumables,PO2025001595,GRN2025001595,SKU0010,2025-06-16,183,13837.64,2532288.12,12,303874.57,2836162.69,CLEAN
INV2025001596,V014,Nova Tech Systems,PO2025001596,GRN2025001596,SKU0034,2026-06-10,249,12182.18,3033362.82,5,151668.14,3185030.96,DUPLICATE
INV2026001596,V014,Nova Tech Systems,PO2025001596,GRN2025001596,SKU0034,2026-06-16,249,12182.18,3033362.82,5,151668.14,3185030.96,DUPLICATE
INV2025001597,V013,Metro Fasteners,PO2025001597,GRN2025001597,SKU0050,2026-05-08,3,17306.52,51919.56,18,9345.52,61265.08,CLEAN
INV2025001598,V027,Crest Chemicals,PO2025001598,GRN2025001598,SKU0030,2026-09-03,81,901.37,73010.97,12,8761.32,81772.29,QTY_OVER_RECEIPT
INV2025001599,V037,Magnus Tools,PO2025001599,GRN2025001599,SKU0012,2025-04-26,234,152.65,35720.1,18,6429.62,42149.72,CLEAN
INV2025001600,V030,Frontier Components,PO2025001600,GRN2025001600,SKU0031,2025-05-21,128,7093.26,907937.28,18,163428.71,1071365.99,PRICE_VARIANCE
INV2025001601,V029,Eagle Stationery Solutions,PO2025001601,GRN2025001601,SKU0029,2025-02-19,238,1555.19,370135.22,18,66624.34,436759.56,CLEAN
INV2025001602,V015,Orbit Maintenance Supplies,PO2025001602,GRN2025001602,SKU0001,2025-01-21,159,933.36,148404.24,18,26712.76,175117.0,CLEAN
INV2025001603,V039,Omkar Facility Products,PO2025001603,GRN2025001603,SKU0053,2026-06-20,45,783.21,35244.45,5,1762.22,37006.67,DUPLICATE
INV2026001603,V039,Omkar Facility Products,PO2025001603,GRN2025001603,SKU0053,2026-06-25,45,783.21,35244.45,5,1762.22,37006.67,DUPLICATE
INV2025001604,V012,Lotus Packaging India Pvt Ltd,PO2025001604,GRN2025001604,SKU0040,2026-04-28,222,1335.06,296383.32,12,35566.0,331949.32,CLEAN
INV2025001605,V027,Crest Chemicals,PO2025001605,GRN2025001605,SKU0009,2025-12-12,182,913.01,166167.82,12,19940.14,186107.96,CLEAN
INV2025001606,V001,Apex Industrial Supplies Pvt Ltd,PO2025001606,GRN2025001606,SKU0039,2026-08-19,182,1855.99,337790.18,5,16889.51,354679.69,CLEAN
INV2025001607,V002,BluePeak Office Systems Pvt Ltd,PO2025001607,,SKU0027,2025-06-19,197,421.72,83078.84,12,9969.46,93048.3,MISSING_GRN
INV2025001608,V038,NexGen Components,PO2025001608,GRN2025001608,SKU0020,2026-02-18,24,106.82,2563.68,18,461.46,3025.14,CLEAN
INV2025001609,V025,Arun Safety & PPE,PO2025001609,GRN2025001609,SKU0069,2026-07-14,132,2349.88,310184.16,12,37222.1,347406.26,CLEAN
INV2025001610,V038,NexGen Components,PO2025001610,,SKU0051,2026-02-22,135,360.34,48645.9,18,8756.26,57402.16,MISSING_GRN
INV2025001611,V015,Orbit Maintenance Supplies,PO2025001611,GRN2025001611,SKU0005,2026-07-10,33,566.71,18701.43,18,3366.26,22067.69,CLEAN
INV2025001613,V039,Omkar Facility Products,PO2025001613,,SKU0002,2026-06-28,225,11213.32,2522997.0,5,126149.85,2649146.85,MISSING_GRN
INV2025001614,V032,Helios Controls,PO2025001614,GRN2025001614,SKU0070,2025-05-26,235,734.37,172576.95,18,31063.85,203640.8,CLEAN
INV2025001615,V021,United Process Equipment,PO2025001615,GRN2025001615,SKU0072,2026-05-15,47,508.67,23907.49,18,4303.35,28210.84,CLEAN
INV2025001616,V034,Jade Logistics Supplies,PO2025001616,GRN2025001616,SKU0047,2026-08-25,196,4140.7,811577.2,18,146083.9,957661.1,PRICE_VARIANCE
INV2025001617,V006,Falcon Electricals India Pvt Ltd,PO2025001617,GRN2025001617,SKU0013,2025-08-15,151,1600.62,241693.62,5,12084.68,253778.3,CLEAN
INV2025001618,V036,Lumina Office Technologies,PO2025001618,GRN2025001618,SKU0031,2026-05-30,239,6163.51,1473078.89,18,265154.2,1738233.09,CLEAN
INV2025001619,V019,Sigma Industrial Products,PO2025001619,GRN2025001619,SKU0058,2025-05-28,155,38973.78,6040935.9,12,724912.31,6765848.21,CLEAN
INV2025001621,V027,Crest Chemicals,PO2025001621,GRN2025001621,SKU0047,2025-11-01,164,4032.01,661249.64,12,79349.96,740599.6,CLEAN
INV2025001622,V008,Horizon IT Distribution,PO2025001622,GRN2025001622,SKU0064,2025-09-27,100,1300.96,130096.0,18,23417.28,153513.28,CLEAN
INV2025001623,V006,Falcon Electricals India Pvt Ltd,PO2025001623,GRN2025001623,SKU0067,2026-07-16,101,299.5,30249.5,5,1512.47,31761.97,CLEAN
INV2025001624,V026,Bharat Industrial Stores,PO2025001624,GRN2025001624,SKU0037,2025-09-05,61,1293.52,78904.72,18,14202.85,93107.57,CLEAN
INV2025001626,V004,Delta Engineering Components,PO2025001626,GRN2025001626,SKU0021,2026-06-25,190,1416.34,269104.6,12,32292.55,301397.15,CLEAN
INV2025001627,V009,Indus Mechanical Works,PO2025001627,GRN2025001627,SKU0032,2025-05-25,7,742.97,5200.79,12,624.09,5824.88,CLEAN
INV2025001628,V029,Eagle Stationery Solutions,PO2025001628,GRN2025001628,SKU0070,2025-11-23,53,762.84,40430.52,18,7277.49,47708.01,QTY_OVER_RECEIPT
INV2025001629,V040,Pioneer Electrical Traders,PO2025001629,GRN2025001629,SKU0020,2025-05-22,20,116.45,2329.0,18,419.22,2748.22,CLEAN
INV2025001630,V024,Zenith Engineering Supplies,PO2025001630,GRN2025001630,SKU0037,2025-02-08,50,1271.31,63565.5,12,7627.86,71193.36,CLEAN
INV2025001631,V037,Magnus Tools,PO2025001631,GRN2025001631,SKU0054,2026-05-16,161,693.78,111698.58,18,20105.74,131804.32,PRICE_VARIANCE
INV2025001633,V004,Delta Engineering Components,PO2025001633,GRN2025001633,SKU0039,2025-05-06,90,1956.04,176043.6,12,21125.23,197168.83,PRICE_VARIANCE
INV2025001634,V039,Omkar Facility Products,PO2025001634,GRN2025001634,SKU0046,2025-02-25,130,768.54,99910.2,5,4995.51,104905.71,CLEAN
INV2025001635,V040,Pioneer Electrical Traders,PO2025001635,GRN2025001635,SKU0023,2025-08-30,113,4315.41,487641.33,18,87775.44,575416.77,CLEAN
INV2025001636,V009,Indus Mechanical Works,PO2025001636,GRN2025001636,SKU0039,2025-12-31,87,1799.04,156516.48,12,18781.98,175298.46,DUPLICATE
INV2026001636,V009,Indus Mechanical Works,PO2025001636,GRN2025001636,SKU0039,2026-01-04,87,1799.04,156516.48,12,18781.98,175298.46,DUPLICATE
INV2025001637,V013,Metro Fasteners,PO2025001637,GRN2025001637,SKU0066,2026-07-03,119,26639.33,3170080.27,18,570614.45,3740694.72,CLEAN
INV2025001638,V003,Crown Packaging Solutions,PO2025001638,GRN2025001638,SKU0045,2026-08-02,80,1389.26,111140.8,5,5557.04,116697.84,CLEAN
INV2025001639,V016,Prime Tools & Components,PO2025001639,GRN2025001639,SKU0047,2026-04-04,96,3516.06,337541.76,12,40505.01,378046.77,CLEAN
INV2025001640,V037,Magnus Tools,PO2025001640,GRN2025001640,SKU0017,2025-08-30,192,976.6,187507.2,18,33751.3,221258.5,CLEAN
INV2025001642,V002,BluePeak Office Systems Pvt Ltd,PO2025001642,GRN2025001642,SKU0007,2026-08-24,163,2889.62,471008.06,12,56520.97,527529.03,CLEAN
INV2025001643,V039,Omkar Facility Products,PO2025001643,GRN2025001643,SKU0080,2026-01-18,109,923.75,100688.75,5,5034.44,105723.19,CLEAN
INV2025001644,V009,Indus Mechanical Works,PO2025001644,GRN2025001644,SKU0026,2025-01-19,184,17252.25,3174414.0,12,380929.68,3555343.68,QTY_OVER_RECEIPT
INV2025001645,V025,Arun Safety & PPE,PO2025001645,GRN2025001645,SKU0010,2025-11-13,200,11975.78,2395156.0,12,287418.72,2682574.72,CLEAN
INV2025001646,V016,Prime Tools & Components,PO2025001646,GRN2025001646,SKU0053,2025-04-18,36,772.37,27805.32,12,3336.64,31141.96,CLEAN
INV2025001647,V017,Quantum Electricals,PO2025001647,GRN2025001647,SKU0016,2026-01-24,246,675.99,166293.54,18,29932.84,196226.38,CLEAN
INV2025001648,V001,Apex Industrial Supplies Pvt Ltd,PO2025001648,GRN2025001648,SKU0016,2025-10-09,174,593.78,103317.72,5,5165.89,108483.61,CLEAN
INV2025001649,V016,Prime Tools & Components,PO2025001649,GRN2025001649,SKU0058,2025-03-07,148,35306.45,5225354.6,12,627042.55,5852397.15,CLEAN
INV2025001650,V038,NexGen Components,PO2025001650,,SKU0015,2026-05-24,248,3334.97,827072.56,18,148873.06,975945.62,MISSING_GRN
INV2025001651,V021,United Process Equipment,PO2025001651,GRN2025001651,SKU0039,2025-08-16,23,1953.49,44930.27,18,8087.45,53017.72,CLEAN
INV2025001652,V031,Ganga Hardware Traders,PO2025001652,GRN2025001652,SKU0056,2026-05-02,65,736.9,47898.5,5,2394.93,50293.43,CLEAN
INV2025001653,V003,Crown Packaging Solutions,PO2025001653,GRN2025001653,SKU0058,2026-04-26,224,36616.43,8202080.32,5,410104.02,8612184.34,CLEAN
INV2025001654,V033,Innovatech Solutions,PO2025001654,GRN2025001654,SKU0052,2026-03-14,160,194.08,31052.8,5,1552.64,32605.44,PRICE_VARIANCE
INV2025001655,V040,Pioneer Electrical Traders,PO2025001655,GRN2025001655,SKU0075,2025-05-17,200,306.0,61200.0,18,11016.0,72216.0,CLEAN
INV2025001656,V040,Pioneer Electrical Traders,PO2025001656,GRN2025001656,SKU0027,2026-01-26,45,440.0,19800.0,18,3564.0,23364.0,CLEAN
INV2025001657,V039,Omkar Facility Products,PO2025001657,GRN2025001657,SKU0033,2025-10-20,12,647.87,7774.44,5,388.72,8163.16,CLEAN
INV2025001658,V033,Innovatech Solutions,PO2025001658,GRN2025001658,SKU0001,2026-02-08,139,949.18,131936.02,5,6596.8,138532.82,QTY_VARIANCE
INV2025001659,V020,Trident Facility Services,PO2025001659,GRN2025001659,SKU0053,2025-07-12,35,677.8,23723.0,12,2846.76,26569.76,DUPLICATE
INV2026001659,V020,Trident Facility Services,PO2025001659,GRN2025001659,SKU0053,2025-07-19,35,677.8,23723.0,12,2846.76,26569.76,DUPLICATE
INV2025001660,V011,Kaveri Industrial Traders,PO2025001660,GRN2025001660,SKU0046,2025-12-22,159,933.53,148431.27,18,26717.63,175148.9,CLEAN
INV2025001661,V037,Magnus Tools,PO2025001661,GRN2025001661,SKU0014,2026-02-15,11,1404.63,15450.93,18,2781.17,18232.1,PRICE_VARIANCE
INV2025001662,V032,Helios Controls,PO2025001662,GRN2025001662,SKU0075,2026-07-01,102,305.99,31210.98,18,5617.98,36828.96,CLEAN
INV2025001663,V040,Pioneer Electrical Traders,PO2025001663,GRN2025001663,SKU0032,2026-04-08,86,919.47,79074.42,18,14233.4,93307.82,PRICE_VARIANCE
INV2025001664,V009,Indus Mechanical Works,PO2025001664,GRN2025001664,SKU0029,2026-07-11,100,1746.03,174603.0,12,20952.36,195555.36,CLEAN
INV2025001665,V037,Magnus Tools,PO2025001665,GRN2025001665,SKU0029,2026-03-10,176,1942.78,341929.28,18,61547.27,403476.55,CLEAN
INV2025001666,V009,Indus Mechanical Works,PO2025001666,GRN2025001666,SKU0067,2026-06-16,70,277.56,19429.2,12,2331.5,21760.7,CLEAN
INV2025001667,V022,Vertex Automation,PO2025001667,GRN2025001667,SKU0042,2025-03-06,218,25097.87,5471335.66,18,984840.42,6456176.08,CLEAN
INV2025001668,V037,Magnus Tools,,GRN2025001668,SKU0068,2025-01-23,198,103.62,20516.76,18,3693.02,24209.78,MISSING_PO
INV2025001669,V019,Sigma Industrial Products,PO2025001669,GRN2025001669,SKU0031,2026-03-22,218,6827.72,1488442.96,12,178613.16,1667056.12,CLEAN
INV2025001670,V006,Falcon Electricals India Pvt Ltd,PO2025001670,GRN2025001670,SKU0040,2025-05-02,231,1162.54,268546.74,5,13427.34,281974.08,CLEAN
INV2025001671,V038,NexGen Components,,GRN2025001671,SKU0036,2025-12-19,207,177.44,36730.08,18,6611.41,43341.49,MISSING_PO
INV2025001672,V026,Bharat Industrial Stores,PO2025001672,GRN2025001672,SKU0024,2025-12-21,38,979.72,37229.36,18,6701.28,43930.64,CLEAN
INV2025001673,V029,Eagle Stationery Solutions,PO2025001673,GRN2025001673,SKU0072,2026-02-12,44,606.64,26692.16,18,4804.59,31496.75,DUPLICATE
INV2026001673,V029,Eagle Stationery Solutions,PO2025001673,GRN2025001673,SKU0072,2026-02-17,44,606.64,26692.16,18,4804.59,31496.75,DUPLICATE
INV2025001674,V007,Gamma Safety Solutions,PO2025001674,GRN2025001674,SKU0050,2025-11-13,249,18836.54,4690298.46,5,234514.92,4924813.38,CLEAN
INV2025001675,V013,Metro Fasteners,PO2025001675,GRN2025001675,SKU0075,2026-02-15,160,375.09,60014.4,18,10802.59,70816.99,CLEAN
INV2025001676,V020,Trident Facility Services,PO2025001676,GRN2025001676,SKU0065,2025-09-11,43,1179.93,50736.99,12,6088.44,56825.43,CLEAN
INV2025001677,V019,Sigma Industrial Products,PO2025001677,GRN2025001677,SKU0002,2025-03-29,190,11299.5,2146905.0,12,257628.6,2404533.6,CLEAN
INV2025001678,V006,Falcon Electricals India Pvt Ltd,PO2025001678,GRN2025001678,SKU0059,2025-12-19,164,224.01,36737.64,5,1836.88,38574.52,CLEAN
INV2025001679,V004,Delta Engineering Components,PO2025001679,GRN2025001679,SKU0012,2025-03-26,244,179.54,43807.76,12,5256.93,49064.69,QTY_OVER_RECEIPT
INV2025001680,V025,Arun Safety & PPE,PO2025001680,GRN2025001680,SKU0071,2026-01-04,201,1436.2,288676.2,12,34641.14,323317.34,CLEAN
INV2025001681,V030,Frontier Components,PO2025001681,GRN2025001681,SKU0070,2026-06-07,127,709.09,90054.43,18,16209.8,106264.23,CLEAN
INV2025001682,V001,Apex Industrial Supplies Pvt Ltd,PO2025001682,GRN2025001682,SKU0020,2026-08-04,231,131.25,30318.75,5,1515.94,31834.69,CLEAN
INV2025001683,V025,Arun Safety & PPE,PO2025001683,GRN2025001683,SKU0080,2025-06-05,225,910.83,204936.75,12,24592.41,229529.16,CLEAN
INV2025001684,V031,Ganga Hardware Traders,PO2025001684,GRN2025001684,SKU0016,2026-03-30,40,569.78,22791.2,5,1139.56,23930.76,CLEAN
INV2025001685,V013,Metro Fasteners,PO2025001685,GRN2025001685,SKU0063,2025-12-14,65,2987.75,194203.75,18,34956.68,229160.43,CLEAN
INV2025001686,V021,United Process Equipment,PO2025001686,GRN2025001686,SKU0031,2025-09-07,48,6955.94,333885.12,18,60099.32,393984.44,CLEAN
INV2025001687,V013,Metro Fasteners,PO2025001687,GRN2025001687,SKU0062,2025-04-29,16,601.95,9631.2,18,1733.62,11364.82,QTY_OVER_RECEIPT
INV2025001688,V029,Eagle Stationery Solutions,PO2025001688,GRN2025001688,SKU0048,2026-02-12,169,1124.14,189979.66,18,34196.34,224176.0,CLEAN
INV2025001689,V022,Vertex Automation,PO2025001689,GRN2025001689,SKU0043,2026-09-14,53,245.67,13020.51,18,2343.69,15364.2,CLEAN
INV2025001690,V038,NexGen Components,PO2025001690,GRN2025001690,SKU0076,2025-03-01,87,182.04,15837.48,18,2850.75,18688.23,CLEAN
INV2025001691,V017,Quantum Electricals,PO2025001691,GRN2025001691,SKU0024,2026-09-04,122,782.15,95422.3,18,17176.01,112598.31,CLEAN
INV2025001692,V012,Lotus Packaging India Pvt Ltd,PO2025001692,GRN2025001692,SKU0080,2026-01-22,67,778.97,52190.99,12,6262.92,58453.91,CLEAN
INV2025001693,V038,NexGen Components,PO2025001693,GRN2025001693,SKU0008,2026-06-04,6,832.8,4996.8,18,899.42,5896.22,CLEAN
INV2025001694,V032,Helios Controls,PO2025001694,GRN2025001694,SKU0019,2025-04-06,121,436.72,52843.12,18,9511.76,62354.88,CLEAN
INV2025001695,V018,Ridgeway Bearings,PO2025001695,GRN2025001695,SKU0023,2025-10-25,210,4713.71,989879.1,5,49493.96,1039373.06,CLEAN
INV2025001696,V039,Omkar Facility Products,PO2025001696,GRN2025001696,SKU0033,2025-08-02,138,615.55,84945.9,5,4247.3,89193.2,CLEAN
INV2025001697,V025,Arun Safety & PPE,PO2025001697,GRN2025001697,SKU0063,2025-08-21,73,2539.99,185419.27,12,22250.31,207669.58,CLEAN
INV2025001698,V029,Eagle Stationery Solutions,PO2025001698,GRN2025001698,SKU0018,2026-05-17,10,12295.75,122957.5,18,22132.35,145089.85,CLEAN
INV2025001699,V015,Orbit Maintenance Supplies,PO2025001699,GRN2025001699,SKU0038,2025-11-20,216,553.17,119484.72,18,21507.25,140991.97,CLEAN
INV2025001700,V034,Jade Logistics Supplies,PO2025001700,GRN2025001700,SKU0015,2026-02-24,110,3501.87,385205.7,18,69337.03,454542.73,CLEAN
INV2025001701,V037,Magnus Tools,PO2025001701,GRN2025001701,SKU0066,2026-05-06,162,29096.27,4713595.74,18,848447.23,5562042.97,CLEAN
INV2025001702,V037,Magnus Tools,PO2025001702,GRN2025001702,SKU0059,2025-09-21,17,203.36,3457.12,18,622.28,4079.4,CLEAN
INV2025001703,V014,Nova Tech Systems,PO2025001703,GRN2025001703,SKU0069,2025-06-18,171,1879.55,321403.05,5,16070.15,337473.2,CLEAN
INV2025001704,V020,Trident Facility Services,PO2025001704,GRN2025001704,SKU0060,2026-08-24,129,177.84,22941.36,12,2752.96,25694.32,CLEAN
INV2025001705,V021,United Process Equipment,PO2025001705,GRN2025001705,SKU0076,2026-03-15,61,170.26,10385.86,18,1869.45,12255.31,CLEAN
INV2025001706,V029,Eagle Stationery Solutions,PO2025001706,GRN2025001706,SKU0014,2026-06-30,46,1313.68,60429.28,18,10877.27,71306.55,CLEAN
INV2025001707,V010,Jupiter Office Products,PO2025001707,GRN2025001707,SKU0024,2025-03-27,144,961.55,138463.2,18,24923.38,163386.58,QTY_OVER_RECEIPT
INV2025001708,V022,Vertex Automation,PO2025001708,GRN2025001708,SKU0027,2025-10-22,105,440.56,46258.8,18,8326.58,54585.38,CLEAN
INV2025001709,V016,Prime Tools & Components,PO2025001709,GRN2025001709,SKU0007,2025-09-09,174,2757.7,479839.8,12,57580.78,537420.58,CLEAN
INV2025001710,V013,Metro Fasteners,,GRN2025001710,SKU0038,2025-06-26,128,513.86,65774.08,18,11839.33,77613.41,MISSING_PO
INV2025001711,V015,Orbit Maintenance Supplies,PO2025001711,GRN2025001711,SKU0004,2025-10-07,196,204.78,40136.88,18,7224.64,47361.52,CLEAN
INV2025001713,V014,Nova Tech Systems,PO2025001713,GRN2025001713,SKU0023,2025-02-27,118,4139.19,488424.42,5,24421.22,512845.64,CLEAN
INV2025001714,V004,Delta Engineering Components,PO2025001714,GRN2025001714,SKU0027,2025-10-14,16,403.71,6459.36,12,775.12,7234.48,CLEAN
INV2025001715,V013,Metro Fasteners,PO2025001715,GRN2025001715,SKU0063,2026-06-09,93,2886.35,268430.55,18,48317.5,316748.05,CLEAN
INV2025001716,V035,Keystone Industrial Products,PO2025001716,GRN2025001716,SKU0032,2025-07-16,113,869.45,98247.85,12,11789.74,110037.59,CLEAN
INV2025001717,V017,Quantum Electricals,PO2025001717,GRN2025001717,SKU0073,2025-05-03,80,608.93,48714.4,18,8768.59,57482.99,CLEAN
INV2025001719,V012,Lotus Packaging India Pvt Ltd,PO2025001719,GRN2025001719,SKU0049,2026-04-18,196,1228.12,240711.52,12,28885.38,269596.9,CLEAN
INV2025001720,V024,Zenith Engineering Supplies,PO2025001720,GRN2025001720,SKU0063,2025-07-08,208,2956.62,614976.96,12,73797.24,688774.2,CLEAN
INV2025001721,V039,Omkar Facility Products,PO2025001721,GRN2025001721,SKU0019,2025-03-29,109,419.22,45694.98,5,2284.75,47979.73,CLEAN
INV2025001722,V023,Westline Consumables,PO2025001722,GRN2025001722,SKU0045,2025-07-26,92,1497.1,137733.2,12,16527.98,154261.18,CLEAN
INV2025001723,V008,Horizon IT Distribution,,GRN2025001723,SKU0017,2025-04-12,163,907.93,147992.59,18,26638.67,174631.26,MISSING_PO
INV2025001724,V019,Sigma Industrial Products,,GRN2025001724,SKU0010,2026-04-16,84,11760.96,987920.64,12,118550.48,1106471.12,MISSING_PO
INV2025001725,V029,Eagle Stationery Solutions,PO2025001725,GRN2025001725,SKU0058,2025-10-16,57,37966.45,2164087.65,18,389535.78,2553623.43,CLEAN
INV2025001726,V011,Kaveri Industrial Traders,PO2025001726,GRN2025001726,SKU0028,2025-04-13,76,134.93,10254.68,18,1845.84,12100.52,CLEAN
INV2025001727,V027,Crest Chemicals,PO2025001727,GRN2025001727,SKU0042,2026-01-11,168,22578.9,3793255.2,12,455190.62,4248445.82,CLEAN
INV2025001728,V005,Evergreen Facility Products,PO2025001728,GRN2025001728,SKU0052,2026-04-24,5,145.87,729.35,12,87.52,816.87,CLEAN
INV2025001729,V024,Zenith Engineering Supplies,PO2025001729,GRN2025001729,SKU0016,2025-07-26,174,692.86,120557.64,12,14466.92,135024.56,CLEAN
INV2025001730,V031,Ganga Hardware Traders,PO2025001730,GRN2025001730,SKU0006,2025-12-15,116,454.71,52746.36,5,2637.32,55383.68,CLEAN
INV2025001731,V034,Jade Logistics Supplies,PO2025001731,GRN2025001731,SKU0035,2025-04-29,230,397.27,91372.1,18,16446.98,107819.08,CLEAN
INV2025001732,V027,Crest Chemicals,PO2025001732,GRN2025001732,SKU0053,2025-04-21,203,756.57,153583.71,12,18430.05,172013.76,CLEAN
INV2025001733,V010,Jupiter Office Products,PO2025001733,GRN2025001733,SKU0018,2025-03-09,174,13380.89,2328274.86,18,419089.47,2747364.33,CLEAN
INV2025001734,V035,Keystone Industrial Products,PO2025001734,GRN2025001734,SKU0031,2025-10-21,233,7527.41,1753886.53,12,210466.38,1964352.91,CLEAN
INV2025001735,V035,Keystone Industrial Products,PO2025001735,,SKU0074,2026-09-22,166,25608.94,4251084.04,12,510130.08,4761214.12,MISSING_GRN
INV2025001736,V036,Lumina Office Technologies,PO2025001736,GRN2025001736,SKU0014,2025-06-07,158,1402.26,221557.08,18,39880.27,261437.35,CLEAN
INV2025001737,V014,Nova Tech Systems,PO2025001737,GRN2025001737,SKU0013,2025-08-27,64,1361.37,87127.68,5,4356.38,91484.06,CLEAN
INV2025001738,V038,NexGen Components,PO2025001738,GRN2025001738,SKU0011,2025-06-10,225,461.83,103911.75,18,18704.12,122615.87,CLEAN
INV2025001739,V023,Westline Consumables,PO2025001739,GRN2025001739,SKU0066,2026-04-01,209,24078.53,5032412.77,12,603889.53,5636302.3,QTY_VARIANCE
INV2025001740,V023,Westline Consumables,PO2025001740,GRN2025001740,SKU0045,2025-04-12,69,1599.84,110388.96,12,13246.68,123635.64,CLEAN
INV2025001741,V014,Nova Tech Systems,PO2025001741,GRN2025001741,SKU0002,2025-07-12,118,12328.23,1454731.14,5,72736.56,1527467.7,CLEAN
INV2025001742,V040,Pioneer Electrical Traders,PO2025001742,GRN2025001742,SKU0048,2026-01-31,85,1103.59,93805.15,18,16884.93,110690.08,CLEAN
INV2025001743,V031,Ganga Hardware Traders,PO2025001743,GRN2025001743,SKU0012,2025-05-17,125,167.02,20877.5,5,1043.88,21921.38,PRICE_VARIANCE
INV2025001744,V011,Kaveri Industrial Traders,PO2025001744,GRN2025001744,SKU0051,2025-06-29,234,378.03,88459.02,18,15922.62,104381.64,CLEAN
INV2025001745,V012,Lotus Packaging India Pvt Ltd,PO2025001745,GRN2025001745,SKU0075,2025-06-11,231,404.31,93395.61,12,11207.47,104603.08,PRICE_VARIANCE
INV2025001746,V035,Keystone Industrial Products,PO2025001746,GRN2025001746,SKU0017,2025-12-30,63,1112.52,70088.76,12,8410.65,78499.41,CLEAN
INV2025001747,V027,Crest Chemicals,PO2025001747,GRN2025001747,SKU0006,2026-02-18,138,450.47,62164.86,12,7459.78,69624.64,QTY_VARIANCE
INV2025001748,V015,Orbit Maintenance Supplies,PO2025001748,GRN2025001748,SKU0060,2025-11-22,36,170.25,6129.0,18,1103.22,7232.22,CLEAN
INV2025001749,V038,NexGen Components,PO2025001749,,SKU0060,2025-12-09,60,188.5,11310.0,18,2035.8,13345.8,MISSING_GRN
INV2025001750,V009,Indus Mechanical Works,PO2025001750,GRN2025001750,SKU0038,2025-12-16,128,572.53,73283.84,12,8794.06,82077.9,CLEAN
INV2025001751,V029,Eagle Stationery Solutions,PO2025001751,GRN2025001751,SKU0080,2025-04-10,56,912.33,51090.48,18,9196.29,60286.77,CLEAN
INV2025001752,V004,Delta Engineering Components,PO2025001752,GRN2025001752,SKU0015,2025-12-31,53,3501.32,185569.96,12,22268.4,207838.36,CLEAN
INV2025001753,V025,Arun Safety & PPE,PO2025001753,GRN2025001753,SKU0008,2025-07-02,183,865.7,158423.1,12,19010.77,177433.87,PRICE_VARIANCE
INV2025001754,V005,Evergreen Facility Products,PO2025001754,GRN2025001754,SKU0033,2025-09-03,102,723.59,73806.18,12,8856.74,82662.92,QTY_OVER_RECEIPT
INV2025001755,V019,Sigma Industrial Products,PO2025001755,GRN2025001755,SKU0055,2025-07-14,72,2289.13,164817.36,12,19778.08,184595.44,CLEAN
INV2025001756,V023,Westline Consumables,PO2025001756,GRN2025001756,SKU0037,2026-04-15,178,1485.68,264451.04,12,31734.12,296185.16,CLEAN
INV2025001757,V018,Ridgeway Bearings,PO2025001757,GRN2025001757,SKU0022,2025-03-10,147,614.15,90280.05,5,4514.0,94794.05,CLEAN
INV2025001758,V023,Westline Consumables,PO2025001758,GRN2025001758,SKU0077,2026-05-22,38,1446.99,54985.62,12,6598.27,61583.89,PRICE_VARIANCE
INV2025001759,V009,Indus Mechanical Works,PO2025001759,GRN2025001759,SKU0023,2026-09-14,74,4969.15,367717.1,12,44126.05,411843.15,CLEAN
INV2025001760,V036,Lumina Office Technologies,PO2025001760,GRN2025001760,SKU0023,2025-11-13,115,4568.32,525356.8,18,94564.22,619921.02,QTY_OVER_RECEIPT
INV2025001761,V026,Bharat Industrial Stores,PO2025001761,GRN2025001761,SKU0046,2025-02-16,243,880.73,214017.39,18,38523.13,252540.52,CLEAN
INV2025001762,V019,Sigma Industrial Products,PO2025001762,GRN2025001762,SKU0013,2026-09-21,26,1430.43,37191.18,12,4462.94,41654.12,CLEAN
INV2025001763,V014,Nova Tech Systems,PO2025001763,GRN2025001763,SKU0005,2025-10-22,56,650.25,36414.0,5,1820.7,38234.7,CLEAN
INV2025001764,V011,Kaveri Industrial Traders,PO2025001764,GRN2025001764,SKU0018,2025-07-15,111,11695.9,1298244.9,18,233684.08,1531928.98,CLEAN
INV2025001765,V022,Vertex Automation,PO2025001765,GRN2025001765,SKU0066,2025-07-14,32,25844.46,827022.72,18,148864.09,975886.81,CLEAN
INV2025001766,V006,Falcon Electricals India Pvt Ltd,PO2025001766,GRN2025001766,SKU0019,2026-05-23,45,514.36,23146.2,5,1157.31,24303.51,PRICE_VARIANCE
INV2025001767,V009,Indus Mechanical Works,PO2025001767,GRN2025001767,SKU0057,2025-03-05,46,810.29,37273.34,12,4472.8,41746.14,CLEAN
INV2025001768,V027,Crest Chemicals,PO2025001768,GRN2025001768,SKU0013,2025-05-08,31,1392.1,43155.1,12,5178.61,48333.71,CLEAN
INV2025001769,V025,Arun Safety & PPE,PO2025001769,GRN2025001769,SKU0027,2026-04-03,35,361.15,12640.25,12,1516.83,14157.08,CLEAN
INV2025001770,V019,Sigma Industrial Products,PO2025001770,GRN2025001770,SKU0037,2025-09-05,41,1477.58,60580.78,12,7269.69,67850.47,CLEAN
INV2025001771,V015,Orbit Maintenance Supplies,PO2025001771,GRN2025001771,SKU0054,2025-12-24,45,708.57,31885.65,18,5739.42,37625.07,CLEAN
INV2025001772,V024,Zenith Engineering Supplies,PO2025001772,GRN2025001772,SKU0018,2025-10-22,77,11727.21,902995.17,12,108359.42,1011354.59,CLEAN
INV2025001773,V040,Pioneer Electrical Traders,PO2025001773,GRN2025001773,SKU0067,2025-06-04,189,285.97,54048.33,18,9728.7,63777.03,CLEAN
INV2025001774,V009,Indus Mechanical Works,PO2025001774,GRN2025001774,SKU0060,2025-10-22,209,168.28,35170.52,12,4220.46,39390.98,CLEAN
INV2025001775,V015,Orbit Maintenance Supplies,PO2025001775,GRN2025001775,SKU0017,2025-06-25,223,1003.45,223769.35,18,40278.48,264047.83,PRICE_VARIANCE
INV2025001776,V006,Falcon Electricals India Pvt Ltd,PO2025001776,GRN2025001776,SKU0068,2026-08-19,241,88.02,21212.82,5,1060.64,22273.46,QTY_OVER_RECEIPT
INV2025001778,V014,Nova Tech Systems,PO2025001778,GRN2025001778,SKU0006,2025-02-16,39,468.59,18275.01,5,913.75,19188.76,CLEAN
INV2025001779,V033,Innovatech Solutions,PO2025001779,GRN2025001779,SKU0003,2025-05-17,142,437.92,62184.64,5,3109.23,65293.87,CLEAN
INV2025001780,V022,Vertex Automation,PO2025001780,GRN2025001780,SKU0077,2026-08-07,78,1053.47,82170.66,18,14790.72,96961.38,CLEAN
INV2025001781,V036,Lumina Office Technologies,PO2025001781,GRN2025001781,SKU0012,2026-04-29,139,159.79,22210.81,18,3997.95,26208.76,CLEAN
INV2025001782,V038,NexGen Components,PO2025001782,GRN2025001782,SKU0058,2026-08-13,249,35712.15,8892325.35,18,1600618.56,10492943.91,CLEAN
INV2025001783,V008,Horizon IT Distribution,PO2025001783,GRN2025001783,SKU0059,2025-10-20,79,197.54,15605.66,18,2809.02,18414.68,CLEAN
INV2025001784,V014,Nova Tech Systems,PO2025001784,GRN2025001784,SKU0061,2025-12-07,99,685.78,67892.22,5,3394.61,71286.83,CLEAN
INV2025001785,V040,Pioneer Electrical Traders,PO2025001785,GRN2025001785,SKU0003,2026-04-18,43,439.03,18878.29,18,3398.09,22276.38,CLEAN
INV2025001786,V020,Trident Facility Services,PO2025001786,GRN2025001786,SKU0028,2025-08-06,201,134.67,27068.67,12,3248.24,30316.91,PRICE_VARIANCE
INV2025001787,V020,Trident Facility Services,PO2025001787,GRN2025001787,SKU0067,2026-01-28,137,302.9,41497.3,12,4979.68,46476.98,CLEAN
INV2025001788,V008,Horizon IT Distribution,PO2025001788,GRN2025001788,SKU0031,2026-06-24,233,7525.67,1753481.11,18,315626.6,2069107.71,CLEAN
INV2025001789,V031,Ganga Hardware Traders,PO2025001789,GRN2025001789,SKU0010,2025-12-06,164,13507.19,2215179.16,5,110758.96,2325938.12,CLEAN
INV2025001790,V002,BluePeak Office Systems Pvt Ltd,PO2025001790,GRN2025001790,SKU0009,2025-09-07,44,802.8,35323.2,12,4238.78,39561.98,CLEAN
INV2025001791,V034,Jade Logistics Supplies,PO2025001791,GRN2025001791,SKU0033,2026-03-06,8,750.17,6001.36,18,1080.24,7081.6,CLEAN
INV2025001792,V015,Orbit Maintenance Supplies,PO2025001792,GRN2025001792,SKU0063,2025-10-18,88,2903.96,255548.48,18,45998.73,301547.21,CLEAN
INV2025001793,V029,Eagle Stationery Solutions,PO2025001793,,SKU0003,2025-02-13,7,416.88,2918.16,18,525.27,3443.43,MISSING_GRN
INV2025001794,V021,United Process Equipment,PO2025001794,GRN2025001794,SKU0025,2025-02-26,114,655.25,74698.5,18,13445.73,88144.23,QTY_VARIANCE
INV2025001795,V002,BluePeak Office Systems Pvt Ltd,PO2025001795,GRN2025001795,SKU0010,2025-03-17,126,12159.52,1532099.52,12,183851.94,1715951.46,CLEAN
INV2025001796,V001,Apex Industrial Supplies Pvt Ltd,PO2025001796,GRN2025001796,SKU0014,2026-03-10,50,1325.22,66261.0,5,3313.05,69574.05,QTY_OVER_RECEIPT
INV2025001797,V031,Ganga Hardware Traders,PO2025001797,GRN2025001797,SKU0064,2025-07-30,60,1142.71,68562.6,5,3428.13,71990.73,CLEAN
INV2025001798,V021,United Process Equipment,PO2025001798,GRN2025001798,SKU0038,2026-06-09,62,522.8,32413.6,18,5834.45,38248.05,CLEAN
INV2025001799,V011,Kaveri Industrial Traders,PO2025001799,GRN2025001799,SKU0027,2025-09-27,237,444.86,105431.82,18,18977.73,124409.55,CLEAN
INV2025001800,V030,Frontier Components,PO2025001800,GRN2025001800,SKU0060,2025-11-19,165,200.16,33026.4,18,5944.75,38971.15,CLEAN
INV2025001801,V024,Zenith Engineering Supplies,PO2025001801,GRN2025001801,SKU0049,2025-12-11,165,1200.15,198024.75,12,23762.97,221787.72,CLEAN
INV2025001802,V024,Zenith Engineering Supplies,PO2025001802,GRN2025001802,SKU0079,2026-02-20,218,3180.49,693346.82,12,83201.62,776548.44,CLEAN
INV2025001803,V023,Westline Consumables,PO2025001803,GRN2025001803,SKU0037,2026-02-27,83,1280.57,106287.31,12,12754.48,119041.79,QTY_OVER_RECEIPT
INV2025001804,V026,Bharat Industrial Stores,PO2025001804,GRN2025001804,SKU0011,2025-08-16,79,531.46,41985.34,18,7557.36,49542.7,CLEAN
INV2025001805,V003,Crown Packaging Solutions,PO2025001805,GRN2025001805,SKU0019,2025-11-21,221,433.97,95907.37,5,4795.37,100702.74,CLEAN
INV2025001806,V038,NexGen Components,PO2025001806,GRN2025001806,SKU0057,2025-02-19,5,744.68,3723.4,18,670.21,4393.61,CLEAN
INV2025001807,V026,Bharat Industrial Stores,PO2025001807,GRN2025001807,SKU0014,2026-06-22,58,1245.29,72226.82,18,13000.83,85227.65,CLEAN
INV2025001808,V006,Falcon Electricals India Pvt Ltd,PO2025001808,GRN2025001808,SKU0035,2026-09-28,196,402.05,78801.8,5,3940.09,82741.89,CLEAN
INV2025001809,V035,Keystone Industrial Products,PO2025001809,GRN2025001809,SKU0076,2026-01-26,133,215.24,28626.92,12,3435.23,32062.15,PRICE_VARIANCE
INV2025001811,V023,Westline Consumables,PO2025001811,GRN2025001811,SKU0047,2026-05-14,149,3991.5,594733.5,12,71368.02,666101.52,CLEAN
INV2025001812,V011,Kaveri Industrial Traders,PO2025001812,GRN2025001812,SKU0028,2025-06-18,206,146.81,30242.86,18,5443.71,35686.57,CLEAN
INV2025001813,V039,Omkar Facility Products,PO2025001813,GRN2025001813,SKU0016,2026-01-30,165,714.02,117813.3,5,5890.66,123703.96,CLEAN
INV2025001814,V013,Metro Fasteners,PO2025001814,GRN2025001814,SKU0040,2026-03-08,120,1358.07,162968.4,18,29334.31,192302.71,CLEAN
INV2025001815,V013,Metro Fasteners,PO2025001815,GRN2025001815,SKU0035,2026-04-22,154,391.46,60284.84,18,10851.27,71136.11,CLEAN
INV2025001816,V040,Pioneer Electrical Traders,PO2025001816,GRN2025001816,SKU0011,2026-01-29,28,447.39,12526.92,18,2254.85,14781.77,CLEAN
INV2025001817,V011,Kaveri Industrial Traders,PO2025001817,GRN2025001817,SKU0034,2025-10-31,75,12785.17,958887.75,18,172599.8,1131487.55,CLEAN
INV2025001818,V035,Keystone Industrial Products,PO2025001818,GRN2025001818,SKU0017,2025-02-12,216,906.25,195750.0,12,23490.0,219240.0,CLEAN
INV2025001819,V007,Gamma Safety Solutions,PO2025001819,GRN2025001819,SKU0051,2026-06-26,76,374.49,28461.24,5,1423.06,29884.3,CLEAN
INV2025001820,V036,Lumina Office Technologies,PO2025001820,GRN2025001820,SKU0063,2026-04-23,37,2835.41,104910.17,18,18883.83,123794.0,QTY_OVER_RECEIPT
INV2025001821,V025,Arun Safety & PPE,PO2025001821,GRN2025001821,SKU0014,2026-06-28,8,1233.26,9866.08,12,1183.93,11050.01,CLEAN
INV2025001822,V013,Metro Fasteners,PO2025001822,GRN2025001822,SKU0025,2025-02-06,169,723.61,122290.09,18,22012.22,144302.31,CLEAN
INV2025001823,V015,Orbit Maintenance Supplies,PO2025001823,GRN2025001823,SKU0075,2026-02-21,227,317.08,71977.16,18,12955.89,84933.05,CLEAN
INV2025001824,V014,Nova Tech Systems,PO2025001824,GRN2025001824,SKU0037,2026-02-06,57,1220.25,69554.25,5,3477.71,73031.96,CLEAN
INV2025001825,V039,Omkar Facility Products,PO2025001825,GRN2025001825,SKU0040,2025-08-20,214,1362.76,291630.64,5,14581.53,306212.17,CLEAN
INV2025001826,V002,BluePeak Office Systems Pvt Ltd,PO2025001826,GRN2025001826,SKU0012,2025-10-30,99,174.78,17303.22,12,2076.39,19379.61,CLEAN
INV2025001827,V005,Evergreen Facility Products,,GRN2025001827,SKU0055,2025-11-03,20,2098.33,41966.6,12,5035.99,47002.59,MISSING_PO
INV2025001828,V038,NexGen Components,PO2025001828,GRN2025001828,SKU0065,2025-07-30,60,1237.22,74233.2,18,13361.98,87595.18,CLEAN
INV2025001830,V032,Helios Controls,PO2025001830,GRN2025001830,SKU0013,2025-12-02,111,1437.46,159558.06,18,28720.45,188278.51,CLEAN
INV2025001831,V020,Trident Facility Services,PO2025001831,GRN2025001831,SKU0077,2026-06-19,110,1152.79,126806.9,12,15216.83,142023.73,CLEAN
INV2025001832,V035,Keystone Industrial Products,PO2025001832,GRN2025001832,SKU0025,2025-07-11,83,636.73,52848.59,12,6341.83,59190.42,CLEAN
INV2025001833,V005,Evergreen Facility Products,PO2025001833,GRN2025001833,SKU0033,2025-05-26,75,747.63,56072.25,12,6728.67,62800.92,CLEAN
INV2025001834,V023,Westline Consumables,PO2025001834,GRN2025001834,SKU0051,2025-05-04,94,367.49,34544.06,12,4145.29,38689.35,CLEAN
INV2025001835,V039,Omkar Facility Products,PO2025001835,GRN2025001835,SKU0047,2025-02-14,122,3437.07,419322.54,5,20966.13,440288.67,CLEAN
INV2025001836,V008,Horizon IT Distribution,PO2025001836,GRN2025001836,SKU0007,2026-07-01,53,2910.97,154281.41,18,27770.65,182052.06,CLEAN
INV2025001837,V029,Eagle Stationery Solutions,PO2025001837,GRN2025001837,SKU0005,2026-08-07,33,594.87,19630.71,18,3533.53,23164.24,CLEAN
INV2025001838,V007,Gamma Safety Solutions,PO2025001838,GRN2025001838,SKU0076,2025-09-23,89,150.49,13393.61,5,669.68,14063.29,CLEAN
INV2025001839,V006,Falcon Electricals India Pvt Ltd,PO2025001839,GRN2025001839,SKU0028,2026-08-17,41,142.22,5831.02,5,291.55,6122.57,CLEAN
INV2025001840,V033,Innovatech Solutions,PO2025001840,GRN2025001840,SKU0021,2026-02-08,160,1258.15,201304.0,5,10065.2,211369.2,CLEAN
INV2025001841,V029,Eagle Stationery Solutions,PO2025001841,GRN2025001841,SKU0050,2025-07-25,164,17845.26,2926622.64,18,526792.08,3453414.72,CLEAN
INV2025001842,V006,Falcon Electricals India Pvt Ltd,,GRN2025001842,SKU0034,2025-07-11,72,12422.46,894417.12,5,44720.86,939137.98,MISSING_PO
INV2025001843,V021,United Process Equipment,PO2025001843,GRN2025001843,SKU0011,2026-06-22,75,430.03,32252.25,18,5805.4,38057.65,CLEAN
INV2025001844,V025,Arun Safety & PPE,PO2025001844,GRN2025001844,SKU0002,2025-12-13,138,10923.06,1507382.28,12,180885.87,1688268.15,CLEAN
INV2025001845,V005,Evergreen Facility Products,PO2025001845,GRN2025001845,SKU0070,2026-01-22,27,642.6,17350.2,12,2082.02,19432.22,CLEAN
INV2025001847,V020,Trident Facility Services,PO2025001847,GRN2025001847,SKU0014,2025-05-04,64,1169.96,74877.44,12,8985.29,83862.73,CLEAN
INV2025001848,V037,Magnus Tools,PO2025001848,GRN2025001848,SKU0013,2025-08-12,210,1336.25,280612.5,18,50510.25,331122.75,CLEAN
INV2025001849,V022,Vertex Automation,PO2025001849,GRN2025001849,SKU0049,2026-07-02,66,1021.49,67418.34,18,12135.3,79553.64,CLEAN
INV2025001850,V016,Prime Tools & Components,PO2025001850,GRN2025001850,SKU0077,2026-04-09,91,1284.19,116861.29,12,14023.35,130884.64,PRICE_VARIANCE
INV2025001852,V040,Pioneer Electrical Traders,PO2025001852,GRN2025001852,SKU0069,2025-11-23,71,2067.24,146774.04,18,26419.33,173193.37,CLEAN
INV2025001853,V038,NexGen Components,PO2025001853,GRN2025001853,SKU0078,2025-10-06,119,894.72,106471.68,18,19164.9,125636.58,CLEAN
INV2025001854,V022,Vertex Automation,PO2025001854,GRN2025001854,SKU0052,2026-07-31,33,170.74,5634.42,18,1014.2,6648.62,CLEAN
INV2025001855,V023,Westline Consumables,PO2025001855,GRN2025001855,SKU0050,2026-08-25,155,17024.39,2638780.45,12,316653.65,2955434.1,CLEAN
INV2025001856,V024,Zenith Engineering Supplies,PO2025001856,GRN2025001856,SKU0001,2026-03-25,243,950.44,230956.92,12,27714.83,258671.75,CLEAN
INV2025001857,V012,Lotus Packaging India Pvt Ltd,PO2025001857,GRN2025001857,SKU0056,2026-09-19,218,649.3,141547.4,12,16985.69,158533.09,CLEAN
INV2025001858,V014,Nova Tech Systems,PO2025001858,GRN2025001858,SKU0049,2026-01-27,149,1232.86,183696.14,5,9184.81,192880.95,CLEAN
INV2025001859,V029,Eagle Stationery Solutions,PO2025001859,GRN2025001859,SKU0008,2026-07-19,124,757.64,93947.36,18,16910.52,110857.88,CLEAN
INV2025001860,V031,Ganga Hardware Traders,PO2025001860,GRN2025001860,SKU0004,2025-01-18,46,198.84,9146.64,5,457.33,9603.97,CLEAN
INV2025001861,V030,Frontier Components,PO2025001861,GRN2025001861,SKU0036,2025-04-23,16,213.54,3416.64,18,615.0,4031.64,CLEAN
INV2025001862,V004,Delta Engineering Components,PO2025001862,GRN2025001862,SKU0044,2026-05-21,124,122.63,15206.12,12,1824.73,17030.85,CLEAN
INV2025001863,V008,Horizon IT Distribution,PO2025001863,GRN2025001863,SKU0026,2025-11-23,241,14353.19,3459118.79,18,622641.38,4081760.17,CLEAN
INV2025001864,V038,NexGen Components,PO2025001864,GRN2025001864,SKU0079,2026-05-11,113,3510.63,396701.19,18,71406.21,468107.4,CLEAN
INV2025001865,V036,Lumina Office Technologies,PO2025001865,GRN2025001865,SKU0047,2025-06-03,42,3895.01,163590.42,18,29446.28,193036.7,CLEAN
INV2025001866,V034,Jade Logistics Supplies,PO2025001866,GRN2025001866,SKU0006,2025-04-01,46,397.54,18286.84,18,3291.63,21578.47,DUPLICATE
INV2026001866,V034,Jade Logistics Supplies,PO2025001866,GRN2025001866,SKU0006,2025-04-10,46,397.54,18286.84,18,3291.63,21578.47,DUPLICATE
INV2025001867,V021,United Process Equipment,PO2025001867,GRN2025001867,SKU0058,2025-07-31,82,34647.03,2841056.46,18,511390.16,3352446.62,CLEAN
INV2025001868,V005,Evergreen Facility Products,PO2025001868,GRN2025001868,SKU0079,2025-05-08,34,3164.38,107588.92,12,12910.67,120499.59,CLEAN
INV2025001869,V003,Crown Packaging Solutions,PO2025001869,GRN2025001869,SKU0022,2025-07-17,146,577.11,84258.06,5,4212.9,88470.96,CLEAN
INV2025001871,V021,United Process Equipment,PO2025001871,GRN2025001871,SKU0031,2025-05-24,175,6247.12,1093246.0,18,196784.28,1290030.28,QTY_OVER_RECEIPT
INV2025001872,V021,United Process Equipment,PO2025001872,GRN2025001872,SKU0003,2025-06-25,48,553.98,26591.04,18,4786.39,31377.43,PRICE_VARIANCE
INV2025001873,V027,Crest Chemicals,PO2025001873,GRN2025001873,SKU0063,2026-01-24,79,2753.47,217524.13,12,26102.9,243627.03,CLEAN
INV2025001874,V033,Innovatech Solutions,PO2025001874,GRN2025001874,SKU0031,2025-09-16,91,7035.38,640219.58,5,32010.98,672230.56,CLEAN
INV2025001875,V026,Bharat Industrial Stores,PO2025001875,GRN2025001875,SKU0068,2026-01-07,194,105.87,20538.78,18,3696.98,24235.76,CLEAN
INV2025001876,V024,Zenith Engineering Supplies,PO2025001876,GRN2025001876,SKU0043,2025-12-23,140,214.02,29962.8,12,3595.54,33558.34,CLEAN
INV2025001877,V038,NexGen Components,PO2025001877,GRN2025001877,SKU0063,2025-05-16,15,2768.14,41522.1,18,7473.98,48996.08,CLEAN
INV2025001878,V013,Metro Fasteners,PO2025001878,GRN2025001878,SKU0030,2026-02-17,6,918.98,5513.88,18,992.5,6506.38,CLEAN
INV2025001879,V039,Omkar Facility Products,PO2025001879,GRN2025001879,SKU0026,2026-01-29,205,17214.59,3528990.95,5,176449.55,3705440.5,DUPLICATE
INV2026001879,V039,Omkar Facility Products,PO2025001879,GRN2025001879,SKU0026,2026-02-06,205,17214.59,3528990.95,5,176449.55,3705440.5,DUPLICATE
INV2025001880,V013,Metro Fasteners,PO2025001880,GRN2025001880,SKU0048,2025-06-05,101,1173.04,118477.04,18,21325.87,139802.91,CLEAN
INV2025001881,V031,Ganga Hardware Traders,PO2025001881,GRN2025001881,SKU0045,2026-01-19,60,1399.55,83973.0,5,4198.65,88171.65,CLEAN
INV2025001882,V012,Lotus Packaging India Pvt Ltd,PO2025001882,GRN2025001882,SKU0052,2025-07-21,63,164.64,10372.32,12,1244.68,11617.0,CLEAN
INV2025001883,V005,Evergreen Facility Products,PO2025001883,GRN2025001883,SKU0026,2026-04-12,194,15420.86,2991646.84,12,358997.62,3350644.46,PRICE_VARIANCE
INV2025001884,V003,Crown Packaging Solutions,PO2025001884,GRN2025001884,SKU0049,2025-09-18,241,1040.41,250738.81,5,12536.94,263275.75,CLEAN
INV2025001886,V033,Innovatech Solutions,PO2025001886,GRN2025001886,SKU0003,2026-07-21,170,485.81,82587.7,5,4129.39,86717.09,CLEAN
INV2025001887,V014,Nova Tech Systems,PO2025001887,GRN2025001887,SKU0029,2025-09-25,21,1633.34,34300.14,5,1715.01,36015.15,CLEAN
INV2025001888,V034,Jade Logistics Supplies,PO2025001888,GRN2025001888,SKU0027,2026-06-01,240,394.11,94586.4,18,17025.55,111611.95,CLEAN
INV2025001889,V005,Evergreen Facility Products,PO2025001889,GRN2025001889,SKU0004,2026-04-18,2,194.05,388.1,12,46.57,434.67,CLEAN
INV2025001890,V009,Indus Mechanical Works,PO2025001890,GRN2025001890,SKU0026,2025-06-21,209,15740.7,3289806.3,12,394776.76,3684583.06,CLEAN
INV2025001891,V008,Horizon IT Distribution,PO2025001891,GRN2025001891,SKU0012,2026-07-23,175,170.62,29858.5,18,5374.53,35233.03,CLEAN
INV2025001892,V018,Ridgeway Bearings,PO2025001892,GRN2025001892,SKU0015,2025-04-14,92,3294.64,303106.88,5,15155.34,318262.22,CLEAN
INV2025001893,V015,Orbit Maintenance Supplies,PO2025001893,GRN2025001893,SKU0038,2026-08-08,164,537.63,88171.32,18,15870.84,104042.16,CLEAN
INV2025001894,V011,Kaveri Industrial Traders,PO2025001894,GRN2025001894,SKU0008,2025-08-13,51,763.71,38949.21,18,7010.86,45960.07,CLEAN
INV2025001895,V021,United Process Equipment,PO2025001895,GRN2025001895,SKU0046,2026-09-29,128,901.12,115343.36,18,20761.8,136105.16,CLEAN
INV2025001896,V036,Lumina Office Technologies,PO2025001896,GRN2025001896,SKU0051,2025-11-08,55,386.71,21269.05,18,3828.43,25097.48,CLEAN
INV2025001897,V016,Prime Tools & Components,PO2025001897,GRN2025001897,SKU0052,2025-08-11,20,165.07,3301.4,12,396.17,3697.57,CLEAN
INV2025001898,V038,NexGen Components,PO2025001898,GRN2025001898,SKU0044,2025-10-17,276,128.89,35573.64,18,6403.26,41976.9,QTY_OVER_RECEIPT
INV2025001899,V038,NexGen Components,PO2025001899,GRN2025001899,SKU0080,2025-11-21,158,740.51,117000.58,18,21060.1,138060.68,CLEAN
INV2025001900,V018,Ridgeway Bearings,PO2025001900,GRN2025001900,SKU0041,2025-10-10,109,1328.95,144855.55,5,7242.78,152098.33,CLEAN
INV2025001901,V008,Horizon IT Distribution,PO2025001901,GRN2025001901,SKU0057,2025-07-24,148,813.77,120437.96,18,21678.83,142116.79,CLEAN
INV2025001902,V018,Ridgeway Bearings,PO2025001902,GRN2025001902,SKU0034,2025-11-29,214,12294.82,2631091.48,5,131554.57,2762646.05,CLEAN
INV2025001903,V023,Westline Consumables,PO2025001903,GRN2025001903,SKU0057,2025-12-02,46,671.37,30883.02,12,3705.96,34588.98,CLEAN
INV2025001904,V009,Indus Mechanical Works,PO2025001904,GRN2025001904,SKU0073,2025-05-14,186,616.03,114581.58,12,13749.79,128331.37,CLEAN
INV2025001905,V015,Orbit Maintenance Supplies,PO2025001905,GRN2025001905,SKU0061,2026-08-24,41,750.11,30754.51,18,5535.81,36290.32,CLEAN
INV2025001906,V023,Westline Consumables,PO2025001906,GRN2025001906,SKU0077,2026-04-27,107,1252.83,134052.81,12,16086.34,150139.15,CLEAN
INV2025001909,V031,Ganga Hardware Traders,PO2025001909,GRN2025001909,SKU0031,2025-11-04,10,7631.12,76311.2,5,3815.56,80126.76,CLEAN
INV2025001910,V034,Jade Logistics Supplies,PO2025001910,GRN2025001910,SKU0030,2026-09-29,96,888.81,85325.76,18,15358.64,100684.4,CLEAN
INV2025001911,V011,Kaveri Industrial Traders,PO2025001911,GRN2025001911,SKU0047,2026-08-19,179,4012.0,718148.0,18,129266.64,847414.64,CLEAN
INV2025001912,V027,Crest Chemicals,PO2025001912,GRN2025001912,SKU0079,2026-08-15,175,3556.01,622301.75,12,74676.21,696977.96,CLEAN
INV2025001913,V023,Westline Consumables,PO2025001913,GRN2025001913,SKU0034,2026-08-02,96,12185.53,1169810.88,12,140377.31,1310188.19,CLEAN
INV2025001914,V009,Indus Mechanical Works,PO2025001914,GRN2025001914,SKU0057,2026-07-16,96,761.42,73096.32,12,8771.56,81867.88,CLEAN
INV2025001915,V001,Apex Industrial Supplies Pvt Ltd,PO2025001915,GRN2025001915,SKU0061,2025-04-01,99,711.05,70393.95,5,3519.7,73913.65,CLEAN
INV2025001916,V027,Crest Chemicals,PO2025001916,GRN2025001916,SKU0073,2026-05-08,77,608.56,46859.12,12,5623.09,52482.21,CLEAN
INV2025001917,V022,Vertex Automation,PO2025001917,GRN2025001917,SKU0070,2026-09-18,215,677.25,145608.75,18,26209.58,171818.33,CLEAN
INV2025001918,V002,BluePeak Office Systems Pvt Ltd,PO2025001918,GRN2025001918,SKU0031,2026-07-05,121,7358.41,890367.61,12,106844.11,997211.72,CLEAN
INV2025001919,V021,United Process Equipment,PO2025001919,GRN2025001919,SKU0020,2025-03-31,229,107.56,24631.24,18,4433.62,29064.86,CLEAN
INV2025001920,V016,Prime Tools & Components,PO2025001920,GRN2025001920,SKU0024,2026-02-02,92,940.73,86547.16,12,10385.66,96932.82,CLEAN
INV2025001921,V029,Eagle Stationery Solutions,PO2025001921,GRN2025001921,SKU0061,2025-11-24,10,673.68,6736.8,18,1212.62,7949.42,CLEAN
INV2025001922,V015,Orbit Maintenance Supplies,PO2025001922,GRN2025001922,SKU0031,2026-01-17,144,6174.54,889133.76,18,160044.08,1049177.84,CLEAN
INV2025001923,V029,Eagle Stationery Solutions,PO2025001923,GRN2025001923,SKU0060,2025-01-14,16,185.4,2966.4,18,533.95,3500.35,CLEAN
INV2025001924,V023,Westline Consumables,PO2025001924,GRN2025001924,SKU0080,2026-02-15,100,802.89,80289.0,12,9634.68,89923.68,QTY_OVER_RECEIPT
INV2025001925,V020,Trident Facility Services,PO2025001925,GRN2025001925,SKU0020,2025-11-09,154,131.17,20200.18,12,2424.02,22624.2,CLEAN
INV2025001926,V007,Gamma Safety Solutions,PO2025001926,GRN2025001926,SKU0056,2026-06-18,243,813.74,197738.82,5,9886.94,207625.76,PRICE_VARIANCE
INV2025001927,V022,Vertex Automation,PO2025001927,GRN2025001927,SKU0002,2026-06-07,172,10955.19,1884292.68,18,339172.68,2223465.36,CLEAN
INV2025001928,V013,Metro Fasteners,PO2025001928,GRN2025001928,SKU0052,2025-11-22,236,153.0,36108.0,18,6499.44,42607.44,CLEAN
INV2025001929,V005,Evergreen Facility Products,PO2025001929,GRN2025001929,SKU0077,2025-06-17,213,1216.44,259101.72,12,31092.21,290193.93,CLEAN
INV2025001930,V002,BluePeak Office Systems Pvt Ltd,PO2025001930,GRN2025001930,SKU0021,2026-07-08,199,1336.26,265915.74,12,31909.89,297825.63,CLEAN
INV2025001931,V035,Keystone Industrial Products,PO2025001931,GRN2025001931,SKU0067,2025-04-11,93,300.69,27964.17,12,3355.7,31319.87,CLEAN
INV2025001932,V012,Lotus Packaging India Pvt Ltd,PO2025001932,GRN2025001932,SKU0073,2026-08-15,12,549.04,6588.48,12,790.62,7379.1,CLEAN
INV2025001933,V006,Falcon Electricals India Pvt Ltd,PO2025001933,GRN2025001933,SKU0040,2025-12-02,157,1379.36,216559.52,5,10827.98,227387.5,CLEAN
INV2025001934,V025,Arun Safety & PPE,PO2025001934,GRN2025001934,SKU0061,2025-06-29,90,725.25,65272.5,12,7832.7,73105.2,CLEAN
INV2025001935,V012,Lotus Packaging India Pvt Ltd,PO2025001935,GRN2025001935,SKU0040,2026-06-14,138,1370.08,189071.04,12,22688.52,211759.56,CLEAN
INV2025001936,V017,Quantum Electricals,PO2025001936,GRN2025001936,SKU0046,2026-05-24,81,947.62,76757.22,18,13816.3,90573.52,CLEAN
INV2025001937,V037,Magnus Tools,PO2025001937,GRN2025001937,SKU0067,2025-08-06,16,292.7,4683.2,18,842.98,5526.18,CLEAN
INV2025001938,V021,United Process Equipment,PO2025001938,GRN2025001938,SKU0016,2025-06-17,80,712.92,57033.6,18,10266.05,67299.65,CLEAN
INV2025001939,V019,Sigma Industrial Products,PO2025001939,GRN2025001939,SKU0059,2025-05-16,221,196.65,43459.65,12,5215.16,48674.81,CLEAN
INV2025001940,V010,Jupiter Office Products,PO2025001940,GRN2025001940,SKU0064,2026-01-28,131,1114.07,145943.17,18,26269.77,172212.94,CLEAN
INV2025001941,V005,Evergreen Facility Products,PO2025001941,GRN2025001941,SKU0053,2026-06-29,184,664.78,122319.52,12,14678.34,136997.86,CLEAN
INV2025001942,V002,BluePeak Office Systems Pvt Ltd,PO2025001942,GRN2025001942,SKU0034,2026-02-11,244,11332.2,2765056.8,12,331806.82,3096863.62,CLEAN
INV2025001943,V025,Arun Safety & PPE,PO2025001943,GRN2025001943,SKU0018,2025-09-15,200,11156.14,2231228.0,12,267747.36,2498975.36,CLEAN
INV2025001944,V015,Orbit Maintenance Supplies,PO2025001944,GRN2025001944,SKU0051,2026-09-04,4,325.68,1302.72,18,234.49,1537.21,CLEAN
INV2025001945,V013,Metro Fasteners,PO2025001945,GRN2025001945,SKU0049,2026-03-01,147,1128.95,165955.65,18,29872.02,195827.67,CLEAN
INV2025001946,V040,Pioneer Electrical Traders,PO2025001946,GRN2025001946,SKU0057,2026-01-04,3,824.55,2473.65,18,445.26,2918.91,CLEAN
INV2025001947,V039,Omkar Facility Products,PO2025001947,GRN2025001947,SKU0044,2025-07-13,154,123.7,19049.8,5,952.49,20002.29,CLEAN
INV2025001949,V036,Lumina Office Technologies,PO2025001949,GRN2025001949,SKU0017,2025-10-04,227,1048.71,238057.17,18,42850.29,280907.46,CLEAN
INV2025001950,V018,Ridgeway Bearings,PO2025001950,GRN2025001950,SKU0016,2025-05-16,187,676.0,126412.0,5,6320.6,132732.6,QTY_OVER_RECEIPT
INV2025001951,V019,Sigma Industrial Products,PO2025001951,GRN2025001951,SKU0028,2025-05-26,94,154.47,14520.18,12,1742.42,16262.6,CLEAN
INV2025001952,V003,Crown Packaging Solutions,PO2025001952,GRN2025001952,SKU0071,2025-10-29,35,1416.91,49591.85,5,2479.59,52071.44,CLEAN
INV2025001954,V011,Kaveri Industrial Traders,PO2025001954,GRN2025001954,SKU0065,2025-09-30,237,1039.97,246472.89,18,44365.12,290838.01,CLEAN
INV2025001955,V020,Trident Facility Services,PO2025001955,GRN2025001955,SKU0036,2025-03-13,73,209.97,15327.81,12,1839.34,17167.15,CLEAN
INV2025001956,V024,Zenith Engineering Supplies,PO2025001956,GRN2025001956,SKU0061,2026-06-26,98,673.38,65991.24,12,7918.95,73910.19,CLEAN
INV2025001957,V008,Horizon IT Distribution,PO2025001957,GRN2025001957,SKU0078,2025-05-21,112,861.54,96492.48,18,17368.65,113861.13,QTY_VARIANCE
INV2025001958,V017,Quantum Electricals,PO2025001958,GRN2025001958,SKU0035,2025-12-11,208,406.2,84489.6,18,15208.13,99697.73,CLEAN
INV2025001960,V036,Lumina Office Technologies,PO2025001960,GRN2025001960,SKU0005,2026-06-15,68,638.95,43448.6,18,7820.75,51269.35,CLEAN
INV2025001961,V038,NexGen Components,PO2025001961,GRN2025001961,SKU0042,2025-05-09,132,21503.07,2838405.24,18,510912.94,3349318.18,CLEAN
INV2025001962,V007,Gamma Safety Solutions,PO2025001962,GRN2025001962,SKU0031,2026-01-03,101,7268.0,734068.0,5,36703.4,770771.4,CLEAN
INV2025001963,V037,Magnus Tools,PO2025001963,GRN2025001963,SKU0072,2025-09-04,209,518.79,108427.11,18,19516.88,127943.99,CLEAN
INV2025001964,V012,Lotus Packaging India Pvt Ltd,PO2025001964,GRN2025001964,SKU0012,2026-07-29,22,194.26,4273.72,12,512.85,4786.57,PRICE_VARIANCE
INV2025001965,V005,Evergreen Facility Products,PO2025001965,GRN2025001965,SKU0062,2025-12-16,101,644.15,65059.15,12,7807.1,72866.25,CLEAN
INV2025001966,V017,Quantum Electricals,PO2025001966,GRN2025001966,SKU0048,2026-07-31,169,979.82,165589.58,18,29806.12,195395.7,CLEAN
INV2025001967,V008,Horizon IT Distribution,PO2025001967,GRN2025001967,SKU0022,2025-03-31,170,628.99,106928.3,18,19247.09,126175.39,CLEAN
INV2025001968,V036,Lumina Office Technologies,PO2025001968,GRN2025001968,SKU0066,2026-02-01,168,27687.95,4651575.6,18,837283.61,5488859.21,CLEAN
INV2025001969,V004,Delta Engineering Components,PO2025001969,GRN2025001969,SKU0080,2025-03-17,250,897.52,224380.0,12,26925.6,251305.6,CLEAN
INV2025001970,V009,Indus Mechanical Works,PO2025001970,GRN2025001970,SKU0059,2026-01-05,172,239.73,41233.56,12,4948.03,46181.59,QTY_VARIANCE
INV2025001971,V033,Innovatech Solutions,PO2025001971,GRN2025001971,SKU0032,2025-07-07,176,871.73,153424.48,5,7671.22,161095.7,PRICE_VARIANCE
INV2025001972,V033,Innovatech Solutions,PO2025001972,GRN2025001972,SKU0012,2026-04-14,161,165.04,26571.44,5,1328.57,27900.01,QTY_VARIANCE
INV2025001973,V007,Gamma Safety Solutions,PO2025001973,GRN2025001973,SKU0018,2026-01-20,216,12604.09,2722483.44,5,136124.17,2858607.61,CLEAN
INV2025001974,V030,Frontier Components,PO2025001974,GRN2025001974,SKU0003,2026-07-24,110,456.25,50187.5,18,9033.75,59221.25,CLEAN
INV2025001975,V011,Kaveri Industrial Traders,PO2025001975,GRN2025001975,SKU0073,2026-01-02,81,584.39,47335.59,18,8520.41,55856.0,CLEAN
INV2025001976,V011,Kaveri Industrial Traders,PO2025001976,GRN2025001976,SKU0075,2026-02-19,123,332.86,40941.78,18,7369.52,48311.3,PRICE_VARIANCE
INV2025001977,V014,Nova Tech Systems,PO2025001977,GRN2025001977,SKU0035,2025-02-15,36,452.32,16283.52,5,814.18,17097.7,CLEAN
INV2025001978,V002,BluePeak Office Systems Pvt Ltd,PO2025001978,GRN2025001978,SKU0063,2026-05-19,178,3034.46,540133.88,12,64816.07,604949.95,DUPLICATE
INV2026001978,V002,BluePeak Office Systems Pvt Ltd,PO2025001978,GRN2025001978,SKU0063,2026-05-26,178,3034.46,540133.88,12,64816.07,604949.95,DUPLICATE
INV2025001979,V016,Prime Tools & Components,PO2025001979,GRN2025001979,SKU0066,2026-06-05,79,23856.88,1884693.52,12,226163.22,2110856.74,CLEAN
INV2025001980,V035,Keystone Industrial Products,PO2025001980,GRN2025001980,SKU0023,2025-10-13,171,5047.01,863038.71,12,103564.65,966603.36,QTY_OVER_RECEIPT
INV2025001981,V038,NexGen Components,PO2025001981,GRN2025001981,SKU0001,2025-11-24,228,1003.32,228756.96,18,41176.25,269933.21,CLEAN
INV2025001982,V003,Crown Packaging Solutions,PO2025001982,GRN2025001982,SKU0069,2026-08-27,86,2373.03,204080.58,5,10204.03,214284.61,CLEAN
INV2025001983,V023,Westline Consumables,,GRN2025001983,SKU0024,2026-01-17,96,798.74,76679.04,12,9201.48,85880.52,MISSING_PO
INV2025001984,V013,Metro Fasteners,PO2025001984,GRN2025001984,SKU0043,2026-06-08,20,244.46,4889.2,18,880.06,5769.26,CLEAN
INV2025001985,V007,Gamma Safety Solutions,PO2025001985,GRN2025001985,SKU0022,2025-03-26,146,544.19,79451.74,5,3972.59,83424.33,CLEAN
INV2025001986,V040,Pioneer Electrical Traders,PO2025001986,GRN2025001986,SKU0066,2026-05-13,198,29465.59,5834186.82,18,1050153.63,6884340.45,CLEAN
INV2025001987,V003,Crown Packaging Solutions,PO2025001987,GRN2025001987,SKU0058,2025-11-18,130,32658.28,4245576.4,5,212278.82,4457855.22,CLEAN
INV2025001988,V003,Crown Packaging Solutions,PO2025001988,GRN2025001988,SKU0064,2026-06-04,137,1288.36,176505.32,5,8825.27,185330.59,CLEAN
INV2025001989,V006,Falcon Electricals India Pvt Ltd,PO2025001989,GRN2025001989,SKU0041,2025-12-06,136,1329.6,180825.6,5,9041.28,189866.88,QTY_VARIANCE
INV2025001990,V004,Delta Engineering Components,PO2025001990,GRN2025001990,SKU0022,2026-09-06,247,640.23,158136.81,12,18976.42,177113.23,CLEAN
INV2025001991,V006,Falcon Electricals India Pvt Ltd,PO2025001991,GRN2025001991,SKU0018,2025-09-13,163,10790.22,1758805.86,5,87940.29,1846746.15,CLEAN
INV2025001992,V013,Metro Fasteners,PO2025001992,GRN2025001992,SKU0038,2025-10-19,165,571.45,94289.25,18,16972.06,111261.31,CLEAN
INV2025001993,V006,Falcon Electricals India Pvt Ltd,PO2025001993,GRN2025001993,SKU0037,2026-03-11,232,1536.9,356560.8,5,17828.04,374388.84,CLEAN
INV2025001994,V026,Bharat Industrial Stores,PO2025001994,GRN2025001994,SKU0016,2026-07-26,70,648.87,45420.9,18,8175.76,53596.66,CLEAN
INV2025001995,V008,Horizon IT Distribution,PO2025001995,GRN2025001995,SKU0075,2026-08-31,223,369.76,82456.48,18,14842.17,97298.65,CLEAN
INV2025001996,V032,Helios Controls,PO2025001996,GRN2025001996,SKU0001,2025-08-22,83,938.03,77856.49,18,14014.17,91870.66,CLEAN
INV2025001998,V021,United Process Equipment,PO2025001998,GRN2025001998,SKU0026,2026-04-29,225,14600.43,3285096.75,18,591317.42,3876414.17,CLEAN
INV2025001999,V029,Eagle Stationery Solutions,PO2025001999,GRN2025001999,SKU0052,2025-05-30,125,172.36,21545.0,18,3878.1,25423.1,CLEAN
INV2025002000,V030,Frontier Components,PO2025002000,GRN2025002000,SKU0012,2025-08-12,109,176.11,19195.99,18,3455.28,22651.27,DUPLICATE
INV2026002000,V030,Frontier Components,PO2025002000,GRN2025002000,SKU0012,2025-08-19,109,176.11,19195.99,18,3455.28,22651.27,DUPLICATE
INV2025002001,V009,Indus Mechanical Works,PO2025002001,GRN2025002001,SKU0074,2025-03-08,59,25007.33,1475432.47,12,177051.9,1652484.37,CLEAN
INV2025002002,V034,Jade Logistics Supplies,PO2025002002,GRN2025002002,SKU0049,2026-07-10,23,1046.14,24061.22,18,4331.02,28392.24,CLEAN
INV2025002003,V022,Vertex Automation,PO2025002003,GRN2025002003,SKU0052,2025-08-15,119,196.79,23418.01,18,4215.24,27633.25,PRICE_VARIANCE
INV2025002004,V038,NexGen Components,PO2025002004,GRN2025002004,SKU0010,2025-01-30,56,12481.48,698962.88,18,125813.32,824776.2,CLEAN
INV2025002005,V013,Metro Fasteners,PO2025002005,GRN2025002005,SKU0008,2026-07-16,145,867.58,125799.1,18,22643.84,148442.94,CLEAN
INV2025002006,V023,Westline Consumables,PO2025002006,GRN2025002006,SKU0075,2025-11-13,116,332.5,38570.0,12,4628.4,43198.4,CLEAN
INV2025002007,V019,Sigma Industrial Products,PO2025002007,,SKU0074,2025-11-26,23,24393.74,561056.02,12,67326.72,628382.74,MISSING_GRN
INV2025002008,V027,Crest Chemicals,,GRN2025002008,SKU0067,2026-08-03,117,276.41,32339.97,12,3880.8,36220.77,MISSING_PO
INV2025002009,V001,Apex Industrial Supplies Pvt Ltd,PO2025002009,GRN2025002009,SKU0050,2025-02-12,201,18359.54,3690267.54,5,184513.38,3874780.92,CLEAN
INV2025002010,V008,Horizon IT Distribution,PO2025002010,GRN2025002010,SKU0025,2026-08-06,178,786.01,139909.78,18,25183.76,165093.54,PRICE_VARIANCE
INV2025002011,V030,Frontier Components,PO2025002011,GRN2025002011,SKU0045,2026-07-10,218,1609.91,350960.38,18,63172.87,414133.25,CLEAN
INV2025002012,V030,Frontier Components,PO2025002012,GRN2025002012,SKU0035,2025-04-19,196,421.4,82594.4,18,14866.99,97461.39,CLEAN
INV2025002013,V006,Falcon Electricals India Pvt Ltd,PO2025002013,GRN2025002013,SKU0013,2026-03-06,69,1582.02,109159.38,5,5457.97,114617.35,CLEAN
INV2025002014,V032,Helios Controls,PO2025002014,GRN2025002014,SKU0012,2025-12-02,187,172.12,32186.44,18,5793.56,37980.0,CLEAN
INV2025002015,V019,Sigma Industrial Products,PO2025002015,GRN2025002015,SKU0071,2026-07-13,153,1385.09,211918.77,12,25430.25,237349.02,CLEAN
INV2025002016,V038,NexGen Components,PO2025002016,GRN2025002016,SKU0005,2025-07-26,233,535.1,124678.3,18,22442.09,147120.39,CLEAN
INV2025002017,V022,Vertex Automation,PO2025002017,GRN2025002017,SKU0030,2025-06-06,170,1015.86,172696.2,18,31085.32,203781.52,CLEAN
INV2025002018,V008,Horizon IT Distribution,PO2025002018,GRN2025002018,SKU0057,2025-07-24,234,743.08,173880.72,18,31298.53,205179.25,CLEAN
INV2025002019,V004,Delta Engineering Components,PO2025002019,GRN2025002019,SKU0029,2025-07-06,72,1538.76,110790.72,12,13294.89,124085.61,CLEAN
INV2025002020,V024,Zenith Engineering Supplies,PO2025002020,GRN2025002020,SKU0041,2025-03-22,19,1291.28,24534.32,12,2944.12,27478.44,CLEAN
INV2025002021,V031,Ganga Hardware Traders,PO2025002021,GRN2025002021,SKU0046,2026-07-25,245,842.98,206530.1,5,10326.5,216856.6,CLEAN
INV2025002022,V005,Evergreen Facility Products,PO2025002022,GRN2025002022,SKU0080,2026-01-18,87,861.64,74962.68,12,8995.52,83958.2,CLEAN
INV2025002023,V025,Arun Safety & PPE,PO2025002023,GRN2025002023,SKU0068,2025-11-23,67,99.26,6650.42,12,798.05,7448.47,CLEAN
INV2025002024,V011,Kaveri Industrial Traders,PO2025002024,GRN2025002024,SKU0047,2025-01-17,50,3803.51,190175.5,18,34231.59,224407.09,CLEAN
INV2025002025,V021,United Process Equipment,PO2025002025,GRN2025002025,SKU0067,2025-02-26,103,265.66,27362.98,18,4925.34,32288.32,QTY_OVER_RECEIPT
INV2025002026,V016,Prime Tools & Components,PO2025002026,GRN2025002026,SKU0036,2025-03-12,224,195.82,43863.68,12,5263.64,49127.32,CLEAN
INV2025002027,V024,Zenith Engineering Supplies,PO2025002027,GRN2025002027,SKU0032,2025-01-24,149,758.57,113026.93,12,13563.23,126590.16,CLEAN
INV2025002028,V036,Lumina Office Technologies,PO2025002028,GRN2025002028,SKU0027,2025-07-11,155,361.52,56035.6,18,10086.41,66122.01,CLEAN
INV2025002029,V017,Quantum Electricals,PO2025002029,GRN2025002029,SKU0012,2026-06-26,150,180.26,27039.0,18,4867.02,31906.02,CLEAN
INV2025002030,V031,Ganga Hardware Traders,PO2025002030,GRN2025002030,SKU0050,2025-04-09,54,17891.32,966131.28,5,48306.56,1014437.84,CLEAN
INV2025002031,V040,Pioneer Electrical Traders,PO2025002031,GRN2025002031,SKU0013,2026-01-06,39,1360.09,53043.51,18,9547.83,62591.34,CLEAN
INV2025002032,V029,Eagle Stationery Solutions,PO2025002032,GRN2025002032,SKU0045,2026-01-03,234,1663.52,389263.68,18,70067.46,459331.14,CLEAN
INV2025002033,V027,Crest Chemicals,PO2025002033,GRN2025002033,SKU0040,2025-05-16,28,1354.42,37923.76,12,4550.85,42474.61,QTY_OVER_RECEIPT
INV2025002035,V019,Sigma Industrial Products,PO2025002035,GRN2025002035,SKU0029,2026-02-24,48,1890.91,90763.68,12,10891.64,101655.32,QTY_OVER_RECEIPT
INV2025002036,V002,BluePeak Office Systems Pvt Ltd,PO2025002036,GRN2025002036,SKU0027,2026-02-09,153,397.11,60757.83,12,7290.94,68048.77,CLEAN
INV2025002037,V014,Nova Tech Systems,PO2025002037,GRN2025002037,SKU0058,2026-02-15,78,35557.49,2773484.22,5,138674.21,2912158.43,CLEAN
INV2025002038,V017,Quantum Electricals,PO2025002038,GRN2025002038,SKU0030,2025-09-13,150,883.83,132574.5,18,23863.41,156437.91,CLEAN
INV2025002039,V033,Innovatech Solutions,PO2025002039,GRN2025002039,SKU0068,2025-11-05,222,94.73,21030.06,5,1051.5,22081.56,CLEAN
INV2025002040,V027,Crest Chemicals,PO2025002040,GRN2025002040,SKU0062,2026-06-02,147,657.16,96602.52,12,11592.3,108194.82,QTY_OVER_RECEIPT
INV2025002041,V025,Arun Safety & PPE,PO2025002041,GRN2025002041,SKU0073,2025-12-21,8,564.99,4519.92,12,542.39,5062.31,CLEAN
INV2025002042,V007,Gamma Safety Solutions,PO2025002042,GRN2025002042,SKU0074,2025-03-05,118,21352.03,2519539.54,5,125976.98,2645516.52,CLEAN
INV2025002043,V004,Delta Engineering Components,PO2025002043,GRN2025002043,SKU0035,2025-04-30,190,443.04,84177.6,12,10101.31,94278.91,CLEAN
INV2025002044,V035,Keystone Industrial Products,PO2025002044,GRN2025002044,SKU0014,2026-04-13,81,1661.85,134609.85,12,16153.18,150763.03,PRICE_VARIANCE
INV2025002046,V032,Helios Controls,PO2025002046,GRN2025002046,SKU0017,2026-05-01,73,987.1,72058.3,18,12970.49,85028.79,CLEAN
INV2025002047,V015,Orbit Maintenance Supplies,PO2025002047,GRN2025002047,SKU0018,2026-07-27,112,10648.22,1192600.64,18,214668.12,1407268.76,CLEAN
INV2025002048,V026,Bharat Industrial Stores,PO2025002048,GRN2025002048,SKU0058,2026-06-21,179,34895.59,6246310.61,18,1124335.91,7370646.52,DUPLICATE
INV2026002048,V026,Bharat Industrial Stores,PO2025002048,GRN2025002048,SKU0058,2026-06-30,179,34895.59,6246310.61,18,1124335.91,7370646.52,DUPLICATE
INV2025002049,V021,United Process Equipment,PO2025002049,GRN2025002049,SKU0015,2025-12-10,69,3416.94,235768.86,18,42438.39,278207.25,CLEAN
INV2025002050,V010,Jupiter Office Products,PO2025002050,GRN2025002050,SKU0028,2026-07-05,20,134.73,2694.6,18,485.03,3179.63,CLEAN
INV2025002051,V026,Bharat Industrial Stores,PO2025002051,GRN2025002051,SKU0035,2025-08-17,111,387.06,42963.66,18,7733.46,50697.12,CLEAN
INV2025002052,V039,Omkar Facility Products,PO2025002052,GRN2025002052,SKU0072,2026-05-26,96,620.36,59554.56,5,2977.73,62532.29,CLEAN
INV2025002053,V038,NexGen Components,PO2025002053,GRN2025002053,SKU0061,2025-07-02,168,731.45,122883.6,18,22119.05,145002.65,CLEAN
INV2025002054,V013,Metro Fasteners,PO2025002054,GRN2025002054,SKU0048,2025-09-06,222,1211.39,268928.58,18,48407.14,317335.72,PRICE_VARIANCE
INV2025002055,V029,Eagle Stationery Solutions,PO2025002055,GRN2025002055,SKU0005,2026-02-21,99,646.08,63961.92,18,11513.15,75475.07,CLEAN
INV2025002057,V027,Crest Chemicals,PO2025002057,GRN2025002057,SKU0035,2026-07-06,54,423.95,22893.3,12,2747.2,25640.5,CLEAN
INV2025002059,V028,Dynamo Power Systems,PO2025002059,GRN2025002059,SKU0044,2026-06-12,45,146.38,6587.1,5,329.36,6916.46,PRICE_VARIANCE
INV2025002060,V026,Bharat Industrial Stores,PO2025002060,GRN2025002060,SKU0002,2026-07-12,223,10679.04,2381425.92,18,428656.67,2810082.59,CLEAN
INV2025002061,V028,Dynamo Power Systems,PO2025002061,GRN2025002061,SKU0058,2026-05-09,157,32687.41,5131923.37,5,256596.17,5388519.54,CLEAN
INV2025002062,V026,Bharat Industrial Stores,PO2025002062,GRN2025002062,SKU0026,2025-08-07,208,14450.3,3005662.4,18,541019.23,3546681.63,CLEAN
INV2025002063,V006,Falcon Electricals India Pvt Ltd,PO2025002063,GRN2025002063,SKU0051,2026-05-30,54,390.3,21076.2,5,1053.81,22130.01,CLEAN
INV2025002064,V027,Crest Chemicals,PO2025002064,GRN2025002064,SKU0067,2025-02-19,56,282.24,15805.44,12,1896.65,17702.09,CLEAN
INV2025002065,V005,Evergreen Facility Products,PO2025002065,GRN2025002065,SKU0053,2025-07-22,116,705.32,81817.12,12,9818.05,91635.17,CLEAN
INV2025002066,V037,Magnus Tools,PO2025002066,GRN2025002066,SKU0080,2026-01-14,229,734.1,168108.9,18,30259.6,198368.5,CLEAN
INV2025002067,V013,Metro Fasteners,PO2025002067,GRN2025002067,SKU0034,2025-08-07,69,13039.13,899699.97,18,161945.99,1061645.96,CLEAN
INV2025002068,V020,Trident Facility Services,PO2025002068,GRN2025002068,SKU0068,2026-04-16,48,89.86,4313.28,12,517.59,4830.87,CLEAN
INV2025002069,V030,Frontier Components,PO2025002069,GRN2025002069,SKU0041,2026-02-02,141,1205.96,170040.36,18,30607.26,200647.62,CLEAN
INV2025002070,V025,Arun Safety & PPE,PO2025002070,GRN2025002070,SKU0045,2026-02-02,237,1361.76,322737.12,12,38728.45,361465.57,CLEAN
INV2025002071,V016,Prime Tools & Components,PO2025002071,GRN2025002071,SKU0077,2025-08-18,79,1324.65,104647.35,12,12557.68,117205.03,CLEAN
INV2025002072,V023,Westline Consumables,PO2025002072,GRN2025002072,SKU0048,2026-05-18,183,1005.0,183915.0,12,22069.8,205984.8,QTY_VARIANCE
INV2025002073,V010,Jupiter Office Products,PO2025002073,GRN2025002073,SKU0009,2026-04-09,48,845.09,40564.32,18,7301.58,47865.9,QTY_OVER_RECEIPT
INV2025002074,V014,Nova Tech Systems,PO2025002074,GRN2025002074,SKU0054,2025-07-21,101,703.26,71029.26,5,3551.46,74580.72,CLEAN
INV2025002075,V038,NexGen Components,PO2025002075,GRN2025002075,SKU0022,2025-11-18,12,582.74,6992.88,18,1258.72,8251.6,CLEAN
INV2025002076,V038,NexGen Components,PO2025002076,,SKU0049,2025-09-15,245,1143.68,280201.6,18,50436.29,330637.89,MISSING_GRN
INV2025002077,V010,Jupiter Office Products,PO2025002077,GRN2025002077,SKU0006,2025-07-20,83,416.01,34528.83,18,6215.19,40744.02,CLEAN
INV2025002078,V005,Evergreen Facility Products,PO2025002078,GRN2025002078,SKU0008,2025-11-01,39,841.76,32828.64,12,3939.44,36768.08,CLEAN
INV2025002079,V011,Kaveri Industrial Traders,PO2025002079,GRN2025002079,SKU0018,2026-10-01,113,12437.09,1405391.17,18,252970.41,1658361.58,CLEAN
INV2025002080,V034,Jade Logistics Supplies,PO2025002080,GRN2025002080,SKU0050,2025-02-21,170,19935.63,3389057.1,18,610030.28,3999087.38,PRICE_VARIANCE
INV2025002081,V023,Westline Consumables,PO2025002081,GRN2025002081,SKU0015,2025-11-09,163,3347.68,545671.84,12,65480.62,611152.46,CLEAN
INV2025002082,V030,Frontier Components,PO2025002082,GRN2025002082,SKU0060,2026-09-08,34,197.62,6719.08,18,1209.43,7928.51,CLEAN
INV2025002083,V037,Magnus Tools,PO2025002083,GRN2025002083,SKU0004,2025-06-22,229,190.94,43725.26,18,7870.55,51595.81,CLEAN
INV2025002084,V034,Jade Logistics Supplies,PO2025002084,GRN2025002084,SKU0065,2025-01-26,22,1299.52,28589.44,18,5146.1,33735.54,CLEAN
INV2025002085,V029,Eagle Stationery Solutions,PO2025002085,GRN2025002085,SKU0010,2025-06-14,122,11554.96,1409705.12,18,253746.92,1663452.04,CLEAN
INV2025002086,V008,Horizon IT Distribution,PO2025002086,GRN2025002086,SKU0015,2025-07-11,51,2954.41,150674.91,18,27121.48,177796.39,CLEAN
INV2025002087,V019,Sigma Industrial Products,PO2025002087,GRN2025002087,SKU0014,2025-11-16,6,1253.4,7520.4,12,902.45,8422.85,CLEAN
INV2025002088,V018,Ridgeway Bearings,PO2025002088,GRN2025002088,SKU0061,2025-03-09,18,709.12,12764.16,5,638.21,13402.37,CLEAN
INV2025002089,V027,Crest Chemicals,PO2025002089,GRN2025002089,SKU0070,2025-12-12,245,768.66,188321.7,12,22598.6,210920.3,CLEAN
INV2025002090,V030,Frontier Components,PO2025002090,GRN2025002090,SKU0014,2025-11-09,250,1188.33,297082.5,18,53474.85,350557.35,QTY_OVER_RECEIPT
INV2025002091,V030,Frontier Components,PO2025002091,GRN2025002091,SKU0003,2025-12-12,15,415.01,6225.15,18,1120.53,7345.68,CLEAN
INV2025002092,V004,Delta Engineering Components,PO2025002092,GRN2025002092,SKU0031,2025-04-02,176,7322.45,1288751.2,12,154650.14,1443401.34,CLEAN
INV2025002093,V027,Crest Chemicals,PO2025002093,GRN2025002093,SKU0005,2026-06-19,166,572.03,94956.98,12,11394.84,106351.82,CLEAN
INV2025002094,V015,Orbit Maintenance Supplies,PO2025002094,GRN2025002094,SKU0026,2025-10-01,197,16674.52,3284880.44,18,591278.48,3876158.92,CLEAN
INV2025002095,V004,Delta Engineering Components,PO2025002095,GRN2025002095,SKU0022,2026-01-30,79,515.75,40744.25,12,4889.31,45633.56,CLEAN
INV2025002096,V005,Evergreen Facility Products,PO2025002096,GRN2025002096,SKU0078,2025-07-04,109,981.89,107026.01,12,12843.12,119869.13,PRICE_VARIANCE
INV2025002098,V031,Ganga Hardware Traders,PO2025002098,GRN2025002098,SKU0044,2026-03-04,31,133.76,4146.56,5,207.33,4353.89,CLEAN
INV2025002099,V003,Crown Packaging Solutions,PO2025002099,GRN2025002099,SKU0013,2026-03-19,146,1759.63,256905.98,5,12845.3,269751.28,PRICE_VARIANCE
INV2025002100,V040,Pioneer Electrical Traders,PO2025002100,GRN2025002100,SKU0054,2026-05-21,74,730.7,54071.8,18,9732.92,63804.72,CLEAN
INV2025002101,V010,Jupiter Office Products,PO2025002101,GRN2025002101,SKU0072,2026-04-11,203,678.91,137818.73,18,24807.37,162626.1,PRICE_VARIANCE
INV2025002102,V027,Crest Chemicals,PO2025002102,GRN2025002102,SKU0027,2026-06-23,104,390.02,40562.08,12,4867.45,45429.53,CLEAN
INV2025002103,V005,Evergreen Facility Products,PO2025002103,GRN2025002103,SKU0023,2025-06-20,225,4864.7,1094557.5,12,131346.9,1225904.4,CLEAN
INV2025002104,V024,Zenith Engineering Supplies,PO2025002104,GRN2025002104,SKU0050,2025-05-01,32,18932.92,605853.44,12,72702.41,678555.85,CLEAN
INV2025002105,V013,Metro Fasteners,PO2025002105,GRN2025002105,SKU0075,2025-03-08,221,321.96,71153.16,18,12807.57,83960.73,DUPLICATE
INV2026002105,V013,Metro Fasteners,PO2025002105,GRN2025002105,SKU0075,2025-03-12,221,321.96,71153.16,18,12807.57,83960.73,DUPLICATE
INV2025002106,V024,Zenith Engineering Supplies,PO2025002106,GRN2025002106,SKU0055,2025-07-05,140,2303.2,322448.0,12,38693.76,361141.76,DUPLICATE
INV2026002106,V024,Zenith Engineering Supplies,PO2025002106,GRN2025002106,SKU0055,2025-07-06,140,2303.2,322448.0,12,38693.76,361141.76,DUPLICATE
INV2025002107,V038,NexGen Components,PO2025002107,GRN2025002107,SKU0055,2026-04-18,18,2229.26,40126.68,18,7222.8,47349.48,CLEAN
INV2025002108,V018,Ridgeway Bearings,PO2025002108,GRN2025002108,SKU0014,2025-07-27,32,1345.13,43044.16,5,2152.21,45196.37,CLEAN
INV2025002109,V001,Apex Industrial Supplies Pvt Ltd,PO2025002109,GRN2025002109,SKU0064,2025-09-25,26,1302.61,33867.86,5,1693.39,35561.25,CLEAN
INV2025002110,V032,Helios Controls,PO2025002110,GRN2025002110,SKU0079,2026-08-12,181,3212.92,581538.52,18,104676.93,686215.45,CLEAN
INV2025002111,V021,United Process Equipment,PO2025002111,GRN2025002111,SKU0077,2026-01-28,213,1323.15,281830.95,18,50729.57,332560.52,CLEAN
INV2025002112,V037,Magnus Tools,PO2025002112,GRN2025002112,SKU0037,2025-12-04,184,1517.57,279232.88,18,50261.92,329494.8,CLEAN
INV2025002113,V027,Crest Chemicals,PO2025002113,GRN2025002113,SKU0021,2025-03-29,168,1477.73,248258.64,12,29791.04,278049.68,CLEAN
INV2025002114,V015,Orbit Maintenance Supplies,PO2025002114,GRN2025002114,SKU0040,2026-03-07,49,1357.49,66517.01,18,11973.06,78490.07,CLEAN
INV2025002115,V003,Crown Packaging Solutions,PO2025002115,GRN2025002115,SKU0018,2025-02-12,36,11094.08,399386.88,5,19969.34,419356.22,CLEAN
INV2025002116,V027,Crest Chemicals,PO2025002116,GRN2025002116,SKU0016,2025-12-06,59,617.35,36423.65,12,4370.84,40794.49,CLEAN
INV2025002117,V004,Delta Engineering Components,PO2025002117,GRN2025002117,SKU0003,2026-01-04,145,405.56,58806.2,12,7056.74,65862.94,CLEAN
INV2025002118,V015,Orbit Maintenance Supplies,PO2025002118,GRN2025002118,SKU0030,2026-03-28,186,1036.74,192833.64,18,34710.06,227543.7,CLEAN
INV2025002119,V027,Crest Chemicals,PO2025002119,GRN2025002119,SKU0012,2025-07-23,121,156.24,18905.04,12,2268.6,21173.64,CLEAN
INV2025002120,V017,Quantum Electricals,PO2025002120,GRN2025002120,SKU0068,2025-05-17,246,107.47,26437.62,18,4758.77,31196.39,QTY_OVER_RECEIPT
INV2025002121,V031,Ganga Hardware Traders,PO2025002121,GRN2025002121,SKU0049,2026-07-09,250,1119.04,279760.0,5,13988.0,293748.0,CLEAN
INV2025002122,V017,Quantum Electricals,PO2025002122,GRN2025002122,SKU0019,2026-01-03,188,428.17,80495.96,18,14489.27,94985.23,CLEAN
INV2025002123,V030,Frontier Components,PO2025002123,GRN2025002123,SKU0054,2025-07-27,111,723.8,80341.8,18,14461.52,94803.32,CLEAN
INV2025002124,V005,Evergreen Facility Products,PO2025002124,GRN2025002124,SKU0008,2026-07-29,237,878.47,208197.39,12,24983.69,233181.08,CLEAN
INV2025002125,V035,Keystone Industrial Products,PO2025002125,GRN2025002125,SKU0075,2026-01-02,93,341.89,31795.77,12,3815.49,35611.26,CLEAN
INV2025002126,V017,Quantum Electricals,PO2025002126,GRN2025002126,SKU0045,2026-09-15,90,1619.08,145717.2,18,26229.1,171946.3,CLEAN
INV2025002128,V003,Crown Packaging Solutions,PO2025002128,GRN2025002128,SKU0050,2025-03-10,71,19585.18,1390547.78,5,69527.39,1460075.17,CLEAN
INV2025002129,V029,Eagle Stationery Solutions,PO2025002129,GRN2025002129,SKU0058,2025-08-21,59,34084.75,2011000.25,18,361980.04,2372980.29,CLEAN
INV2025002130,V021,United Process Equipment,PO2025002130,GRN2025002130,SKU0046,2026-09-03,56,877.61,49146.16,18,8846.31,57992.47,CLEAN
INV2025002131,V009,Indus Mechanical Works,PO2025002131,GRN2025002131,SKU0015,2025-04-06,23,3305.09,76017.07,12,9122.05,85139.12,CLEAN
INV2025002132,V006,Falcon Electricals India Pvt Ltd,PO2025002132,GRN2025002132,SKU0001,2025-12-08,163,1066.13,173779.19,5,8688.96,182468.15,PRICE_VARIANCE
INV2025002133,V002,BluePeak Office Systems Pvt Ltd,PO2025002133,GRN2025002133,SKU0006,2026-03-31,139,411.02,57131.78,12,6855.81,63987.59,CLEAN
INV2025002134,V002,BluePeak Office Systems Pvt Ltd,PO2025002134,GRN2025002134,SKU0069,2025-10-03,235,2143.65,503757.75,12,60450.93,564208.68,CLEAN
INV2025002135,V006,Falcon Electricals India Pvt Ltd,PO2025002135,GRN2025002135,SKU0013,2025-11-24,175,1533.42,268348.5,5,13417.42,281765.92,CLEAN
INV2025002136,V009,Indus Mechanical Works,PO2025002136,GRN2025002136,SKU0071,2025-08-01,84,1431.67,120260.28,12,14431.23,134691.51,CLEAN
INV2025002137,V002,BluePeak Office Systems Pvt Ltd,PO2025002137,GRN2025002137,SKU0053,2025-10-28,185,794.39,146962.15,12,17635.46,164597.61,QTY_VARIANCE
INV2025002138,V018,Ridgeway Bearings,PO2025002138,GRN2025002138,SKU0071,2026-03-22,189,1612.6,304781.4,5,15239.07,320020.47,CLEAN
INV2025002139,V006,Falcon Electricals India Pvt Ltd,PO2025002139,GRN2025002139,SKU0003,2025-11-15,104,431.93,44920.72,5,2246.04,47166.76,CLEAN
INV2025002140,V011,Kaveri Industrial Traders,PO2025002140,GRN2025002140,SKU0063,2025-08-06,152,2575.57,391486.64,18,70467.6,461954.24,CLEAN
INV2025002142,V031,Ganga Hardware Traders,PO2025002142,GRN2025002142,SKU0010,2026-01-19,86,13031.74,1120729.64,5,56036.48,1176766.12,CLEAN
INV2025002143,V028,Dynamo Power Systems,PO2025002143,GRN2025002143,SKU0025,2025-06-12,226,755.08,170648.08,5,8532.4,179180.48,DUPLICATE
INV2026002143,V028,Dynamo Power Systems,PO2025002143,GRN2025002143,SKU0025,2025-06-17,226,755.08,170648.08,5,8532.4,179180.48,DUPLICATE
INV2025002144,V006,Falcon Electricals India Pvt Ltd,PO2025002144,GRN2025002144,SKU0014,2026-01-25,203,1144.73,232380.19,5,11619.01,243999.2,CLEAN
INV2025002145,V022,Vertex Automation,PO2025002145,GRN2025002145,SKU0003,2025-02-19,201,408.26,82060.26,18,14770.85,96831.11,CLEAN
INV2025002146,V010,Jupiter Office Products,PO2025002146,GRN2025002146,SKU0078,2026-03-04,23,769.46,17697.58,18,3185.56,20883.14,CLEAN
INV2025002147,V037,Magnus Tools,PO2025002147,GRN2025002147,SKU0079,2026-01-04,6,3544.18,21265.08,18,3827.71,25092.79,CLEAN
INV2025002148,V010,Jupiter Office Products,PO2025002148,GRN2025002148,SKU0067,2026-04-27,158,290.95,45970.1,18,8274.62,54244.72,PRICE_VARIANCE
INV2025002149,V002,BluePeak Office Systems Pvt Ltd,PO2025002149,GRN2025002149,SKU0034,2026-03-04,109,13481.81,1469517.29,12,176342.07,1645859.36,CLEAN
INV2025002150,V002,BluePeak Office Systems Pvt Ltd,PO2025002150,GRN2025002150,SKU0039,2026-01-30,169,1949.31,329433.39,12,39532.01,368965.4,CLEAN
INV2025002151,V012,Lotus Packaging India Pvt Ltd,PO2025002151,,SKU0019,2026-04-28,82,493.56,40471.92,12,4856.63,45328.55,MISSING_GRN
INV2025002152,V021,United Process Equipment,PO2025002152,GRN2025002152,SKU0056,2026-09-19,210,763.71,160379.1,18,28868.24,189247.34,CLEAN
INV2025002153,V026,Bharat Industrial Stores,PO2025002153,GRN2025002153,SKU0045,2026-07-17,135,1622.75,219071.25,18,39432.82,258504.07,CLEAN
INV2025002154,V004,Delta Engineering Components,PO2025002154,GRN2025002154,SKU0056,2025-07-11,130,687.92,89429.6,12,10731.55,100161.15,CLEAN
INV2025002155,V026,Bharat Industrial Stores,PO2025002155,GRN2025002155,SKU0038,2026-05-07,68,505.76,34391.68,18,6190.5,40582.18,CLEAN
INV2025002156,V012,Lotus Packaging India Pvt Ltd,PO2025002156,GRN2025002156,SKU0080,2026-03-03,98,828.67,81209.66,12,9745.16,90954.82,CLEAN
INV2025002157,V040,Pioneer Electrical Traders,PO2025002157,GRN2025002157,SKU0038,2025-04-30,181,593.27,107381.87,18,19328.74,126710.61,CLEAN
INV2025002158,V011,Kaveri Industrial Traders,PO2025002158,GRN2025002158,SKU0068,2025-05-08,19,108.91,2069.29,18,372.47,2441.76,CLEAN
INV2025002159,V001,Apex Industrial Supplies Pvt Ltd,PO2025002159,GRN2025002159,SKU0040,2026-01-30,55,1270.2,69861.0,5,3493.05,73354.05,CLEAN
INV2025002160,V016,Prime Tools & Components,PO2025002160,GRN2025002160,SKU0063,2025-02-17,112,3479.13,389662.56,12,46759.51,436422.07,PRICE_VARIANCE
INV2025002162,V018,Ridgeway Bearings,PO2025002162,GRN2025002162,SKU0072,2026-04-21,204,615.03,125466.12,5,6273.31,131739.43,CLEAN
INV2025002163,V008,Horizon IT Distribution,PO2025002163,GRN2025002163,SKU0004,2026-02-02,184,204.03,37541.52,18,6757.47,44298.99,CLEAN
INV2025002164,V020,Trident Facility Services,PO2025002164,GRN2025002164,SKU0056,2025-02-07,201,759.08,152575.08,12,18309.01,170884.09,CLEAN
INV2025002165,V025,Arun Safety & PPE,PO2025002165,GRN2025002165,SKU0037,2026-02-02,127,1502.51,190818.77,12,22898.25,213717.02,CLEAN
INV2025002166,V032,Helios Controls,PO2025002166,GRN2025002166,SKU0064,2026-08-12,249,1096.54,273038.46,18,49146.92,322185.38,CLEAN
INV2025002167,V036,Lumina Office Technologies,PO2025002167,GRN2025002167,SKU0010,2026-03-26,231,12911.27,2982503.37,18,536850.61,3519353.98,CLEAN
INV2025002168,V038,NexGen Components,PO2025002168,GRN2025002168,SKU0054,2025-07-20,21,755.32,15861.72,18,2855.11,18716.83,CLEAN
INV2025002169,V033,Innovatech Solutions,PO2025002169,GRN2025002169,SKU0048,2026-09-12,71,1115.98,79234.58,5,3961.73,83196.31,CLEAN
INV2025002170,V040,Pioneer Electrical Traders,PO2025002170,GRN2025002170,SKU0022,2026-07-10,32,696.14,22276.48,18,4009.77,26286.25,PRICE_VARIANCE
INV2025002171,V020,Trident Facility Services,PO2025002171,GRN2025002171,SKU0009,2026-08-05,90,934.82,84133.8,12,10096.06,94229.86,CLEAN
INV2025002172,V039,Omkar Facility Products,PO2025002172,GRN2025002172,SKU0029,2026-08-11,133,1805.38,240115.54,5,12005.78,252121.32,CLEAN
INV2025002173,V012,Lotus Packaging India Pvt Ltd,PO2025002173,GRN2025002173,SKU0043,2026-03-22,81,261.76,21202.56,12,2544.31,23746.87,CLEAN
INV2025002174,V005,Evergreen Facility Products,PO2025002174,,SKU0067,2026-02-01,244,285.51,69664.44,12,8359.73,78024.17,MISSING_GRN
INV2025002175,V008,Horizon IT Distribution,PO2025002175,GRN2025002175,SKU0007,2025-02-15,73,2514.39,183550.47,18,33039.08,216589.55,CLEAN
INV2025002176,V038,NexGen Components,PO2025002176,GRN2025002176,SKU0039,2025-01-31,222,1650.55,366422.1,18,65955.98,432378.08,CLEAN
INV2025002177,V038,NexGen Components,PO2025002177,GRN2025002177,SKU0070,2025-07-06,140,793.27,111057.8,18,19990.4,131048.2,DUPLICATE
INV2026002177,V038,NexGen Components,PO2025002177,GRN2025002177,SKU0070,2025-07-08,140,793.27,111057.8,18,19990.4,131048.2,DUPLICATE
INV2025002178,V007,Gamma Safety Solutions,PO2025002178,GRN2025002178,SKU0072,2025-08-04,2,603.49,1206.98,5,60.35,1267.33,CLEAN
INV2025002179,V004,Delta Engineering Components,PO2025002179,GRN2025002179,SKU0066,2026-08-15,189,25679.41,4853408.49,12,582409.02,5435817.51,QTY_OVER_RECEIPT
INV2025002180,V039,Omkar Facility Products,PO2025002180,GRN2025002180,SKU0020,2025-07-18,158,128.64,20325.12,5,1016.26,21341.38,CLEAN
INV2025002181,V007,Gamma Safety Solutions,PO2025002181,GRN2025002181,SKU0078,2026-02-17,4,878.19,3512.76,5,175.64,3688.4,CLEAN
INV2025002182,V001,Apex Industrial Supplies Pvt Ltd,PO2025002182,GRN2025002182,SKU0040,2025-06-30,107,1294.42,138502.94,5,6925.15,145428.09,CLEAN
INV2025002183,V010,Jupiter Office Products,PO2025002183,GRN2025002183,SKU0011,2026-07-17,68,492.59,33496.12,18,6029.3,39525.42,CLEAN
INV2025002184,V031,Ganga Hardware Traders,PO2025002184,GRN2025002184,SKU0052,2026-02-12,122,153.62,18741.64,5,937.08,19678.72,CLEAN
INV2025002185,V003,Crown Packaging Solutions,PO2025002185,GRN2025002185,SKU0041,2025-07-20,54,1244.82,67220.28,5,3361.01,70581.29,CLEAN
INV2025002186,V026,Bharat Industrial Stores,PO2025002186,GRN2025002186,SKU0002,2026-06-28,92,12919.95,1188635.4,18,213954.37,1402589.77,QTY_OVER_RECEIPT
INV2025002187,V028,Dynamo Power Systems,PO2025002187,GRN2025002187,SKU0021,2026-07-05,40,1405.85,56234.0,5,2811.7,59045.7,CLEAN
INV2025002188,V029,Eagle Stationery Solutions,PO2025002188,GRN2025002188,SKU0078,2025-08-31,28,857.39,24006.92,18,4321.25,28328.17,CLEAN
INV2025002189,V012,Lotus Packaging India Pvt Ltd,PO2025002189,GRN2025002189,SKU0060,2025-12-10,124,192.69,23893.56,12,2867.23,26760.79,QTY_OVER_RECEIPT
INV2025002190,V039,Omkar Facility Products,PO2025002190,GRN2025002190,SKU0066,2026-05-11,121,26622.27,3221294.67,5,161064.73,3382359.4,CLEAN
INV2025002191,V018,Ridgeway Bearings,PO2025002191,GRN2025002191,SKU0016,2025-06-14,14,600.44,8406.16,5,420.31,8826.47,CLEAN
INV2025002193,V023,Westline Consumables,PO2025002193,GRN2025002193,SKU0080,2025-07-05,201,925.59,186043.59,12,22325.23,208368.82,CLEAN
INV2025002194,V037,Magnus Tools,PO2025002194,GRN2025002194,SKU0009,2026-04-23,51,795.14,40552.14,18,7299.39,47851.53,QTY_OVER_RECEIPT
INV2025002195,V039,Omkar Facility Products,PO2025002195,GRN2025002195,SKU0041,2025-11-07,153,1122.29,171710.37,5,8585.52,180295.89,CLEAN
INV2025002196,V014,Nova Tech Systems,PO2025002196,GRN2025002196,SKU0049,2026-05-14,75,1138.77,85407.75,5,4270.39,89678.14,CLEAN
INV2025002197,V013,Metro Fasteners,PO2025002197,GRN2025002197,SKU0072,2025-10-30,186,607.04,112909.44,18,20323.7,133233.14,CLEAN
INV2025002198,V019,Sigma Industrial Products,PO2025002198,GRN2025002198,SKU0030,2026-03-27,88,1086.56,95617.28,12,11474.07,107091.35,PRICE_VARIANCE
INV2025002199,V034,Jade Logistics Supplies,PO2025002199,GRN2025002199,SKU0035,2025-06-16,115,404.0,46460.0,18,8362.8,54822.8,CLEAN
INV2025002200,V012,Lotus Packaging India Pvt Ltd,PO2025002200,GRN2025002200,SKU0009,2026-03-03,17,784.54,13337.18,12,1600.46,14937.64,CLEAN
INV2025002201,V038,NexGen Components,PO2025002201,GRN2025002201,SKU0043,2025-07-30,79,209.06,16515.74,18,2972.83,19488.57,CLEAN
INV2025002202,V002,BluePeak Office Systems Pvt Ltd,PO2025002202,GRN2025002202,SKU0014,2026-07-17,10,1435.08,14350.8,12,1722.1,16072.9,CLEAN
INV2025002203,V014,Nova Tech Systems,PO2025002203,GRN2025002203,SKU0078,2026-07-09,174,832.42,144841.08,5,7242.05,152083.13,CLEAN
INV2025002204,V029,Eagle Stationery Solutions,PO2025002204,GRN2025002204,SKU0013,2025-04-02,155,1626.18,252057.9,18,45370.42,297428.32,CLEAN
INV2025002205,V013,Metro Fasteners,PO2025002205,GRN2025002205,SKU0002,2026-06-03,110,10763.07,1183937.7,18,213108.79,1397046.49,CLEAN
INV2025002206,V012,Lotus Packaging India Pvt Ltd,PO2025002206,GRN2025002206,SKU0037,2025-02-06,191,1416.16,270486.56,12,32458.39,302944.95,CLEAN
INV2025002207,V016,Prime Tools & Components,PO2025002207,GRN2025002207,SKU0037,2025-02-23,153,1323.94,202562.82,12,24307.54,226870.36,CLEAN
INV2025002208,V029,Eagle Stationery Solutions,PO2025002208,GRN2025002208,SKU0058,2025-06-03,72,40113.11,2888143.92,18,519865.91,3408009.83,CLEAN
INV2025002209,V008,Horizon IT Distribution,PO2025002209,GRN2025002209,SKU0069,2026-04-02,226,1923.99,434821.74,18,78267.91,513089.65,CLEAN
INV2025002210,V005,Evergreen Facility Products,PO2025002210,GRN2025002210,SKU0042,2025-04-03,243,23544.02,5721196.86,12,686543.62,6407740.48,CLEAN
INV2025002211,V011,Kaveri Industrial Traders,PO2025002211,GRN2025002211,SKU0027,2026-08-17,196,375.48,73594.08,18,13246.93,86841.01,QTY_OVER_RECEIPT
INV2025002212,V020,Trident Facility Services,PO2025002212,GRN2025002212,SKU0006,2025-09-24,162,465.86,75469.32,12,9056.32,84525.64,QTY_OVER_RECEIPT
INV2025002213,V017,Quantum Electricals,PO2025002213,GRN2025002213,SKU0021,2025-03-07,55,1412.01,77660.55,18,13978.9,91639.45,CLEAN
INV2025002214,V012,Lotus Packaging India Pvt Ltd,PO2025002214,GRN2025002214,SKU0046,2026-08-12,7,854.24,5979.68,12,717.56,6697.24,CLEAN
INV2025002215,V006,Falcon Electricals India Pvt Ltd,PO2025002215,GRN2025002215,SKU0052,2026-06-11,188,147.0,27636.0,5,1381.8,29017.8,CLEAN
INV2025002216,V040,Pioneer Electrical Traders,PO2025002216,GRN2025002216,SKU0048,2025-11-16,184,1066.24,196188.16,18,35313.87,231502.03,CLEAN
INV2025002217,V012,Lotus Packaging India Pvt Ltd,PO2025002217,GRN2025002217,SKU0046,2025-12-26,155,907.95,140732.25,12,16887.87,157620.12,CLEAN
INV2025002218,V039,Omkar Facility Products,PO2025002218,GRN2025002218,SKU0060,2026-02-02,108,196.08,21176.64,5,1058.83,22235.47,CLEAN
INV2025002219,V001,Apex Industrial Supplies Pvt Ltd,PO2025002219,GRN2025002219,SKU0063,2026-03-12,202,2755.58,556627.16,5,27831.36,584458.52,CLEAN
INV2025002221,V016,Prime Tools & Components,PO2025002221,GRN2025002221,SKU0072,2025-12-21,62,626.66,38852.92,12,4662.35,43515.27,CLEAN
INV2025002222,V005,Evergreen Facility Products,PO2025002222,GRN2025002222,SKU0079,2026-01-11,26,3726.33,96884.58,12,11626.15,108510.73,CLEAN
INV2025002223,V028,Dynamo Power Systems,PO2025002223,GRN2025002223,SKU0071,2026-01-02,232,1293.82,300166.24,5,15008.31,315174.55,QTY_OVER_RECEIPT
INV2025002224,V016,Prime Tools & Components,PO2025002224,GRN2025002224,SKU0003,2026-05-18,225,470.22,105799.5,12,12695.94,118495.44,QTY_VARIANCE
INV2025002225,V028,Dynamo Power Systems,PO2025002225,GRN2025002225,SKU0050,2025-08-31,13,24095.73,313244.49,5,15662.22,328906.71,PRICE_VARIANCE
INV2025002227,V040,Pioneer Electrical Traders,PO2025002227,GRN2025002227,SKU0004,2025-03-22,113,173.25,19577.25,18,3523.91,23101.16,CLEAN
INV2025002228,V038,NexGen Components,PO2025002228,GRN2025002228,SKU0011,2025-03-09,95,510.47,48494.65,18,8729.04,57223.69,CLEAN
INV2025002229,V030,Frontier Components,PO2025002229,GRN2025002229,SKU0065,2025-11-05,77,1042.28,80255.56,18,14446.0,94701.56,CLEAN
INV2025002231,V010,Jupiter Office Products,PO2025002231,GRN2025002231,SKU0018,2026-09-05,103,11122.98,1145666.94,18,206220.05,1351886.99,CLEAN
INV2025002232,V034,Jade Logistics Supplies,PO2025002232,GRN2025002232,SKU0061,2025-05-14,122,674.83,82329.26,18,14819.27,97148.53,CLEAN
INV2025002233,V029,Eagle Stationery Solutions,PO2025002233,GRN2025002233,SKU0078,2025-10-10,22,937.67,20628.74,18,3713.17,24341.91,CLEAN
INV2025002234,V029,Eagle Stationery Solutions,PO2025002234,GRN2025002234,SKU0065,2025-05-26,164,1086.53,178190.92,18,32074.37,210265.29,CLEAN
INV2025002235,V018,Ridgeway Bearings,PO2025002235,GRN2025002235,SKU0051,2025-06-07,38,329.09,12505.42,5,625.27,13130.69,CLEAN
INV2025002236,V036,Lumina Office Technologies,PO2025002236,GRN2025002236,SKU0060,2026-08-18,63,168.24,10599.12,18,1907.84,12506.96,CLEAN
INV2025002237,V006,Falcon Electricals India Pvt Ltd,PO2025002237,GRN2025002237,SKU0026,2025-03-20,4,16249.76,64999.04,5,3249.95,68248.99,CLEAN
INV2025002238,V008,Horizon IT Distribution,PO2025002238,GRN2025002238,SKU0030,2025-03-14,7,945.26,6616.82,18,1191.03,7807.85,CLEAN
INV2025002239,V017,Quantum Electricals,PO2025002239,GRN2025002239,SKU0061,2025-06-17,54,683.51,36909.54,18,6643.72,43553.26,CLEAN
INV2025002240,V037,Magnus Tools,PO2025002240,GRN2025002240,SKU0026,2026-02-03,11,15481.83,170300.13,18,30654.02,200954.15,CLEAN
INV2025002241,V011,Kaveri Industrial Traders,PO2025002241,GRN2025002241,SKU0052,2026-06-09,223,165.15,36828.45,18,6629.12,43457.57,CLEAN
INV2025002242,V014,Nova Tech Systems,PO2025002242,GRN2025002242,SKU0005,2025-02-17,89,674.81,60058.09,5,3002.9,63060.99,CLEAN
INV2025002243,V023,Westline Consumables,PO2025002243,GRN2025002243,SKU0029,2025-02-02,52,1692.52,88011.04,12,10561.32,98572.36,CLEAN
INV2025002244,V002,BluePeak Office Systems Pvt Ltd,PO2025002244,GRN2025002244,SKU0039,2026-07-21,246,1609.8,396010.8,12,47521.3,443532.1,CLEAN
INV2025002245,V014,Nova Tech Systems,PO2025002245,GRN2025002245,SKU0046,2026-01-28,174,814.71,141759.54,5,7087.98,148847.52,CLEAN
INV2025002246,V001,Apex Industrial Supplies Pvt Ltd,PO2025002246,GRN2025002246,SKU0032,2025-12-14,192,786.8,151065.6,5,7553.28,158618.88,CLEAN
INV2025002247,V020,Trident Facility Services,PO2025002247,GRN2025002247,SKU0043,2026-02-17,164,236.01,38705.64,12,4644.68,43350.32,CLEAN
INV2025002248,V030,Frontier Components,PO2025002248,GRN2025002248,SKU0058,2026-06-28,149,36090.34,5377460.66,18,967942.92,6345403.58,QTY_VARIANCE
INV2025002249,V006,Falcon Electricals India Pvt Ltd,PO2025002249,GRN2025002249,SKU0008,2025-02-05,68,770.06,52364.08,5,2618.2,54982.28,CLEAN
INV2025002250,V029,Eagle Stationery Solutions,PO2025002250,GRN2025002250,SKU0029,2026-07-31,250,1695.19,423797.5,18,76283.55,500081.05,CLEAN
INV2025002251,V010,Jupiter Office Products,PO2025002251,GRN2025002251,SKU0052,2025-05-23,93,157.55,14652.15,18,2637.39,17289.54,CLEAN
INV2025002252,V012,Lotus Packaging India Pvt Ltd,PO2025002252,GRN2025002252,SKU0039,2026-04-01,136,1783.83,242600.88,12,29112.11,271712.99,CLEAN
INV2025002253,V032,Helios Controls,PO2025002253,GRN2025002253,SKU0017,2026-07-15,116,944.31,109539.96,18,19717.19,129257.15,CLEAN
INV2025002254,V013,Metro Fasteners,PO2025002254,GRN2025002254,SKU0016,2026-04-09,192,623.58,119727.36,18,21550.92,141278.28,CLEAN
INV2025002255,V032,Helios Controls,PO2025002255,GRN2025002255,SKU0016,2026-08-21,149,689.19,102689.31,18,18484.08,121173.39,CLEAN
INV2025002256,V015,Orbit Maintenance Supplies,PO2025002256,GRN2025002256,SKU0008,2026-06-14,77,768.25,59155.25,18,10647.94,69803.19,CLEAN
INV2025002257,V023,Westline Consumables,PO2025002257,GRN2025002257,SKU0041,2025-11-04,99,1176.35,116458.65,12,13975.04,130433.69,QTY_OVER_RECEIPT
INV2025002258,V011,Kaveri Industrial Traders,PO2025002258,GRN2025002258,SKU0017,2026-04-18,119,1120.43,133331.17,18,23999.61,157330.78,QTY_VARIANCE
INV2025002259,V012,Lotus Packaging India Pvt Ltd,PO2025002259,GRN2025002259,SKU0059,2025-12-15,104,232.03,24131.12,12,2895.73,27026.85,QTY_VARIANCE
INV2025002260,V012,Lotus Packaging India Pvt Ltd,PO2025002260,GRN2025002260,SKU0048,2025-05-01,232,1117.5,259260.0,12,31111.2,290371.2,CLEAN
INV2025002261,V024,Zenith Engineering Supplies,PO2025002261,GRN2025002261,SKU0007,2025-11-26,24,2986.49,71675.76,12,8601.09,80276.85,CLEAN
INV2025002262,V003,Crown Packaging Solutions,PO2025002262,GRN2025002262,SKU0021,2025-11-28,235,1202.86,282672.1,5,14133.6,296805.7,DUPLICATE
INV2026002262,V003,Crown Packaging Solutions,PO2025002262,GRN2025002262,SKU0021,2025-12-04,235,1202.86,282672.1,5,14133.6,296805.7,DUPLICATE
INV2025002263,V037,Magnus Tools,PO2025002263,GRN2025002263,SKU0065,2025-11-23,225,1112.3,250267.5,18,45048.15,295315.65,CLEAN
INV2025002264,V014,Nova Tech Systems,PO2025002264,GRN2025002264,SKU0009,2026-06-18,247,843.53,208351.91,5,10417.6,218769.51,CLEAN
INV2025002265,V020,Trident Facility Services,PO2025002265,GRN2025002265,SKU0025,2026-08-29,122,653.76,79758.72,12,9571.05,89329.77,CLEAN
INV2025002266,V020,Trident Facility Services,PO2025002266,GRN2025002266,SKU0078,2025-06-09,211,862.54,181995.94,12,21839.51,203835.45,PRICE_VARIANCE
INV2025002267,V001,Apex Industrial Supplies Pvt Ltd,PO2025002267,GRN2025002267,SKU0029,2025-12-02,19,1749.64,33243.16,5,1662.16,34905.32,CLEAN
INV2025002268,V034,Jade Logistics Supplies,PO2025002268,GRN2025002268,SKU0073,2026-01-12,15,580.59,8708.85,18,1567.59,10276.44,CLEAN
INV2025002269,V018,Ridgeway Bearings,PO2025002269,GRN2025002269,SKU0026,2025-07-09,14,14209.63,198934.82,5,9946.74,208881.56,CLEAN
INV2025002271,V029,Eagle Stationery Solutions,PO2025002271,GRN2025002271,SKU0014,2026-05-30,211,1415.01,298567.11,18,53742.08,352309.19,CLEAN
INV2025002272,V009,Indus Mechanical Works,PO2025002272,GRN2025002272,SKU0032,2025-09-07,122,730.06,89067.32,12,10688.08,99755.4,QTY_VARIANCE
INV2025002273,V028,Dynamo Power Systems,PO2025002273,GRN2025002273,SKU0010,2026-06-26,164,11419.39,1872779.96,5,93639.0,1966418.96,CLEAN
INV2025002274,V035,Keystone Industrial Products,PO2025002274,GRN2025002274,SKU0002,2025-08-08,97,12031.84,1167088.48,12,140050.62,1307139.1,CLEAN
INV2025002275,V026,Bharat Industrial Stores,PO2025002275,GRN2025002275,SKU0026,2026-02-12,34,18762.38,637920.92,18,114825.77,752746.69,PRICE_VARIANCE
INV2025002276,V027,Crest Chemicals,PO2025002276,GRN2025002276,SKU0054,2025-06-24,180,643.02,115743.6,12,13889.23,129632.83,PRICE_VARIANCE
INV2025002277,V007,Gamma Safety Solutions,PO2025002277,GRN2025002277,SKU0065,2026-01-02,13,1305.69,16973.97,5,848.7,17822.67,CLEAN
INV2025002278,V018,Ridgeway Bearings,PO2025002278,GRN2025002278,SKU0019,2025-12-02,29,491.22,14245.38,5,712.27,14957.65,CLEAN
INV2025002279,V012,Lotus Packaging India Pvt Ltd,PO2025002279,GRN2025002279,SKU0080,2026-09-01,148,883.02,130686.96,12,15682.44,146369.4,CLEAN
INV2025002281,V012,Lotus Packaging India Pvt Ltd,PO2025002281,GRN2025002281,SKU0020,2026-03-19,129,122.04,15743.16,12,1889.18,17632.34,CLEAN
INV2025002282,V029,Eagle Stationery Solutions,PO2025002282,GRN2025002282,SKU0043,2025-06-10,239,260.58,62278.62,18,11210.15,73488.77,CLEAN
INV2025002283,V005,Evergreen Facility Products,PO2025002283,GRN2025002283,SKU0066,2026-06-02,98,28887.82,2831006.36,12,339720.76,3170727.12,CLEAN
INV2025002284,V027,Crest Chemicals,PO2025002284,GRN2025002284,SKU0050,2025-01-28,68,20425.0,1388900.0,12,166668.0,1555568.0,DUPLICATE
INV2026002284,V027,Crest Chemicals,PO2025002284,GRN2025002284,SKU0050,2025-02-04,68,20425.0,1388900.0,12,166668.0,1555568.0,DUPLICATE
INV2025002285,V032,Helios Controls,PO2025002285,GRN2025002285,SKU0061,2026-01-07,23,740.05,17021.15,18,3063.81,20084.96,CLEAN
INV2025002286,V008,Horizon IT Distribution,PO2025002286,GRN2025002286,SKU0005,2026-08-20,200,541.74,108348.0,18,19502.64,127850.64,CLEAN
INV2025002287,V015,Orbit Maintenance Supplies,PO2025002287,GRN2025002287,SKU0029,2025-08-23,239,1806.09,431655.51,18,77697.99,509353.5,CLEAN
INV2025002288,V020,Trident Facility Services,PO2025002288,GRN2025002288,SKU0048,2025-12-06,242,963.2,233094.4,12,27971.33,261065.73,CLEAN
INV2025002289,V026,Bharat Industrial Stores,PO2025002289,GRN2025002289,SKU0026,2025-06-11,34,15386.93,523155.62,18,94168.01,617323.63,CLEAN
INV2025002290,V018,Ridgeway Bearings,PO2025002290,GRN2025002290,SKU0080,2025-05-25,120,889.22,106706.4,5,5335.32,112041.72,CLEAN
INV2025002291,V027,Crest Chemicals,PO2025002291,GRN2025002291,SKU0034,2025-10-05,165,13445.51,2218509.15,12,266221.1,2484730.25,CLEAN
INV2025002292,V026,Bharat Industrial Stores,PO2025002292,GRN2025002292,SKU0052,2025-09-28,222,163.76,36354.72,18,6543.85,42898.57,CLEAN
INV2025002293,V028,Dynamo Power Systems,PO2025002293,GRN2025002293,SKU0052,2025-09-19,140,147.86,20700.4,5,1035.02,21735.42,CLEAN
INV2025002294,V010,Jupiter Office Products,PO2025002294,GRN2025002294,SKU0040,2026-01-15,64,1280.99,81983.36,18,14757.0,96740.36,CLEAN
INV2025002295,V006,Falcon Electricals India Pvt Ltd,PO2025002295,GRN2025002295,SKU0026,2025-12-19,12,17400.7,208808.4,5,10440.42,219248.82,CLEAN
INV2025002296,V023,Westline Consumables,PO2025002296,GRN2025002296,SKU0012,2026-03-06,261,188.0,49068.0,12,5888.16,54956.16,CLEAN
INV2025002297,V036,Lumina Office Technologies,PO2025002297,GRN2025002297,SKU0074,2025-10-17,153,20576.15,3148150.95,18,566667.17,3714818.12,DUPLICATE
INV2026002297,V036,Lumina Office Technologies,PO2025002297,GRN2025002297,SKU0074,2025-10-18,153,20576.15,3148150.95,18,566667.17,3714818.12,DUPLICATE
INV2025002298,V027,Crest Chemicals,PO2025002298,GRN2025002298,SKU0042,2025-11-21,141,22734.19,3205520.79,12,384662.49,3590183.28,CLEAN
INV2025002299,V024,Zenith Engineering Supplies,PO2025002299,GRN2025002299,SKU0045,2025-02-24,109,1561.28,170179.52,12,20421.54,190601.06,CLEAN
INV2025002300,V007,Gamma Safety Solutions,PO2025002300,GRN2025002300,SKU0035,2025-04-28,114,417.35,47577.9,5,2378.89,49956.79,QTY_VARIANCE
INV2025002301,V037,Magnus Tools,PO2025002301,GRN2025002301,SKU0024,2026-01-22,148,920.0,136160.0,18,24508.8,160668.8,CLEAN
INV2025002302,V038,NexGen Components,PO2025002302,GRN2025002302,SKU0004,2026-01-14,57,189.82,10819.74,18,1947.55,12767.29,CLEAN
INV2025002303,V027,Crest Chemicals,PO2025002303,GRN2025002303,SKU0060,2026-09-28,234,233.13,54552.42,12,6546.29,61098.71,PRICE_VARIANCE
INV2025002304,V029,Eagle Stationery Solutions,PO2025002304,GRN2025002304,SKU0056,2026-02-21,111,744.95,82689.45,18,14884.1,97573.55,CLEAN
INV2025002305,V035,Keystone Industrial Products,PO2025002305,GRN2025002305,SKU0076,2025-12-01,24,157.65,3783.6,12,454.03,4237.63,CLEAN
INV2025002306,V012,Lotus Packaging India Pvt Ltd,PO2025002306,GRN2025002306,SKU0075,2026-05-24,73,321.1,23440.3,12,2812.84,26253.14,CLEAN
INV2025002307,V017,Quantum Electricals,PO2025002307,GRN2025002307,SKU0050,2025-12-14,33,22636.28,746997.24,18,134459.5,881456.74,PRICE_VARIANCE
INV2025002308,V031,Ganga Hardware Traders,PO2025002308,GRN2025002308,SKU0019,2026-06-14,161,428.34,68962.74,5,3448.14,72410.88,CLEAN
INV2025002309,V020,Trident Facility Services,PO2025002309,GRN2025002309,SKU0020,2025-12-27,87,121.38,10560.06,12,1267.21,11827.27,CLEAN
INV2025002310,V039,Omkar Facility Products,PO2025002310,GRN2025002310,SKU0044,2025-02-22,234,133.75,31297.5,5,1564.88,32862.38,PRICE_VARIANCE
INV2025002311,V009,Indus Mechanical Works,PO2025002311,GRN2025002311,SKU0025,2025-07-25,120,660.81,79297.2,12,9515.66,88812.86,CLEAN
INV2025002312,V004,Delta Engineering Components,PO2025002312,GRN2025002312,SKU0065,2025-04-18,230,1130.55,260026.5,12,31203.18,291229.68,CLEAN
INV2025002313,V031,Ganga Hardware Traders,PO2025002313,GRN2025002313,SKU0060,2026-09-26,36,182.62,6574.32,5,328.72,6903.04,CLEAN
INV2025002314,V022,Vertex Automation,PO2025002314,GRN2025002314,SKU0078,2025-06-24,61,825.41,50350.01,18,9063.0,59413.01,CLEAN
INV2025002315,V019,Sigma Industrial Products,PO2025002315,GRN2025002315,SKU0038,2025-10-30,17,593.72,10093.24,12,1211.19,11304.43,PRICE_VARIANCE
INV2025002316,V006,Falcon Electricals India Pvt Ltd,PO2025002316,GRN2025002316,SKU0010,2025-05-15,136,13564.14,1844723.04,5,92236.15,1936959.19,CLEAN
INV2025002317,V040,Pioneer Electrical Traders,PO2025002317,GRN2025002317,SKU0057,2025-06-20,138,688.52,95015.76,18,17102.84,112118.6,CLEAN
INV2025002318,V022,Vertex Automation,PO2025002318,GRN2025002318,SKU0046,2026-01-21,134,875.47,117312.98,18,21116.34,138429.32,CLEAN
INV2025002319,V024,Zenith Engineering Supplies,PO2025002319,GRN2025002319,SKU0028,2026-09-15,105,153.19,16084.95,12,1930.19,18015.14,CLEAN
INV2025002320,V008,Horizon IT Distribution,PO2025002320,GRN2025002320,SKU0031,2026-06-14,204,7385.53,1506648.12,18,271196.66,1777844.78,CLEAN
INV2025002321,V007,Gamma Safety Solutions,PO2025002321,GRN2025002321,SKU0023,2026-04-27,5,4956.58,24782.9,5,1239.14,26022.04,CLEAN
INV2025002322,V036,Lumina Office Technologies,PO2025002322,GRN2025002322,SKU0007,2026-04-20,93,2683.6,249574.8,18,44923.46,294498.26,CLEAN
INV2025002323,V031,Ganga Hardware Traders,PO2025002323,GRN2025002323,SKU0023,2026-07-09,102,5026.89,512742.78,5,25637.14,538379.92,CLEAN
INV2025002324,V030,Frontier Components,PO2025002324,GRN2025002324,SKU0055,2026-08-31,210,1955.0,410550.0,18,73899.0,484449.0,CLEAN
INV2025002325,V024,Zenith Engineering Supplies,PO2025002325,GRN2025002325,SKU0018,2025-04-03,248,12210.57,3028221.36,12,363386.56,3391607.92,CLEAN
INV2025002326,V013,Metro Fasteners,PO2025002326,GRN2025002326,SKU0003,2026-03-11,171,396.86,67863.06,18,12215.35,80078.41,CLEAN
INV2025002327,V023,Westline Consumables,PO2025002327,GRN2025002327,SKU0008,2025-04-10,44,914.31,40229.64,12,4827.56,45057.2,CLEAN
INV2025002329,V002,BluePeak Office Systems Pvt Ltd,PO2025002329,GRN2025002329,SKU0050,2025-03-14,208,16881.19,3511287.52,12,421354.5,3932642.02,CLEAN
INV2025002330,V012,Lotus Packaging India Pvt Ltd,PO2025002330,GRN2025002330,SKU0050,2026-04-16,6,16991.36,101948.16,12,12233.78,114181.94,CLEAN
INV2025002331,V006,Falcon Electricals India Pvt Ltd,PO2025002331,GRN2025002331,SKU0047,2025-12-18,210,4075.51,855857.1,5,42792.86,898649.96,CLEAN
INV2025002332,V019,Sigma Industrial Products,PO2025002332,GRN2025002332,SKU0061,2025-05-12,242,622.38,150615.96,12,18073.92,168689.88,CLEAN
INV2025002333,V026,Bharat Industrial Stores,PO2025002333,GRN2025002333,SKU0012,2026-01-20,12,178.38,2140.56,18,385.3,2525.86,CLEAN
INV2025002334,V038,NexGen Components,,GRN2025002334,SKU0002,2025-02-15,128,10970.86,1404270.08,18,252768.61,1657038.69,MISSING_PO
INV2025002335,V023,Westline Consumables,PO2025002335,GRN2025002335,SKU0067,2025-10-15,232,267.18,61985.76,12,7438.29,69424.05,CLEAN
INV2025002336,V034,Jade Logistics Supplies,PO2025002336,GRN2025002336,SKU0046,2025-06-13,221,817.78,180729.38,18,32531.29,213260.67,DUPLICATE
INV2026002336,V034,Jade Logistics Supplies,PO2025002336,GRN2025002336,SKU0046,2025-06-19,221,817.78,180729.38,18,32531.29,213260.67,DUPLICATE
INV2025002337,V040,Pioneer Electrical Traders,PO2025002337,GRN2025002337,SKU0064,2025-06-19,129,1171.04,151064.16,18,27191.55,178255.71,CLEAN
INV2025002338,V003,Crown Packaging Solutions,PO2025002338,GRN2025002338,SKU0058,2026-06-05,14,38848.37,543877.18,5,27193.86,571071.04,CLEAN
INV2025002339,V038,NexGen Components,PO2025002339,GRN2025002339,SKU0043,2025-09-03,230,225.04,51759.2,18,9316.66,61075.86,CLEAN
INV2025002340,V004,Delta Engineering Components,PO2025002340,GRN2025002340,SKU0011,2026-03-24,245,517.45,126775.25,12,15213.03,141988.28,CLEAN
INV2025002341,V021,United Process Equipment,PO2025002341,GRN2025002341,SKU0048,2026-09-04,58,1088.52,63134.16,18,11364.15,74498.31,CLEAN
INV2025002342,V021,United Process Equipment,PO2025002342,GRN2025002342,SKU0047,2025-01-25,217,3926.16,851976.72,18,153355.81,1005332.53,CLEAN
INV2025002344,V025,Arun Safety & PPE,PO2025002344,GRN2025002344,SKU0063,2026-03-23,88,2643.16,232598.08,12,27911.77,260509.85,CLEAN
INV2025002345,V032,Helios Controls,PO2025002345,GRN2025002345,SKU0027,2026-09-05,177,395.07,69927.39,18,12586.93,82514.32,CLEAN
INV2025002346,V033,Innovatech Solutions,PO2025002346,,SKU0009,2026-06-03,68,928.82,63159.76,5,3157.99,66317.75,MISSING_GRN
INV2025002347,V036,Lumina Office Technologies,PO2025002347,GRN2025002347,SKU0070,2026-08-19,14,720.77,10090.78,18,1816.34,11907.12,CLEAN
INV2025002348,V002,BluePeak Office Systems Pvt Ltd,PO2025002348,GRN2025002348,SKU0030,2025-07-27,35,860.75,30126.25,12,3615.15,33741.4,CLEAN
INV2025002349,V001,Apex Industrial Supplies Pvt Ltd,PO2025002349,GRN2025002349,SKU0041,2025-07-29,140,1306.72,182940.8,5,9147.04,192087.84,CLEAN
INV2025002350,V026,Bharat Industrial Stores,PO2025002350,GRN2025002350,SKU0005,2025-02-24,192,631.63,121272.96,18,21829.13,143102.09,DUPLICATE
INV2026002350,V026,Bharat Industrial Stores,PO2025002350,GRN2025002350,SKU0005,2025-03-03,192,631.63,121272.96,18,21829.13,143102.09,DUPLICATE
INV2025002351,V022,Vertex Automation,PO2025002351,GRN2025002351,SKU0056,2025-11-28,180,687.55,123759.0,18,22276.62,146035.62,CLEAN
INV2025002352,V020,Trident Facility Services,PO2025002352,GRN2025002352,SKU0060,2026-08-04,230,164.6,37858.0,12,4542.96,42400.96,QTY_OVER_RECEIPT
INV2025002353,V023,Westline Consumables,PO2025002353,GRN2025002353,SKU0014,2025-12-16,204,1441.58,294082.32,12,35289.88,329372.2,CLEAN
INV2025002354,V026,Bharat Industrial Stores,PO2025002354,GRN2025002354,SKU0080,2025-07-05,172,758.51,130463.72,18,23483.47,153947.19,CLEAN
INV2025002355,V016,Prime Tools & Components,PO2025002355,GRN2025002355,SKU0004,2026-07-10,68,190.01,12920.68,12,1550.48,14471.16,CLEAN
INV2025002356,V035,Keystone Industrial Products,PO2025002356,GRN2025002356,SKU0033,2025-03-24,82,712.03,58386.46,12,7006.38,65392.84,CLEAN
INV2025002357,V021,United Process Equipment,PO2025002357,GRN2025002357,SKU0043,2025-05-29,60,226.86,13611.6,18,2450.09,16061.69,CLEAN
INV2025002358,V031,Ganga Hardware Traders,PO2025002358,GRN2025002358,SKU0033,2025-06-05,110,709.61,78057.1,5,3902.86,81959.96,CLEAN
INV2025002359,V022,Vertex Automation,PO2025002359,GRN2025002359,SKU0030,2026-05-17,84,1033.93,86850.12,18,15633.02,102483.14,CLEAN
INV2025002360,V003,Crown Packaging Solutions,PO2025002360,GRN2025002360,SKU0009,2025-11-30,128,744.38,95280.64,5,4764.03,100044.67,CLEAN
INV2025002361,V005,Evergreen Facility Products,PO2025002361,GRN2025002361,SKU0075,2026-05-25,190,306.95,58320.5,12,6998.46,65318.96,CLEAN
INV2025002362,V033,Innovatech Solutions,PO2025002362,GRN2025002362,SKU0015,2026-07-10,3,2979.72,8939.16,5,446.96,9386.12,CLEAN
INV2025002363,V020,Trident Facility Services,PO2025002363,GRN2025002363,SKU0073,2025-08-18,62,578.28,35853.36,12,4302.4,40155.76,CLEAN
INV2025002364,V024,Zenith Engineering Supplies,PO2025002364,GRN2025002364,SKU0065,2025-12-13,28,1109.46,31064.88,12,3727.79,34792.67,CLEAN
INV2025002365,V001,Apex Industrial Supplies Pvt Ltd,PO2025002365,GRN2025002365,SKU0039,2025-10-20,240,1632.6,391824.0,5,19591.2,411415.2,CLEAN
INV2025002366,V015,Orbit Maintenance Supplies,PO2025002366,,SKU0046,2025-02-09,43,949.8,40841.4,18,7351.45,48192.85,MISSING_GRN
INV2025002367,V039,Omkar Facility Products,PO2025002367,GRN2025002367,SKU0045,2026-02-27,170,1476.48,251001.6,5,12550.08,263551.68,CLEAN
INV2025002368,V004,Delta Engineering Components,PO2025002368,GRN2025002368,SKU0017,2026-04-01,4,1187.79,4751.16,12,570.14,5321.3,PRICE_VARIANCE
INV2025002369,V034,Jade Logistics Supplies,PO2025002369,GRN2025002369,SKU0032,2025-02-21,120,783.18,93981.6,18,16916.69,110898.29,CLEAN
INV2025002370,V026,Bharat Industrial Stores,PO2025002370,GRN2025002370,SKU0075,2025-02-14,177,316.47,56015.19,18,10082.73,66097.92,CLEAN
INV2025002371,V013,Metro Fasteners,PO2025002371,GRN2025002371,SKU0058,2025-03-31,62,35249.35,2185459.7,18,393382.75,2578842.45,QTY_OVER_RECEIPT
INV2025002372,V030,Frontier Components,PO2025002372,GRN2025002372,SKU0022,2026-05-31,138,621.51,85768.38,18,15438.31,101206.69,CLEAN
INV2025002373,V018,Ridgeway Bearings,PO2025002373,GRN2025002373,SKU0026,2025-12-23,56,17077.82,956357.92,5,47817.9,1004175.82,CLEAN
INV2025002374,V020,Trident Facility Services,PO2025002374,GRN2025002374,SKU0051,2026-05-28,39,396.91,15479.49,12,1857.54,17337.03,PRICE_VARIANCE
INV2025002375,V005,Evergreen Facility Products,PO2025002375,GRN2025002375,SKU0053,2025-11-08,115,688.64,79193.6,12,9503.23,88696.83,CLEAN
INV2025002376,V010,Jupiter Office Products,PO2025002376,GRN2025002376,SKU0011,2026-08-05,154,532.27,81969.58,18,14754.52,96724.1,CLEAN
INV2025002377,V021,United Process Equipment,PO2025002377,GRN2025002377,SKU0076,2025-05-29,12,152.14,1825.68,18,328.62,2154.3,CLEAN
INV2025002378,V001,Apex Industrial Supplies Pvt Ltd,PO2025002378,GRN2025002378,SKU0002,2026-08-02,152,10961.74,1666184.48,5,83309.22,1749493.7,CLEAN
INV2025002379,V032,Helios Controls,PO2025002379,GRN2025002379,SKU0034,2026-01-23,155,14138.14,2191411.7,18,394454.11,2585865.81,CLEAN
INV2025002380,V035,Keystone Industrial Products,PO2025002380,GRN2025002380,SKU0075,2025-08-08,201,312.54,62820.54,12,7538.46,70359.0,CLEAN
INV2025002381,V030,Frontier Components,PO2025002381,GRN2025002381,SKU0079,2025-08-05,137,3319.59,454783.83,18,81861.09,536644.92,CLEAN
INV2025002382,V027,Crest Chemicals,PO2025002382,GRN2025002382,SKU0001,2025-11-16,212,1045.57,221660.84,12,26599.3,248260.14,CLEAN
INV2025002383,V039,Omkar Facility Products,PO2025002383,GRN2025002383,SKU0020,2025-02-09,73,120.49,8795.77,5,439.79,9235.56,CLEAN
INV2025002384,V039,Omkar Facility Products,PO2025002384,GRN2025002384,SKU0059,2025-03-09,246,191.03,46993.38,5,2349.67,49343.05,QTY_OVER_RECEIPT
INV2025002385,V032,Helios Controls,PO2025002385,GRN2025002385,SKU0034,2025-02-25,188,13019.57,2447679.16,18,440582.25,2888261.41,CLEAN
INV2025002386,V001,Apex Industrial Supplies Pvt Ltd,PO2025002386,GRN2025002386,SKU0006,2026-08-12,25,384.18,9604.5,5,480.23,10084.73,DUPLICATE
INV2026002386,V001,Apex Industrial Supplies Pvt Ltd,PO2025002386,GRN2025002386,SKU0006,2026-08-14,25,384.18,9604.5,5,480.23,10084.73,DUPLICATE
INV2025002387,V035,Keystone Industrial Products,PO2025002387,GRN2025002387,SKU0015,2026-02-28,63,3039.83,191509.29,12,22981.11,214490.4,CLEAN
INV2025002388,V040,Pioneer Electrical Traders,PO2025002388,GRN2025002388,SKU0005,2026-04-26,61,620.23,37834.03,18,6810.13,44644.16,CLEAN
INV2025002389,V015,Orbit Maintenance Supplies,PO2025002389,GRN2025002389,SKU0024,2025-07-14,143,914.31,130746.33,18,23534.34,154280.67,PRICE_VARIANCE
INV2025002390,V013,Metro Fasteners,PO2025002390,GRN2025002390,SKU0074,2026-06-04,185,23572.32,4360879.2,18,784958.26,5145837.46,CLEAN
INV2025002391,V039,Omkar Facility Products,PO2025002391,GRN2025002391,SKU0077,2025-10-01,59,1232.38,72710.42,5,3635.52,76345.94,CLEAN
INV2025002392,V014,Nova Tech Systems,PO2025002392,GRN2025002392,SKU0018,2026-09-05,241,11426.6,2753810.6,5,137690.53,2891501.13,CLEAN
INV2025002393,V032,Helios Controls,PO2025002393,GRN2025002393,SKU0060,2025-02-12,156,188.2,29359.2,18,5284.66,34643.86,DUPLICATE
INV2026002393,V032,Helios Controls,PO2025002393,GRN2025002393,SKU0060,2025-02-14,156,188.2,29359.2,18,5284.66,34643.86,DUPLICATE
INV2025002394,V025,Arun Safety & PPE,PO2025002394,GRN2025002394,SKU0052,2026-08-03,75,161.1,12082.5,12,1449.9,13532.4,CLEAN
INV2025002395,V030,Frontier Components,PO2025002395,GRN2025002395,SKU0078,2026-04-12,75,751.76,56382.0,18,10148.76,66530.76,CLEAN
INV2025002396,V037,Magnus Tools,PO2025002396,GRN2025002396,SKU0021,2025-03-30,18,1319.92,23758.56,18,4276.54,28035.1,CLEAN
INV2025002397,V023,Westline Consumables,PO2025002397,GRN2025002397,SKU0067,2026-02-23,39,256.5,10003.5,12,1200.42,11203.92,CLEAN
INV2025002398,V009,Indus Mechanical Works,PO2025002398,GRN2025002398,SKU0051,2025-08-22,27,344.12,9291.24,12,1114.95,10406.19,CLEAN
INV2025002399,V015,Orbit Maintenance Supplies,PO2025002399,GRN2025002399,SKU0070,2025-11-04,83,736.54,61132.82,18,11003.91,72136.73,CLEAN
INV2025002400,V017,Quantum Electricals,PO2025002400,GRN2025002400,SKU0064,2026-07-04,68,1196.94,81391.92,18,14650.55,96042.47,CLEAN
INV2025002401,V008,Horizon IT Distribution,PO2025002401,GRN2025002401,SKU0078,2025-04-21,39,880.78,34350.42,18,6183.08,40533.5,CLEAN
INV2025002402,V031,Ganga Hardware Traders,PO2025002402,GRN2025002402,SKU0008,2025-05-07,207,794.0,164358.0,5,8217.9,172575.9,CLEAN
INV2025002403,V008,Horizon IT Distribution,PO2025002403,GRN2025002403,SKU0043,2025-12-16,39,230.84,9002.76,18,1620.5,10623.26,QTY_OVER_RECEIPT
INV2025002404,V028,Dynamo Power Systems,PO2025002404,GRN2025002404,SKU0005,2026-04-19,221,658.73,145579.33,5,7278.97,152858.3,CLEAN
INV2025002405,V004,Delta Engineering Components,PO2025002405,GRN2025002405,SKU0071,2025-12-16,141,1504.18,212089.38,12,25450.73,237540.11,QTY_VARIANCE
INV2025002406,V027,Crest Chemicals,PO2025002406,GRN2025002406,SKU0075,2025-11-03,25,391.09,9777.25,12,1173.27,10950.52,PRICE_VARIANCE
INV2025002407,V034,Jade Logistics Supplies,PO2025002407,GRN2025002407,SKU0020,2025-09-21,26,130.83,3401.58,18,612.28,4013.86,CLEAN
INV2025002408,V007,Gamma Safety Solutions,PO2025002408,GRN2025002408,SKU0068,2026-06-14,220,99.0,21780.0,5,1089.0,22869.0,QTY_OVER_RECEIPT
INV2025002409,V024,Zenith Engineering Supplies,PO2025002409,GRN2025002409,SKU0045,2026-05-11,228,1469.93,335144.04,12,40217.28,375361.32,CLEAN
INV2025002410,V040,Pioneer Electrical Traders,PO2025002410,GRN2025002410,SKU0044,2026-02-28,61,122.9,7496.9,18,1349.44,8846.34,CLEAN
INV2025002411,V021,United Process Equipment,PO2025002411,GRN2025002411,SKU0011,2025-04-01,176,465.38,81906.88,18,14743.24,96650.12,CLEAN
INV2025002412,V012,Lotus Packaging India Pvt Ltd,PO2025002412,GRN2025002412,SKU0028,2025-07-27,182,155.66,28330.12,12,3399.61,31729.73,QTY_OVER_RECEIPT
INV2025002413,V008,Horizon IT Distribution,PO2025002413,GRN2025002413,SKU0031,2026-06-14,154,7586.05,1168251.7,18,210285.31,1378537.01,CLEAN
INV2025002414,V036,Lumina Office Technologies,PO2025002414,GRN2025002414,SKU0020,2026-05-16,206,126.5,26059.0,18,4690.62,30749.62,CLEAN
INV2025002415,V040,Pioneer Electrical Traders,PO2025002415,GRN2025002415,SKU0052,2025-05-10,101,177.0,17877.0,18,3217.86,21094.86,CLEAN
INV2025002416,V021,United Process Equipment,PO2025002416,GRN2025002416,SKU0057,2025-05-02,166,857.27,142306.82,18,25615.23,167922.05,PRICE_VARIANCE
INV2025002417,V032,Helios Controls,PO2025002417,GRN2025002417,SKU0045,2025-03-25,71,1418.84,100737.64,18,18132.78,118870.42,CLEAN
INV2025002418,V016,Prime Tools & Components,PO2025002418,GRN2025002418,SKU0018,2025-02-21,187,11152.75,2085564.25,12,250267.71,2335831.96,CLEAN
INV2025002419,V009,Indus Mechanical Works,PO2025002419,GRN2025002419,SKU0015,2025-08-16,242,3219.34,779080.28,12,93489.63,872569.91,CLEAN
INV2025002420,V020,Trident Facility Services,PO2025002420,GRN2025002420,SKU0078,2025-07-03,158,800.99,126556.42,12,15186.77,141743.19,CLEAN
INV2025002421,V021,United Process Equipment,PO2025002421,GRN2025002421,SKU0029,2025-10-04,215,1910.62,410783.3,18,73940.99,484724.29,CLEAN
INV2025002423,V035,Keystone Industrial Products,PO2025002423,GRN2025002423,SKU0045,2026-05-06,123,1681.43,206815.89,12,24817.91,231633.8,CLEAN
INV2025002424,V001,Apex Industrial Supplies Pvt Ltd,PO2025002424,GRN2025002424,SKU0062,2026-07-17,242,622.67,150686.14,5,7534.31,158220.45,CLEAN
INV2025002425,V006,Falcon Electricals India Pvt Ltd,PO2025002425,GRN2025002425,SKU0018,2025-07-26,156,12654.36,1974080.16,5,98704.01,2072784.17,CLEAN
INV2025002426,V015,Orbit Maintenance Supplies,PO2025002426,GRN2025002426,SKU0054,2026-06-23,123,778.28,95728.44,18,17231.12,112959.56,PRICE_VARIANCE
INV2025002428,V039,Omkar Facility Products,PO2025002428,GRN2025002428,SKU0001,2025-10-24,115,876.42,100788.3,5,5039.41,105827.71,CLEAN
INV2025002429,V038,NexGen Components,PO2025002429,GRN2025002429,SKU0013,2025-04-04,142,1481.54,210378.68,18,37868.16,248246.84,DUPLICATE
INV2026002429,V038,NexGen Components,PO2025002429,GRN2025002429,SKU0013,2025-04-11,142,1481.54,210378.68,18,37868.16,248246.84,DUPLICATE
INV2025002430,V023,Westline Consumables,PO2025002430,GRN2025002430,SKU0071,2026-06-08,97,1511.81,146645.57,12,17597.47,164243.04,CLEAN
INV2025002431,V039,Omkar Facility Products,PO2025002431,GRN2025002431,SKU0028,2025-11-02,237,133.06,31535.22,5,1576.76,33111.98,CLEAN
INV2025002432,V040,Pioneer Electrical Traders,PO2025002432,GRN2025002432,SKU0020,2025-02-21,8,120.96,967.68,18,174.18,1141.86,QTY_VARIANCE
INV2025002433,V020,Trident Facility Services,PO2025002433,GRN2025002433,SKU0027,2025-05-19,99,414.72,41057.28,12,4926.87,45984.15,CLEAN
INV2025002434,V022,Vertex Automation,PO2025002434,GRN2025002434,SKU0053,2026-05-24,61,807.08,49231.88,18,8861.74,58093.62,QTY_OVER_RECEIPT
INV2025002435,V013,Metro Fasteners,PO2025002435,GRN2025002435,SKU0041,2025-06-05,77,1120.96,86313.92,18,15536.51,101850.43,CLEAN
INV2025002436,V029,Eagle Stationery Solutions,PO2025002436,GRN2025002436,SKU0015,2025-11-15,119,2916.12,347018.28,18,62463.29,409481.57,CLEAN
INV2025002437,V026,Bharat Industrial Stores,PO2025002437,GRN2025002437,SKU0041,2025-06-01,235,1149.47,270125.45,18,48622.58,318748.03,CLEAN
INV2025002438,V025,Arun Safety & PPE,PO2025002438,GRN2025002438,SKU0035,2025-12-09,187,388.88,72720.56,12,8726.47,81447.03,CLEAN
INV2025002439,V009,Indus Mechanical Works,PO2025002439,GRN2025002439,SKU0059,2026-07-19,128,215.48,27581.44,12,3309.77,30891.21,CLEAN
INV2025002440,V024,Zenith Engineering Supplies,PO2025002440,GRN2025002440,SKU0021,2025-06-16,221,1292.45,285631.45,12,34275.77,319907.22,CLEAN
INV2025002441,V017,Quantum Electricals,PO2025002441,GRN2025002441,SKU0011,2025-12-26,98,444.84,43594.32,18,7846.98,51441.3,CLEAN
INV2025002442,V017,Quantum Electricals,PO2025002442,GRN2025002442,SKU0005,2025-04-24,81,550.41,44583.21,18,8024.98,52608.19,CLEAN
INV2025002443,V001,Apex Industrial Supplies Pvt Ltd,PO2025002443,GRN2025002443,SKU0036,2025-11-23,141,179.08,25250.28,5,1262.51,26512.79,CLEAN
INV2025002444,V022,Vertex Automation,PO2025002444,GRN2025002444,SKU0056,2025-09-17,39,640.34,24973.26,18,4495.19,29468.45,CLEAN
INV2025002445,V019,Sigma Industrial Products,PO2025002445,GRN2025002445,SKU0053,2025-06-01,193,797.65,153946.45,12,18473.57,172420.02,QTY_OVER_RECEIPT
INV2025002446,V036,Lumina Office Technologies,PO2025002446,GRN2025002446,SKU0057,2025-06-22,220,808.08,177777.6,18,31999.97,209777.57,CLEAN
INV2025002447,V026,Bharat Industrial Stores,PO2025002447,GRN2025002447,SKU0024,2025-01-22,50,925.52,46276.0,18,8329.68,54605.68,CLEAN
INV2025002448,V026,Bharat Industrial Stores,PO2025002448,GRN2025002448,SKU0049,2025-05-23,27,1041.43,28118.61,18,5061.35,33179.96,CLEAN
INV2025002449,V024,Zenith Engineering Supplies,PO2025002449,GRN2025002449,SKU0035,2025-12-15,82,426.03,34934.46,12,4192.14,39126.6,CLEAN
INV2025002451,V017,Quantum Electricals,PO2025002451,GRN2025002451,SKU0009,2025-05-21,118,933.56,110160.08,18,19828.81,129988.89,CLEAN
INV2025002452,V018,Ridgeway Bearings,PO2025002452,GRN2025002452,SKU0076,2025-11-27,96,151.34,14528.64,5,726.43,15255.07,CLEAN
INV2025002453,V026,Bharat Industrial Stores,PO2025002453,GRN2025002453,SKU0031,2026-04-30,146,7231.09,1055739.14,18,190033.05,1245772.19,CLEAN
INV2025002454,V040,Pioneer Electrical Traders,PO2025002454,GRN2025002454,SKU0001,2025-09-27,206,950.13,195726.78,18,35230.82,230957.6,CLEAN
INV2025002455,V010,Jupiter Office Products,PO2025002455,GRN2025002455,SKU0062,2026-08-09,172,745.29,128189.88,18,23074.18,151264.06,CLEAN
INV2025002457,V017,Quantum Electricals,PO2025002457,GRN2025002457,SKU0019,2026-05-25,125,431.2,53900.0,18,9702.0,63602.0,CLEAN
INV2025002458,V010,Jupiter Office Products,PO2025002458,GRN2025002458,SKU0011,2025-05-01,4,442.54,1770.16,18,318.63,2088.79,CLEAN
INV2025002459,V005,Evergreen Facility Products,PO2025002459,GRN2025002459,SKU0020,2026-04-20,221,130.43,28825.03,12,3459.0,32284.03,CLEAN
INV2025002460,V004,Delta Engineering Components,PO2025002460,GRN2025002460,SKU0019,2025-07-23,168,525.16,88226.88,12,10587.23,98814.11,CLEAN
INV2025002461,V015,Orbit Maintenance Supplies,PO2025002461,GRN2025002461,SKU0032,2025-10-10,226,778.13,175857.38,18,31654.33,207511.71,CLEAN
INV2025002462,V019,Sigma Industrial Products,PO2025002462,GRN2025002462,SKU0005,2025-06-08,203,620.31,125922.93,12,15110.75,141033.68,CLEAN
INV2025002463,V016,Prime Tools & Components,PO2025002463,GRN2025002463,SKU0049,2026-03-18,245,1257.5,308087.5,12,36970.5,345058.0,CLEAN
INV2025002464,V017,Quantum Electricals,PO2025002464,GRN2025002464,SKU0061,2026-02-15,163,651.67,106222.21,18,19120.0,125342.21,CLEAN
INV2025002465,V035,Keystone Industrial Products,PO2025002465,GRN2025002465,SKU0001,2026-06-22,53,1015.41,53816.73,12,6458.01,60274.74,CLEAN
INV2025002467,V032,Helios Controls,PO2025002467,GRN2025002467,SKU0063,2025-09-09,138,2973.85,410391.3,18,73870.43,484261.73,CLEAN
INV2025002468,V005,Evergreen Facility Products,PO2025002468,GRN2025002468,SKU0020,2026-07-02,14,104.93,1469.02,12,176.28,1645.3,CLEAN
INV2025002469,V037,Magnus Tools,PO2025002469,GRN2025002469,SKU0033,2026-02-21,134,738.15,98912.1,18,17804.18,116716.28,CLEAN
INV2025002470,V034,Jade Logistics Supplies,PO2025002470,GRN2025002470,SKU0047,2026-01-13,5,3902.17,19510.85,18,3511.95,23022.8,CLEAN
INV2025002471,V039,Omkar Facility Products,PO2025002471,GRN2025002471,SKU0077,2026-07-28,115,1052.97,121091.55,5,6054.58,127146.13,CLEAN
INV2025002472,V035,Keystone Industrial Products,PO2025002472,GRN2025002472,SKU0076,2025-03-30,181,166.3,30100.3,12,3612.04,33712.34,QTY_OVER_RECEIPT
INV2025002473,V038,NexGen Components,PO2025002473,GRN2025002473,SKU0043,2025-06-04,102,237.81,24256.62,18,4366.19,28622.81,QTY_VARIANCE
INV2025002474,V008,Horizon IT Distribution,PO2025002474,GRN2025002474,SKU0021,2025-03-17,178,1451.26,258324.28,18,46498.37,304822.65,CLEAN
INV2025002475,V035,Keystone Industrial Products,PO2025002475,GRN2025002475,SKU0016,2026-04-18,157,595.39,93476.23,12,11217.15,104693.38,CLEAN
INV2025002476,V011,Kaveri Industrial Traders,PO2025002476,GRN2025002476,SKU0054,2026-08-27,63,657.27,41408.01,18,7453.44,48861.45,CLEAN
INV2025002478,V025,Arun Safety & PPE,PO2025002478,GRN2025002478,SKU0055,2025-03-15,240,1933.1,463944.0,12,55673.28,519617.28,CLEAN
INV2025002479,V036,Lumina Office Technologies,PO2025002479,GRN2025002479,SKU0061,2025-06-17,158,654.51,103412.58,18,18614.26,122026.84,CLEAN
INV2025002480,V004,Delta Engineering Components,PO2025002480,GRN2025002480,SKU0044,2025-05-14,196,130.62,25601.52,12,3072.18,28673.7,CLEAN
INV2025002481,V024,Zenith Engineering Supplies,PO2025002481,GRN2025002481,SKU0017,2026-09-30,164,910.07,149251.48,12,17910.18,167161.66,CLEAN
INV2025002482,V015,Orbit Maintenance Supplies,PO2025002482,GRN2025002482,SKU0076,2025-09-14,166,157.8,26194.8,18,4715.06,30909.86,QTY_VARIANCE
INV2025002483,V015,Orbit Maintenance Supplies,PO2025002483,GRN2025002483,SKU0078,2026-04-04,179,801.12,143400.48,18,25812.09,169212.57,CLEAN
INV2025002484,V021,United Process Equipment,PO2025002484,,SKU0044,2025-07-14,56,148.54,8318.24,18,1497.28,9815.52,MISSING_GRN
INV2025002486,V027,Crest Chemicals,PO2025002486,GRN2025002486,SKU0039,2025-10-17,81,1851.93,150006.33,12,18000.76,168007.09,CLEAN
INV2025002487,V011,Kaveri Industrial Traders,PO2025002487,GRN2025002487,SKU0023,2025-08-02,181,5279.34,955560.54,18,172000.9,1127561.44,PRICE_VARIANCE
INV2025002488,V039,Omkar Facility Products,PO2025002488,GRN2025002488,SKU0040,2026-05-10,77,1347.13,103729.01,5,5186.45,108915.46,CLEAN
INV2025002490,V001,Apex Industrial Supplies Pvt Ltd,PO2025002490,GRN2025002490,SKU0080,2026-04-13,125,884.72,110590.0,5,5529.5,116119.5,CLEAN
INV2025002491,V038,NexGen Components,PO2025002491,GRN2025002491,SKU0013,2025-08-23,110,1328.35,146118.5,18,26301.33,172419.83,CLEAN
INV2025002492,V034,Jade Logistics Supplies,PO2025002492,GRN2025002492,SKU0078,2025-07-25,236,904.54,213471.44,18,38424.86,251896.3,CLEAN
INV2025002493,V015,Orbit Maintenance Supplies,PO2025002493,GRN2025002493,SKU0004,2025-12-18,58,202.23,11729.34,18,2111.28,13840.62,CLEAN
INV2025002494,V016,Prime Tools & Components,PO2025002494,GRN2025002494,SKU0010,2025-09-19,24,11289.93,270958.32,12,32515.0,303473.32,CLEAN
INV2025002495,V013,Metro Fasteners,PO2025002495,GRN2025002495,SKU0078,2025-03-09,162,808.59,130991.58,18,23578.48,154570.06,DUPLICATE
INV2026002495,V013,Metro Fasteners,PO2025002495,GRN2025002495,SKU0078,2025-03-10,162,808.59,130991.58,18,23578.48,154570.06,DUPLICATE
INV2025002496,V023,Westline Consumables,PO2025002496,GRN2025002496,SKU0062,2026-01-12,48,627.54,30121.92,12,3614.63,33736.55,CLEAN
INV2025002497,V021,United Process Equipment,PO2025002497,GRN2025002497,SKU0019,2026-09-20,169,507.07,85694.83,18,15425.07,101119.9,CLEAN
INV2025002498,V038,NexGen Components,PO2025002498,GRN2025002498,SKU0005,2026-05-25,91,532.48,48455.68,18,8722.02,57177.7,CLEAN
INV2025002499,V027,Crest Chemicals,PO2025002499,GRN2025002499,SKU0060,2025-11-10,161,212.86,34270.46,12,4112.46,38382.92,PRICE_VARIANCE
INV2025002500,V035,Keystone Industrial Products,PO2025002500,GRN2025002500,SKU0004,2025-06-19,118,181.65,21434.7,12,2572.16,24006.86,CLEAN
