Invoice_ID,Vendor_ID,Vendor_Name,PO_ID,GRN_ID,PO_Qty,Received_Qty,Invoice_Qty,PO_Unit_Price,Invoice_Unit_Price,Price_Variance_%,Qty_Variance_vs_GRN_%,Invoice_Net_Amount,Invoice_Total,Match_Status,Exception_Type,Potential_Overbilling
INV2025000001,V020,Trident Facility Services,PO2025000001,GRN2025000001,37.0,37,36,1049.07,1049.07,0.0,-2.7,37766.52,42298.5,PASS,CLEAN,0.0
INV2025000002,V021,United Process Equipment,PO2025000002,GRN2025000002,192.0,161,158,316.6,316.6,0.0,-1.86,50022.8,59026.9,PASS,CLEAN,0.0
INV2025000003,V023,Westline Consumables,PO2025000003,GRN2025000003,100.0,100,100,324.88,324.88,0.0,0.0,32488.0,36386.56,PASS,CLEAN,0.0
INV2025000004,V039,Omkar Facility Products,PO2025000004,GRN2025000004,8.0,8,8,23444.92,23444.92,0.0,0.0,187559.36,196937.33,PASS,CLEAN,0.0
INV2025000005,V001,Apex Industrial Supplies Pvt Ltd,PO2025000005,GRN2025000005,150.0,111,116,924.74,924.74,0.0,4.5,107269.84,112633.33,HOLD,QTY_OVER_RECEIPT,4623.7
INV2025000006,V034,Jade Logistics Supplies,PO2025000006,GRN2025000006,117.0,117,117,1344.11,1344.11,0.0,0.0,157260.87,185567.83,PASS,CLEAN,0.0
INV2025000007,V025,Arun Safety & PPE,PO2025000007,GRN2025000007,232.0,170,170,13062.1,13062.1,0.0,0.0,2220557.0,2487023.84,PASS,CLEAN,0.0
INV2025000008,V010,Jupiter Office Products,PO2025000008,GRN2025000008,240.0,240,240,87.32,87.32,0.0,0.0,20956.8,24729.02,PASS,CLEAN,0.0
INV2025000009,V033,Innovatech Solutions,PO2025000009,GRN2025000009,229.0,229,229,21281.02,22096.28,3.83,0.0,5060048.12,5313050.53,HOLD,PRICE_VARIANCE,186694.54
INV2025000010,V005,Evergreen Facility Products,PO2025000010,GRN2025000010,208.0,208,208,659.46,659.46,0.0,0.0,137167.68,153627.8,PASS,CLEAN,0.0
INV2025000011,V013,Metro Fasteners,PO2025000011,GRN2025000011,199.0,199,199,192.99,192.99,0.0,0.0,38405.01,45317.91,PASS,CLEAN,0.0
INV2025000012,V010,Jupiter Office Products,PO2025000012,GRN2025000012,72.0,72,72,158.76,185.55,16.87,0.0,13359.6,15764.33,HOLD,PRICE_VARIANCE,1928.88
INV2025000013,V034,Jade Logistics Supplies,PO2025000013,GRN2025000013,210.0,223,223,781.5,781.5,0.0,0.0,174274.5,205643.91,PASS,CLEAN,0.0
INV2025000014,V025,Arun Safety & PPE,PO2025000014,GRN2025000014,35.0,35,35,2821.79,2821.79,0.0,0.0,98762.65,110614.17,PASS,CLEAN,0.0
INV2025000015,V028,Dynamo Power Systems,PO2025000015,GRN2025000015,68.0,68,68,145.64,145.64,0.0,0.0,9903.52,10398.7,PASS,CLEAN,0.0
INV2025000016,V021,United Process Equipment,PO2025000016,GRN2025000016,83.0,83,83,919.48,919.48,0.0,0.0,76316.84,90053.87,PASS,CLEAN,0.0
INV2025000017,V035,Keystone Industrial Products,PO2025000017,GRN2025000017,83.0,67,67,1809.34,1809.34,0.0,0.0,121225.78,135772.87,PASS,CLEAN,0.0
INV2025000018,V003,Crown Packaging Solutions,PO2025000018,GRN2025000018,184.0,184,184,822.89,822.89,0.0,0.0,151411.76,158982.35,PASS,CLEAN,0.0
INV2025000019,V026,Bharat Industrial Stores,PO2025000019,GRN2025000019,182.0,110,110,741.82,741.82,0.0,0.0,81600.2,96288.24,PASS,CLEAN,0.0
INV2025000020,V018,Ridgeway Bearings,PO2025000020,GRN2025000020,199.0,199,199,3097.04,3097.04,0.0,0.0,616310.96,647126.51,PASS,CLEAN,0.0
INV2025000021,V007,Gamma Safety Solutions,PO2025000021,GRN2025000021,142.0,142,142,1317.89,1317.89,0.0,0.0,187140.38,196497.4,PASS,CLEAN,0.0
INV2025000022,V021,United Process Equipment,PO2025000022,GRN2025000022,151.0,151,151,1404.88,1404.88,0.0,0.0,212136.88,250321.52,PASS,CLEAN,0.0
INV2025000023,V030,Frontier Components,PO2025000023,GRN2025000023,194.0,194,194,13354.41,13354.41,0.0,0.0,2590755.54,3057091.54,PASS,CLEAN,0.0
INV2025000024,V032,Helios Controls,PO2025000024,GRN2025000024,80.0,80,80,869.06,869.06,0.0,0.0,69524.8,82039.26,PASS,CLEAN,0.0
INV2025000026,V016,Prime Tools & Components,PO2025000026,GRN2025000026,212.0,171,171,885.65,885.65,0.0,0.0,151446.15,169619.69,PASS,CLEAN,0.0
INV2025000027,V024,Zenith Engineering Supplies,PO2025000027,GRN2025000027,25.0,25,25,143.61,143.61,0.0,0.0,3590.25,4021.08,PASS,CLEAN,0.0
INV2025000028,V018,Ridgeway Bearings,PO2025000028,GRN2025000028,185.0,196,196,21414.57,21414.57,0.0,0.0,4197255.72,4407118.51,PASS,CLEAN,0.0
INV2025000029,V002,BluePeak Office Systems Pvt Ltd,PO2025000029,GRN2025000029,250.0,250,250,877.15,935.15,6.61,0.0,233787.5,261842.0,HOLD,PRICE_VARIANCE,14500.0
INV2025000030,V019,Sigma Industrial Products,PO2025000030,GRN2025000030,195.0,158,158,157.96,177.06,12.09,0.0,27975.48,31332.54,HOLD,PRICE_VARIANCE,3017.8
INV2025000031,V040,Pioneer Electrical Traders,PO2025000031,GRN2025000031,61.0,61,61,1268.79,1268.79,0.0,0.0,77396.19,91327.5,PASS,CLEAN,0.0
INV2025000032,V034,Jade Logistics Supplies,PO2025000032,GRN2025000032,210.0,210,210,633.98,633.98,0.0,0.0,133135.8,157100.24,PASS,CLEAN,0.0
INV2025000033,V022,Vertex Automation,PO2025000033,GRN2025000033,213.0,213,213,334.3,334.3,0.0,0.0,71205.9,84022.96,PASS,CLEAN,0.0
INV2025000034,V021,United Process Equipment,PO2025000034,GRN2025000034,154.0,154,154,3076.98,3076.98,0.0,0.0,473854.92,559148.81,PASS,CLEAN,0.0
INV2025000035,V017,Quantum Electricals,PO2025000035,GRN2025000035,24.0,25,25,1196.98,1196.98,0.0,0.0,29924.5,35310.91,PASS,CLEAN,0.0
INV2025000036,V035,Keystone Industrial Products,PO2025000036,GRN2025000036,38.0,38,38,952.79,952.79,0.0,0.0,36206.02,40550.74,PASS,CLEAN,0.0
INV2025000037,V018,Ridgeway Bearings,PO2025000037,GRN2025000037,38.0,38,36,164.06,164.06,0.0,-5.26,5906.16,6201.47,PASS,CLEAN,0.0
INV2025000038,V012,Lotus Packaging India Pvt Ltd,PO2025000038,GRN2025000038,155.0,155,155,845.94,845.94,0.0,0.0,131120.7,146855.18,PASS,CLEAN,0.0
INV2025000039,V017,Quantum Electricals,PO2025000039,GRN2025000039,151.0,151,151,145.5,145.5,0.0,0.0,21970.5,25925.19,PASS,CLEAN,0.0
INV2025000040,V010,Jupiter Office Products,PO2025000040,GRN2025000040,148.0,148,148,1807.93,1807.93,0.0,0.0,267573.64,315736.9,PASS,CLEAN,0.0
INV2025000041,V032,Helios Controls,PO2025000041,GRN2025000041,133.0,133,133,623.76,623.76,0.0,0.0,82960.08,97892.89,PASS,CLEAN,0.0
INV2025000042,V036,Lumina Office Technologies,PO2025000042,GRN2025000042,184.0,184,175,2286.79,2286.79,0.0,-4.89,400188.25,472222.13,PASS,CLEAN,0.0
INV2025000043,V003,Crown Packaging Solutions,PO2025000043,GRN2025000043,211.0,211,211,387.82,387.82,0.0,0.0,81830.02,85921.52,PASS,CLEAN,0.0
INV2025000044,V003,Crown Packaging Solutions,PO2025000044,GRN2025000044,5.0,3,2,200.1,200.1,0.0,-33.33,400.2,420.21,PASS,CLEAN,0.0
INV2025000045,V021,United Process Equipment,PO2025000045,GRN2025000045,240.0,240,240,1059.46,1059.46,0.0,0.0,254270.4,300039.07,PASS,CLEAN,0.0
INV2025000046,V031,Ganga Hardware Traders,PO2025000046,GRN2025000046,161.0,161,161,698.31,698.31,0.0,0.0,112427.91,118049.31,PASS,CLEAN,0.0
INV2026000046,V031,Ganga Hardware Traders,PO2025000046,GRN2025000046,161.0,161,161,698.31,698.31,0.0,0.0,112427.91,118049.31,HOLD,DUPLICATE_AMOUNT_VENDOR,0.0
INV2025000047,V034,Jade Logistics Supplies,PO2025000047,GRN2025000047,240.0,251,251,25021.32,25021.32,0.0,0.0,6280351.32,7410814.56,PASS,CLEAN,0.0
INV2025000048,V014,Nova Tech Systems,PO2025000048,GRN2025000048,190.0,190,190,2710.19,2710.19,0.0,0.0,514936.1,540682.91,PASS,CLEAN,0.0
INV2025000049,V038,NexGen Components,PO2025000049,GRN2025000049,59.0,59,61,174.09,174.09,0.0,3.39,10619.49,12531.0,HOLD,QTY_OVER_RECEIPT,348.18
INV2025000050,V010,Jupiter Office Products,PO2025000050,GRN2025000050,214.0,214,214,100.95,100.95,0.0,0.0,21603.3,25491.89,PASS,CLEAN,0.0
INV2025000051,V003,Crown Packaging Solutions,PO2025000051,GRN2025000051,221.0,221,221,200.87,200.87,0.0,0.0,44392.27,46611.88,PASS,CLEAN,0.0
INV2025000052,V035,Keystone Industrial Products,PO2025000052,GRN2025000052,77.0,77,82,457.7,457.7,0.0,6.49,37531.4,42035.17,HOLD,QTY_OVER_RECEIPT,2288.5
INV2025000053,V001,Apex Industrial Supplies Pvt Ltd,PO2025000053,GRN2025000053,230.0,230,230,816.06,954.07,16.91,0.0,219436.1,230407.91,HOLD,PRICE_VARIANCE,31742.3
INV2025000054,V028,Dynamo Power Systems,PO2025000054,GRN2025000054,78.0,78,78,204.15,204.15,0.0,0.0,15923.7,16719.88,PASS,CLEAN,0.0
INV2025000055,V029,Eagle Stationery Solutions,PO2025000055,GRN2025000055,156.0,156,156,3426.76,3426.76,0.0,0.0,534574.56,630797.98,PASS,CLEAN,0.0
INV2025000056,V025,Arun Safety & PPE,PO2025000056,GRN2025000056,217.0,217,217,2538.47,2538.47,0.0,0.0,550847.99,616949.75,PASS,CLEAN,0.0
INV2025000057,V017,Quantum Electricals,PO2025000057,GRN2025000057,247.0,247,240,795.1,795.1,0.0,-2.83,190824.0,225172.32,PASS,CLEAN,0.0
INV2025000059,V010,Jupiter Office Products,PO2025000059,GRN2025000059,199.0,199,199,607.75,607.75,0.0,0.0,120942.25,142711.85,PASS,CLEAN,0.0
INV2025000060,V010,Jupiter Office Products,PO2025000060,GRN2025000060,94.0,94,94,399.97,399.97,0.0,0.0,37597.18,44364.67,PASS,CLEAN,0.0
INV2025000061,V001,Apex Industrial Supplies Pvt Ltd,PO2025000061,GRN2025000061,186.0,186,186,767.34,767.34,0.0,0.0,142725.24,149861.5,PASS,CLEAN,0.0
INV2025000062,V018,Ridgeway Bearings,PO2025000062,GRN2025000062,130.0,130,130,1016.4,1016.4,0.0,0.0,132132.0,138738.6,PASS,CLEAN,0.0
INV2025000063,V011,Kaveri Industrial Traders,PO2025000063,GRN2025000063,214.0,143,143,113.05,113.05,0.0,0.0,16166.15,19076.06,PASS,CLEAN,0.0
INV2025000064,V022,Vertex Automation,PO2025000064,GRN2025000064,48.0,48,48,1318.49,1318.49,0.0,0.0,63287.52,74679.27,PASS,CLEAN,0.0
INV2025000065,V026,Bharat Industrial Stores,PO2025000065,GRN2025000065,103.0,103,103,808.94,808.94,0.0,0.0,83320.82,98318.57,PASS,CLEAN,0.0
INV2025000066,V003,Crown Packaging Solutions,,GRN2025000066,,0,229,,790.63,,,181054.27,190106.98,HOLD,MISSING_PO,181054.27
INV2025000067,V023,Westline Consumables,PO2025000067,GRN2025000067,114.0,114,114,11959.87,11959.87,0.0,0.0,1363425.18,1527036.2,PASS,CLEAN,0.0
INV2025000068,V021,United Process Equipment,PO2025000068,GRN2025000068,72.0,72,72,145.9,145.9,0.0,0.0,10504.8,12395.66,PASS,CLEAN,0.0
INV2025000069,V040,Pioneer Electrical Traders,PO2025000069,GRN2025000069,149.0,149,149,192.36,192.36,0.0,0.0,28661.64,33820.74,PASS,CLEAN,0.0
INV2026000069,V040,Pioneer Electrical Traders,PO2025000069,GRN2025000069,149.0,149,149,192.36,192.36,0.0,0.0,28661.64,33820.74,HOLD,DUPLICATE_AMOUNT_VENDOR,0.0
INV2025000070,V035,Keystone Industrial Products,PO2025000070,GRN2025000070,17.0,12,12,1043.24,1043.24,0.0,0.0,12518.88,14021.15,PASS,CLEAN,0.0
INV2025000071,V040,Pioneer Electrical Traders,PO2025000071,GRN2025000071,169.0,169,169,1426.35,1426.35,0.0,0.0,241053.15,284442.72,PASS,CLEAN,0.0
INV2025000072,V005,Evergreen Facility Products,PO2025000072,GRN2025000072,196.0,196,196,15534.96,16574.4,6.69,0.0,3248582.4,3638412.29,HOLD,PRICE_VARIANCE,203730.24
INV2025000073,V005,Evergreen Facility Products,PO2025000073,GRN2025000073,247.0,247,247,863.98,863.98,0.0,0.0,213403.06,239011.43,PASS,CLEAN,0.0
INV2025000074,V005,Evergreen Facility Products,PO2025000074,GRN2025000074,225.0,225,225,2600.86,2722.61,4.68,0.0,612587.25,686097.72,HOLD,PRICE_VARIANCE,27393.75
INV2025000075,V017,Quantum Electricals,PO2025000075,GRN2025000075,42.0,42,42,12852.41,12852.41,0.0,0.0,539801.22,636965.44,PASS,CLEAN,0.0
INV2025000076,V018,Ridgeway Bearings,PO2025000076,GRN2025000076,133.0,133,133,511.67,511.67,0.0,0.0,68052.11,71454.72,PASS,CLEAN,0.0
INV2025000077,V028,Dynamo Power Systems,PO2025000077,GRN2025000077,63.0,63,63,165.43,173.82,5.07,0.0,10950.66,11498.19,HOLD,PRICE_VARIANCE,528.57
INV2025000078,V007,Gamma Safety Solutions,PO2025000078,GRN2025000078,24.0,24,24,10719.12,10719.12,0.0,0.0,257258.88,270121.82,PASS,CLEAN,0.0
INV2025000079,V025,Arun Safety & PPE,PO2025000079,GRN2025000079,59.0,59,59,893.09,893.09,0.0,0.0,52692.31,59015.39,PASS,CLEAN,0.0
INV2026000079,V025,Arun Safety & PPE,PO2025000079,GRN2025000079,59.0,59,59,893.09,893.09,0.0,0.0,52692.31,59015.39,HOLD,DUPLICATE_AMOUNT_VENDOR,0.0
INV2025000081,V025,Arun Safety & PPE,PO2025000081,GRN2025000081,184.0,145,145,2633.93,2633.93,0.0,0.0,381919.85,427750.23,PASS,CLEAN,0.0
INV2025000082,V017,Quantum Electricals,PO2025000082,GRN2025000082,216.0,216,216,25463.24,25463.24,0.0,0.0,5500059.84,6490070.61,PASS,CLEAN,0.0
INV2025000083,V030,Frontier Components,PO2025000083,GRN2025000083,207.0,207,207,766.61,766.61,0.0,0.0,158688.27,187252.16,PASS,CLEAN,0.0
INV2025000084,V006,Falcon Electricals India Pvt Ltd,PO2025000084,GRN2025000084,199.0,199,199,673.79,673.79,0.0,0.0,134084.21,140788.42,PASS,CLEAN,0.0
INV2025000085,V040,Pioneer Electrical Traders,PO2025000085,GRN2025000085,144.0,144,144,863.45,966.36,11.92,0.0,139155.84,164203.89,HOLD,PRICE_VARIANCE,14819.04
INV2025000086,V011,Kaveri Industrial Traders,PO2025000086,GRN2025000086,87.0,87,87,513.71,513.71,0.0,0.0,44692.77,52737.47,PASS,CLEAN,0.0
INV2025000087,V010,Jupiter Office Products,PO2025000087,GRN2025000087,156.0,156,156,98.71,98.71,0.0,0.0,15398.76,18170.54,PASS,CLEAN,0.0
INV2025000088,V030,Frontier Components,PO2025000088,GRN2025000088,180.0,180,180,563.02,563.02,0.0,0.0,101343.6,119585.45,PASS,CLEAN,0.0
INV2025000089,V032,Helios Controls,PO2025000089,GRN2025000089,235.0,235,235,461.69,461.69,0.0,0.0,108497.15,128026.64,PASS,CLEAN,0.0
INV2025000090,V006,Falcon Electricals India Pvt Ltd,PO2025000090,GRN2025000090,171.0,109,109,623.61,623.61,0.0,0.0,67973.49,71372.16,PASS,CLEAN,0.0
INV2025000091,V030,Frontier Components,PO2025000091,GRN2025000091,104.0,104,111,168.67,168.67,0.0,6.73,18722.37,22092.4,HOLD,QTY_OVER_RECEIPT,1180.69
INV2025000092,V032,Helios Controls,PO2025000092,GRN2025000092,217.0,217,217,602.2,708.72,17.69,0.0,153792.24,181474.84,HOLD,PRICE_VARIANCE,23114.84
INV2025000093,V040,Pioneer Electrical Traders,PO2025000093,GRN2025000093,181.0,181,181,7449.85,7449.85,0.0,0.0,1348422.85,1591138.96,PASS,CLEAN,0.0
INV2025000094,V016,Prime Tools & Components,PO2025000094,GRN2025000094,151.0,151,151,745.54,745.54,0.0,0.0,112576.54,126085.72,PASS,CLEAN,0.0
INV2025000095,V031,Ganga Hardware Traders,PO2025000095,GRN2025000095,42.0,42,44,496.41,496.41,0.0,4.76,21842.04,22934.14,HOLD,QTY_OVER_RECEIPT,992.82
INV2025000096,V031,Ganga Hardware Traders,PO2025000096,GRN2025000096,87.0,87,87,3573.23,3573.23,0.0,0.0,310871.01,326414.56,PASS,CLEAN,0.0
INV2025000097,V019,Sigma Industrial Products,PO2025000097,GRN2025000097,4.0,4,4,527.75,527.75,0.0,0.0,2111.0,2364.32,PASS,CLEAN,0.0
INV2025000099,V015,Orbit Maintenance Supplies,PO2025000099,GRN2025000099,19.0,19,19,1092.38,1092.38,0.0,0.0,20755.22,24491.16,PASS,CLEAN,0.0
INV2025000100,V030,Frontier Components,PO2025000100,GRN2025000100,137.0,137,137,17539.34,17539.34,0.0,0.0,2402889.58,2835409.7,PASS,CLEAN,0.0
INV2025000101,V021,United Process Equipment,PO2025000101,GRN2025000101,75.0,75,75,210.04,210.04,0.0,0.0,15753.0,18588.54,PASS,CLEAN,0.0
INV2025000102,V025,Arun Safety & PPE,PO2025000102,,32.0,32,32,179.3,179.3,0.0,0.0,5737.6,6426.11,HOLD,MISSING_GRN,0.0
INV2025000103,V027,Crest Chemicals,PO2025000103,GRN2025000103,114.0,114,114,12043.04,12043.04,0.0,0.0,1372906.56,1537655.35,PASS,CLEAN,0.0
INV2025000104,V022,Vertex Automation,PO2025000104,GRN2025000104,63.0,63,63,222.66,222.66,0.0,0.0,14027.58,16552.54,PASS,CLEAN,0.0
INV2025000105,V014,Nova Tech Systems,PO2025000105,GRN2025000105,124.0,124,121,23790.92,23790.92,0.0,-2.42,2878701.32,3022636.39,PASS,CLEAN,0.0
INV2025000106,V039,Omkar Facility Products,PO2025000106,GRN2025000106,209.0,209,209,757.46,793.7,4.78,0.0,165883.3,174177.47,HOLD,PRICE_VARIANCE,7574.16
INV2025000107,V011,Kaveri Industrial Traders,PO2025000107,,2.0,2,2,1532.49,1532.49,0.0,0.0,3064.98,3616.68,HOLD,MISSING_GRN,0.0
INV2025000108,V022,Vertex Automation,PO2025000108,GRN2025000108,37.0,37,37,103.11,103.11,0.0,0.0,3815.07,4501.78,PASS,CLEAN,0.0
INV2025000109,V037,Magnus Tools,PO2025000109,GRN2025000109,234.0,234,234,1636.17,1636.17,0.0,0.0,382863.78,451779.26,PASS,CLEAN,0.0
INV2025000111,V012,Lotus Packaging India Pvt Ltd,PO2025000111,GRN2025000111,17.0,17,17,4461.96,4461.96,0.0,0.0,75853.32,84955.72,PASS,CLEAN,0.0
INV2025000112,V007,Gamma Safety Solutions,PO2025000112,GRN2025000112,81.0,81,81,24394.42,24394.42,0.0,0.0,1975948.02,2074745.42,PASS,CLEAN,0.0
INV2025000113,V025,Arun Safety & PPE,PO2025000113,GRN2025000113,87.0,87,87,1103.7,1103.7,0.0,0.0,96021.9,107544.53,PASS,CLEAN,0.0
INV2025000114,V012,Lotus Packaging India Pvt Ltd,PO2025000114,GRN2025000114,188.0,188,188,637.82,637.82,0.0,0.0,119910.16,134299.38,PASS,CLEAN,0.0
INV2025000115,V029,Eagle Stationery Solutions,PO2025000115,GRN2025000115,185.0,185,185,924.86,924.86,0.0,0.0,171099.1,201896.94,PASS,CLEAN,0.0
INV2025000116,V014,Nova Tech Systems,PO2025000116,GRN2025000116,163.0,163,169,12341.98,12341.98,0.0,3.68,2085794.62,2190084.35,HOLD,QTY_OVER_RECEIPT,74051.88
INV2025000117,V027,Crest Chemicals,PO2025000117,GRN2025000117,184.0,184,184,420.56,420.56,0.0,0.0,77383.04,86669.0,PASS,CLEAN,0.0
INV2025000118,V032,Helios Controls,PO2025000118,GRN2025000118,229.0,229,229,619.48,619.48,0.0,0.0,141860.92,167395.89,PASS,CLEAN,0.0
INV2025000119,V012,Lotus Packaging India Pvt Ltd,PO2025000119,GRN2025000119,186.0,186,186,23372.06,23372.06,0.0,0.0,4347203.16,4868867.54,PASS,CLEAN,0.0
INV2025000120,V025,Arun Safety & PPE,PO2025000120,GRN2025000120,17.0,17,17,781.09,781.09,0.0,0.0,13278.53,14871.95,PASS,CLEAN,0.0
INV2025000121,V001,Apex Industrial Supplies Pvt Ltd,PO2025000121,GRN2025000121,241.0,215,215,740.91,740.91,0.0,0.0,159295.65,167260.43,PASS,CLEAN,0.0
INV2025000122,V022,Vertex Automation,PO2025000122,GRN2025000122,204.0,188,188,187.2,187.2,0.0,0.0,35193.6,41528.45,PASS,CLEAN,0.0
INV2025000123,V040,Pioneer Electrical Traders,PO2025000123,GRN2025000123,60.0,60,60,822.7,822.7,0.0,0.0,49362.0,58247.16,PASS,CLEAN,0.0
INV2025000124,V026,Bharat Industrial Stores,PO2025000124,GRN2025000124,116.0,116,116,685.85,685.85,0.0,0.0,79558.6,93879.15,PASS,CLEAN,0.0
INV2026000124,V026,Bharat Industrial Stores,PO2025000124,GRN2025000124,116.0,116,116,685.85,685.85,0.0,0.0,79558.6,93879.15,HOLD,DUPLICATE_AMOUNT_VENDOR,0.0
INV2025000125,V015,Orbit Maintenance Supplies,PO2025000125,GRN2025000125,85.0,51,51,1044.53,1044.53,0.0,0.0,53271.03,62859.82,PASS,CLEAN,0.0
INV2025000126,V019,Sigma Industrial Products,PO2025000126,GRN2025000126,49.0,49,49,757.91,757.91,0.0,0.0,37137.59,41594.1,PASS,CLEAN,0.0
INV2025000127,V026,Bharat Industrial Stores,PO2025000127,GRN2025000127,36.0,36,39,464.41,464.41,0.0,8.33,18111.99,21372.15,HOLD,QTY_OVER_RECEIPT,1393.23
INV2025000128,V034,Jade Logistics Supplies,PO2025000128,GRN2025000128,40.0,40,40,3896.59,3896.59,0.0,0.0,155863.6,183919.05,PASS,CLEAN,0.0
INV2025000130,V013,Metro Fasteners,PO2025000130,GRN2025000130,116.0,116,116,15503.9,15503.9,0.0,0.0,1798452.4,2122173.83,PASS,CLEAN,0.0
INV2025000131,V028,Dynamo Power Systems,PO2025000131,GRN2025000131,206.0,206,206,268.06,268.06,0.0,0.0,55220.36,57981.38,PASS,CLEAN,0.0
INV2025000132,V009,Indus Mechanical Works,PO2025000132,GRN2025000132,37.0,37,39,622.38,622.38,0.0,5.41,24272.82,27185.56,HOLD,QTY_OVER_RECEIPT,1244.76
INV2025000133,V003,Crown Packaging Solutions,PO2025000133,GRN2025000133,23.0,23,23,506.47,506.47,0.0,0.0,11648.81,12231.25,PASS,CLEAN,0.0
INV2026000133,V003,Crown Packaging Solutions,PO2025000133,GRN2025000133,23.0,23,23,506.47,506.47,0.0,0.0,11648.81,12231.25,HOLD,DUPLICATE_AMOUNT_VENDOR,0.0
INV2025000134,V002,BluePeak Office Systems Pvt Ltd,PO2025000134,GRN2025000134,216.0,216,216,183.5,183.5,0.0,0.0,39636.0,44392.32,PASS,CLEAN,0.0
INV2025000135,V022,Vertex Automation,PO2025000135,GRN2025000135,66.0,66,66,196.77,196.77,0.0,0.0,12986.82,15324.45,PASS,CLEAN,0.0
INV2025000136,V017,Quantum Electricals,PO2025000136,,53.0,53,53,12741.69,12741.69,0.0,0.0,675309.57,796865.29,HOLD,MISSING_GRN,0.0
INV2025000137,V002,BluePeak Office Systems Pvt Ltd,PO2025000137,GRN2025000137,101.0,101,101,29548.82,29548.82,0.0,0.0,2984430.82,3342562.52,PASS,CLEAN,0.0
INV2025000138,V008,Horizon IT Distribution,PO2025000138,GRN2025000138,244.0,244,244,1595.45,1595.45,0.0,0.0,389289.8,459361.96,PASS,CLEAN,0.0
INV2025000139,V011,Kaveri Industrial Traders,PO2025000139,GRN2025000139,143.0,119,119,219.39,219.39,0.0,0.0,26107.41,30806.74,PASS,CLEAN,0.0
INV2025000140,V015,Orbit Maintenance Supplies,PO2025000140,GRN2025000140,66.0,66,66,1759.06,1759.06,0.0,0.0,116097.96,136995.59,PASS,CLEAN,0.0
INV2025000141,V031,Ganga Hardware Traders,PO2025000141,GRN2025000141,131.0,131,131,548.61,582.54,6.18,0.0,76312.74,80128.38,HOLD,PRICE_VARIANCE,4444.83
INV2025000142,V024,Zenith Engineering Supplies,PO2025000142,GRN2025000142,162.0,120,120,525.57,558.3,6.23,0.0,66996.0,75035.52,HOLD,PRICE_VARIANCE,3927.6
INV2025000143,V019,Sigma Industrial Products,PO2025000143,GRN2025000143,50.0,50,50,4014.2,4014.2,0.0,0.0,200710.0,224795.2,PASS,CLEAN,0.0
INV2025000144,V021,United Process Equipment,PO2025000144,GRN2025000144,35.0,35,35,3486.24,3486.24,0.0,0.0,122018.4,143981.71,PASS,CLEAN,0.0
INV2025000145,V014,Nova Tech Systems,PO2025000145,GRN2025000145,154.0,142,135,533.54,533.54,0.0,-4.93,72027.9,75629.29,PASS,CLEAN,0.0
INV2025000147,V018,Ridgeway Bearings,PO2025000147,GRN2025000147,101.0,79,79,175.49,175.49,0.0,0.0,13863.71,14556.9,PASS,CLEAN,0.0
INV2025000148,V014,Nova Tech Systems,PO2025000148,GRN2025000148,124.0,124,116,1417.0,1417.0,0.0,-6.45,164372.0,172590.6,PASS,CLEAN,0.0
INV2025000149,V013,Metro Fasteners,PO2025000149,GRN2025000149,246.0,246,246,13072.35,13072.35,0.0,0.0,3215798.1,3794641.76,PASS,CLEAN,0.0
INV2025000150,V017,Quantum Electricals,PO2025000150,GRN2025000150,96.0,96,96,1292.21,1292.21,0.0,0.0,124052.16,146381.55,PASS,CLEAN,0.0
INV2025000151,V019,Sigma Industrial Products,PO2025000151,GRN2025000151,74.0,74,77,6904.85,6904.85,0.0,4.05,531673.45,595474.26,HOLD,QTY_OVER_RECEIPT,20714.55
INV2025000152,V013,Metro Fasteners,PO2025000152,GRN2025000152,182.0,182,182,1260.89,1260.89,0.0,0.0,229481.98,270788.74,PASS,CLEAN,0.0
INV2025000153,V022,Vertex Automation,PO2025000153,GRN2025000153,232.0,232,232,279.92,279.92,0.0,0.0,64941.44,76630.9,PASS,CLEAN,0.0
INV2025000154,V005,Evergreen Facility Products,PO2025000154,GRN2025000154,146.0,146,146,20387.43,23272.64,14.15,0.0,3397805.44,3805542.09,HOLD,PRICE_VARIANCE,421240.66
INV2025000155,V007,Gamma Safety Solutions,PO2025000155,GRN2025000155,125.0,125,125,2115.73,2115.73,0.0,0.0,264466.25,277689.56,PASS,CLEAN,0.0
INV2025000156,V040,Pioneer Electrical Traders,PO2025000156,GRN2025000156,142.0,142,142,894.68,894.68,0.0,0.0,127044.56,149912.58,PASS,CLEAN,0.0
INV2025000157,V010,Jupiter Office Products,PO2025000157,GRN2025000157,241.0,241,241,909.18,909.18,0.0,0.0,219112.38,258552.61,PASS,CLEAN,0.0
INV2025000158,V005,Evergreen Facility Products,PO2025000158,GRN2025000158,203.0,203,203,839.91,839.91,0.0,0.0,170501.73,190961.94,PASS,CLEAN,0.0
INV2025000159,V038,NexGen Components,PO2025000159,GRN2025000159,105.0,93,93,860.15,860.15,0.0,0.0,79993.95,94392.86,PASS,CLEAN,0.0
INV2025000160,V003,Crown Packaging Solutions,PO2025000160,GRN2025000160,131.0,131,131,11484.77,11484.77,0.0,0.0,1504504.87,1579730.11,PASS,CLEAN,0.0
INV2025000161,V032,Helios Controls,PO2025000161,,11.0,11,11,18896.06,18896.06,0.0,0.0,207856.66,245270.86,HOLD,MISSING_GRN,0.0
INV2025000163,V033,Innovatech Solutions,PO2025000163,GRN2025000163,147.0,147,147,127.79,141.87,11.02,0.0,20854.89,21897.63,HOLD,PRICE_VARIANCE,2069.76
INV2025000164,V018,Ridgeway Bearings,PO2025000164,GRN2025000164,121.0,121,121,842.43,985.96,17.04,0.0,119301.16,125266.22,HOLD,PRICE_VARIANCE,17367.13
INV2025000165,V037,Magnus Tools,PO2025000165,GRN2025000165,228.0,140,140,608.13,608.13,0.0,0.0,85138.2,100463.08,PASS,CLEAN,0.0
INV2025000166,V037,Magnus Tools,PO2025000166,GRN2025000166,199.0,206,206,672.27,672.27,0.0,0.0,138487.62,163415.39,PASS,CLEAN,0.0
INV2025000168,V034,Jade Logistics Supplies,PO2025000168,GRN2025000168,92.0,71,71,17363.69,17363.69,0.0,0.0,1232821.99,1454729.95,PASS,CLEAN,0.0
INV2025000169,V036,Lumina Office Technologies,PO2025000169,GRN2025000169,192.0,192,201,197.35,197.35,0.0,4.69,39667.35,46807.47,HOLD,QTY_OVER_RECEIPT,1776.15
INV2025000170,V029,Eagle Stationery Solutions,PO2025000170,GRN2025000170,196.0,156,156,2718.32,2718.32,0.0,0.0,424057.92,500388.35,PASS,CLEAN,0.0
INV2025000171,V012,Lotus Packaging India Pvt Ltd,PO2025000171,GRN2025000171,56.0,53,53,3458.39,3458.39,0.0,0.0,183294.67,205290.03,PASS,CLEAN,0.0
INV2026000171,V012,Lotus Packaging India Pvt Ltd,PO2025000171,GRN2025000171,56.0,53,53,3458.39,3458.39,0.0,0.0,183294.67,205290.03,HOLD,DUPLICATE_AMOUNT_VENDOR,0.0
INV2025000172,V003,Crown Packaging Solutions,PO2025000172,GRN2025000172,38.0,38,38,187.15,187.15,0.0,0.0,7111.7,7467.28,PASS,CLEAN,0.0
INV2025000173,V009,Indus Mechanical Works,PO2025000173,GRN2025000173,164.0,164,164,792.75,792.75,0.0,0.0,130011.0,145612.32,PASS,CLEAN,0.0
INV2025000174,V010,Jupiter Office Products,PO2025000174,GRN2025000174,213.0,213,213,20310.6,20310.6,0.0,0.0,4326157.8,5104866.2,PASS,CLEAN,0.0
INV2025000175,V013,Metro Fasteners,PO2025000175,,42.0,42,42,1211.01,1211.01,0.0,0.0,50862.42,60017.66,HOLD,MISSING_GRN,0.0
INV2025000176,V038,NexGen Components,PO2025000176,GRN2025000176,148.0,148,148,26561.37,26561.37,0.0,0.0,3931082.76,4638677.66,PASS,CLEAN,0.0
INV2025000177,V040,Pioneer Electrical Traders,PO2025000177,GRN2025000177,231.0,231,231,21166.46,24917.33,17.72,0.0,5755903.23,6791965.81,HOLD,PRICE_VARIANCE,866450.97
INV2025000178,V026,Bharat Industrial Stores,PO2025000178,GRN2025000178,125.0,125,125,11517.82,11517.82,0.0,0.0,1439727.5,1698878.45,PASS,CLEAN,0.0
INV2025000179,V026,Bharat Industrial Stores,PO2025000179,GRN2025000179,115.0,115,115,610.04,610.04,0.0,0.0,70154.6,82782.43,PASS,CLEAN,0.0
INV2025000180,V027,Crest Chemicals,PO2025000180,GRN2025000180,177.0,133,133,335.05,335.05,0.0,0.0,44561.65,49909.05,PASS,CLEAN,0.0
INV2025000181,V019,Sigma Industrial Products,PO2025000181,GRN2025000181,89.0,89,89,974.56,974.56,0.0,0.0,86735.84,97144.14,PASS,CLEAN,0.0
INV2025000182,V036,Lumina Office Technologies,PO2025000182,GRN2025000182,26.0,26,26,789.28,789.28,0.0,0.0,20521.28,24215.11,PASS,CLEAN,0.0
INV2025000183,V022,Vertex Automation,PO2025000183,GRN2025000183,44.0,44,44,199.84,199.84,0.0,0.0,8792.96,10375.69,PASS,CLEAN,0.0
INV2025000184,V006,Falcon Electricals India Pvt Ltd,PO2025000184,GRN2025000184,97.0,97,97,118.74,118.74,0.0,0.0,11517.78,12093.67,PASS,CLEAN,0.0
INV2025000185,V020,Trident Facility Services,PO2025000185,GRN2025000185,29.0,19,19,3800.58,3800.58,0.0,0.0,72211.02,80876.34,PASS,CLEAN,0.0
INV2025000186,V008,Horizon IT Distribution,PO2025000186,GRN2025000186,181.0,181,181,150.0,150.0,0.0,0.0,27150.0,32037.0,PASS,CLEAN,0.0
INV2025000187,V006,Falcon Electricals India Pvt Ltd,PO2025000187,GRN2025000187,216.0,216,216,703.43,703.43,0.0,0.0,151940.88,159537.92,PASS,CLEAN,0.0
INV2025000188,V020,Trident Facility Services,PO2025000188,GRN2025000188,157.0,143,151,11901.41,11901.41,0.0,5.59,1797112.91,2012766.46,HOLD,QTY_OVER_RECEIPT,95211.28
INV2025000189,V029,Eagle Stationery Solutions,PO2025000189,GRN2025000189,120.0,120,120,11569.96,11569.96,0.0,0.0,1388395.2,1638306.34,PASS,CLEAN,0.0
INV2025000190,V040,Pioneer Electrical Traders,PO2025000190,GRN2025000190,58.0,55,55,902.92,902.92,0.0,0.0,49660.6,58599.51,PASS,CLEAN,0.0
INV2025000191,V006,Falcon Electricals India Pvt Ltd,PO2025000191,GRN2025000191,68.0,47,47,692.23,692.23,0.0,0.0,32534.81,34161.55,PASS,CLEAN,0.0
INV2026000191,V006,Falcon Electricals India Pvt Ltd,PO2025000191,GRN2025000191,68.0,47,47,692.23,692.23,0.0,0.0,32534.81,34161.55,HOLD,DUPLICATE_AMOUNT_VENDOR,0.0
INV2025000192,V008,Horizon IT Distribution,PO2025000192,GRN2025000192,158.0,130,130,181.21,181.21,0.0,0.0,23557.3,27797.61,PASS,CLEAN,0.0
INV2025000193,V008,Horizon IT Distribution,PO2025000193,GRN2025000193,231.0,231,231,3147.73,3147.73,0.0,0.0,727125.63,858008.24,PASS,CLEAN,0.0
INV2025000194,V010,Jupiter Office Products,PO2025000194,GRN2025000194,141.0,141,141,139.07,139.07,0.0,0.0,19608.87,23138.47,PASS,CLEAN,0.0
INV2025000195,V032,Helios Controls,PO2025000195,GRN2025000195,185.0,185,185,3583.38,3802.68,6.12,0.0,703495.8,830125.04,HOLD,PRICE_VARIANCE,40570.5
INV2025000196,V040,Pioneer Electrical Traders,PO2025000196,,183.0,183,183,514.21,514.21,0.0,0.0,94100.43,111038.51,HOLD,MISSING_GRN,0.0
INV2025000197,V015,Orbit Maintenance Supplies,PO2025000197,GRN2025000197,142.0,115,115,1288.97,1288.97,0.0,0.0,148231.55,174913.23,PASS,CLEAN,0.0
INV2025000198,V040,Pioneer Electrical Traders,PO2025000198,GRN2025000198,62.0,62,62,706.75,706.75,0.0,0.0,43818.5,51705.83,PASS,CLEAN,0.0
INV2025000199,V004,Delta Engineering Components,PO2025000199,GRN2025000199,45.0,45,45,471.22,471.22,0.0,0.0,21204.9,23749.49,PASS,CLEAN,0.0
INV2025000200,V037,Magnus Tools,PO2025000200,GRN2025000200,151.0,151,151,343.01,343.01,0.0,0.0,51794.51,61117.52,PASS,CLEAN,0.0
INV2025000201,V017,Quantum Electricals,PO2025000201,GRN2025000201,159.0,159,159,599.7,599.7,0.0,0.0,95352.3,112515.71,PASS,CLEAN,0.0
INV2025000202,V032,Helios Controls,PO2025000202,GRN2025000202,154.0,154,154,857.37,857.37,0.0,0.0,132034.98,155801.28,PASS,CLEAN,0.0
INV2025000203,V035,Keystone Industrial Products,PO2025000203,GRN2025000203,135.0,125,125,750.48,750.48,0.0,0.0,93810.0,105067.2,PASS,CLEAN,0.0
INV2025000204,V018,Ridgeway Bearings,PO2025000204,GRN2025000204,247.0,247,247,3455.6,3455.6,0.0,0.0,853533.2,896209.86,PASS,CLEAN,0.0
INV2025000205,V005,Evergreen Facility Products,PO2025000205,GRN2025000205,169.0,169,169,714.89,714.89,0.0,0.0,120816.41,135314.38,PASS,CLEAN,0.0
INV2025000206,V037,Magnus Tools,PO2025000206,GRN2025000206,74.0,74,74,674.6,674.6,0.0,0.0,49920.4,58906.07,PASS,CLEAN,0.0
INV2025000207,V039,Omkar Facility Products,PO2025000207,GRN2025000207,41.0,41,44,25498.6,25498.6,0.0,7.32,1121938.4,1178035.32,HOLD,QTY_OVER_RECEIPT,76495.8
INV2025000208,V024,Zenith Engineering Supplies,PO2025000208,GRN2025000208,220.0,155,155,640.03,640.03,0.0,0.0,99204.65,111109.21,PASS,CLEAN,0.0
INV2025000209,V010,Jupiter Office Products,PO2025000209,GRN2025000209,85.0,85,85,688.01,688.01,0.0,0.0,58480.85,69007.4,PASS,CLEAN,0.0
INV2025000210,V037,Magnus Tools,PO2025000210,GRN2025000210,142.0,142,142,750.22,817.34,8.95,0.0,116062.28,136953.49,HOLD,PRICE_VARIANCE,9531.04
INV2025000211,V017,Quantum Electricals,PO2025000211,GRN2025000211,14.0,14,14,173.54,173.54,0.0,0.0,2429.56,2866.88,PASS,CLEAN,0.0
INV2025000212,V012,Lotus Packaging India Pvt Ltd,PO2025000212,GRN2025000212,134.0,134,134,12821.81,12821.81,0.0,0.0,1718122.54,1924297.24,PASS,CLEAN,0.0
INV2025000213,V018,Ridgeway Bearings,PO2025000213,GRN2025000213,160.0,160,160,794.99,794.99,0.0,0.0,127198.4,133558.32,PASS,CLEAN,0.0
INV2025000214,V013,Metro Fasteners,PO2025000214,GRN2025000214,223.0,223,223,1078.5,1078.5,0.0,0.0,240505.5,283796.49,PASS,CLEAN,0.0
INV2025000215,V007,Gamma Safety Solutions,PO2025000215,GRN2025000215,231.0,231,222,539.35,539.35,0.0,-3.9,119735.7,125722.48,PASS,CLEAN,0.0
INV2025000216,V003,Crown Packaging Solutions,PO2025000216,GRN2025000216,23.0,18,18,549.51,549.51,0.0,0.0,9891.18,10385.74,PASS,CLEAN,0.0
INV2025000217,V026,Bharat Industrial Stores,PO2025000217,GRN2025000217,111.0,111,111,736.78,736.78,0.0,0.0,81782.58,96503.44,PASS,CLEAN,0.0
INV2026000217,V026,Bharat Industrial Stores,PO2025000217,GRN2025000217,111.0,111,111,736.78,736.78,0.0,0.0,81782.58,96503.44,HOLD,DUPLICATE_AMOUNT_VENDOR,0.0
INV2025000218,V017,Quantum Electricals,PO2025000218,GRN2025000218,66.0,66,66,1133.93,1133.93,0.0,0.0,74839.38,88310.47,PASS,CLEAN,0.0
INV2025000219,V026,Bharat Industrial Stores,PO2025000219,GRN2025000219,21.0,21,21,2268.95,2268.95,0.0,0.0,47647.95,56224.58,PASS,CLEAN,0.0
INV2025000220,V005,Evergreen Facility Products,PO2025000220,GRN2025000220,143.0,143,143,841.48,841.48,0.0,0.0,120331.64,134771.44,PASS,CLEAN,0.0
INV2025000221,V037,Magnus Tools,PO2025000221,GRN2025000221,174.0,174,174,495.29,495.29,0.0,0.0,86180.46,101692.94,PASS,CLEAN,0.0
INV2025000222,V018,Ridgeway Bearings,PO2025000222,GRN2025000222,57.0,57,57,2714.94,2714.94,0.0,0.0,154751.58,162489.16,PASS,CLEAN,0.0
INV2025000223,V002,BluePeak Office Systems Pvt Ltd,PO2025000223,GRN2025000223,119.0,119,119,679.83,679.83,0.0,0.0,80899.77,90607.74,PASS,CLEAN,0.0
INV2025000224,V026,Bharat Industrial Stores,PO2025000224,GRN2025000224,185.0,185,185,1035.17,1035.17,0.0,0.0,191506.45,225977.61,PASS,CLEAN,0.0
INV2025000225,V023,Westline Consumables,PO2025000225,GRN2025000225,241.0,241,241,528.1,578.16,9.48,0.0,139336.56,156056.95,HOLD,PRICE_VARIANCE,12064.46
INV2025000226,V015,Orbit Maintenance Supplies,PO2025000226,GRN2025000226,184.0,184,184,595.55,595.55,0.0,0.0,109581.2,129305.82,PASS,CLEAN,0.0
INV2026000226,V015,Orbit Maintenance Supplies,PO2025000226,GRN2025000226,184.0,184,184,595.55,595.55,0.0,0.0,109581.2,129305.82,HOLD,DUPLICATE_AMOUNT_VENDOR,0.0
INV2025000227,V026,Bharat Industrial Stores,PO2025000227,GRN2025000227,100.0,100,100,631.75,631.75,0.0,0.0,63175.0,74546.5,PASS,CLEAN,0.0
INV2025000228,V037,Magnus Tools,PO2025000228,GRN2025000228,124.0,124,124,1672.56,1672.56,0.0,0.0,207397.44,244728.98,PASS,CLEAN,0.0
INV2025000229,V011,Kaveri Industrial Traders,PO2025000229,GRN2025000229,188.0,188,188,178.18,178.18,0.0,0.0,33497.84,39527.45,PASS,CLEAN,0.0
INV2025000230,V035,Keystone Industrial Products,PO2025000230,GRN2025000230,96.0,96,96,17050.19,17050.19,0.0,0.0,1636818.24,1833236.43,PASS,CLEAN,0.0
INV2025000231,V040,Pioneer Electrical Traders,PO2025000231,GRN2025000231,146.0,146,146,21856.32,21856.32,0.0,0.0,3191022.72,3765406.81,PASS,CLEAN,0.0
INV2025000232,V023,Westline Consumables,PO2025000232,,104.0,104,104,4078.53,4078.53,0.0,0.0,424167.12,475067.17,HOLD,MISSING_GRN,0.0
INV2025000233,V006,Falcon Electricals India Pvt Ltd,PO2025000233,GRN2025000233,247.0,247,247,221.7,221.7,0.0,0.0,54759.9,57497.89,PASS,CLEAN,0.0
INV2025000234,V001,Apex Industrial Supplies Pvt Ltd,PO2025000234,GRN2025000234,65.0,65,65,798.05,923.6,15.73,0.0,60034.0,63035.7,HOLD,PRICE_VARIANCE,8160.75
INV2025000235,V024,Zenith Engineering Supplies,PO2025000235,GRN2025000235,131.0,131,131,832.4,832.4,0.0,0.0,109044.4,122129.73,PASS,CLEAN,0.0
INV2025000236,V033,Innovatech Solutions,PO2025000236,GRN2025000236,138.0,138,138,521.43,521.43,0.0,0.0,71957.34,75555.21,PASS,CLEAN,0.0
INV2025000237,V009,Indus Mechanical Works,PO2025000237,GRN2025000237,50.0,50,50,188.81,188.81,0.0,0.0,9440.5,10573.36,PASS,CLEAN,0.0
INV2025000238,V020,Trident Facility Services,PO2025000238,GRN2025000238,184.0,184,184,178.95,178.95,0.0,0.0,32926.8,36878.02,PASS,CLEAN,0.0
INV2025000239,V018,Ridgeway Bearings,PO2025000239,GRN2025000239,159.0,159,159,126.07,126.07,0.0,0.0,20045.13,21047.39,PASS,CLEAN,0.0
INV2025000240,V020,Trident Facility Services,PO2025000240,GRN2025000240,46.0,46,46,665.36,665.36,0.0,0.0,30606.56,34279.35,PASS,CLEAN,0.0
INV2025000241,V008,Horizon IT Distribution,PO2025000241,GRN2025000241,110.0,110,110,949.39,1086.53,14.45,0.0,119518.3,141031.59,HOLD,PRICE_VARIANCE,15085.4
INV2025000242,V039,Omkar Facility Products,PO2025000242,GRN2025000242,50.0,50,50,40347.39,40347.39,0.0,0.0,2017369.5,2118237.98,PASS,CLEAN,0.0
INV2025000243,V034,Jade Logistics Supplies,PO2025000243,GRN2025000243,121.0,121,121,166.55,166.55,0.0,0.0,20152.55,23780.01,PASS,CLEAN,0.0
INV2025000245,V006,Falcon Electricals India Pvt Ltd,PO2025000245,GRN2025000245,93.0,93,93,199.82,199.82,0.0,0.0,18583.26,19512.42,PASS,CLEAN,0.0
INV2025000246,V004,Delta Engineering Components,PO2025000246,GRN2025000246,216.0,140,140,11665.15,11665.15,0.0,0.0,1633121.0,1829095.52,PASS,CLEAN,0.0
INV2025000247,V004,Delta Engineering Components,PO2025000247,GRN2025000247,247.0,247,259,652.87,652.87,0.0,4.86,169093.33,189384.53,HOLD,QTY_OVER_RECEIPT,7834.44
INV2025000248,V020,Trident Facility Services,PO2025000248,GRN2025000248,36.0,27,27,653.04,653.04,0.0,0.0,17632.08,19747.93,PASS,CLEAN,0.0
INV2025000249,V018,Ridgeway Bearings,PO2025000249,GRN2025000249,49.0,49,49,1457.58,1457.58,0.0,0.0,71421.42,74992.49,PASS,CLEAN,0.0
INV2025000250,V007,Gamma Safety Solutions,PO2025000250,GRN2025000250,137.0,137,137,434.26,434.26,0.0,0.0,59493.62,62468.3,PASS,CLEAN,0.0
INV2025000251,V021,United Process Equipment,PO2025000251,GRN2025000251,172.0,172,172,409.41,409.41,0.0,0.0,70418.52,83093.85,PASS,CLEAN,0.0
INV2025000252,V001,Apex Industrial Supplies Pvt Ltd,PO2025000252,GRN2025000252,82.0,82,82,436.89,483.76,10.73,0.0,39668.32,41651.74,HOLD,PRICE_VARIANCE,3843.34
INV2025000253,V024,Zenith Engineering Supplies,PO2025000253,GRN2025000253,214.0,198,198,614.73,614.73,0.0,0.0,121716.54,136322.52,PASS,CLEAN,0.0
INV2025000254,V025,Arun Safety & PPE,PO2025000254,GRN2025000254,193.0,182,182,579.84,579.84,0.0,0.0,105530.88,118194.59,PASS,CLEAN,0.0
INV2025000255,V018,Ridgeway Bearings,PO2025000255,GRN2025000255,199.0,199,199,264.95,264.95,0.0,0.0,52725.05,55361.3,PASS,CLEAN,0.0
INV2025000256,V034,Jade Logistics Supplies,PO2025000256,GRN2025000256,39.0,39,39,969.04,969.04,0.0,0.0,37792.56,44595.22,PASS,CLEAN,0.0
INV2025000258,V039,Omkar Facility Products,PO2025000258,GRN2025000258,127.0,127,127,1449.39,1449.39,0.0,0.0,184072.53,193276.16,PASS,CLEAN,0.0
INV2025000259,V014,Nova Tech Systems,,GRN2025000259,,0,245,,219.34,,,53738.3,56425.21,HOLD,MISSING_PO,53738.3
INV2025000260,V029,Eagle Stationery Solutions,PO2025000260,GRN2025000260,47.0,47,47,2192.28,2192.28,0.0,0.0,103037.16,121583.85,PASS,CLEAN,0.0
INV2025000261,V019,Sigma Industrial Products,PO2025000261,GRN2025000261,91.0,91,91,579.67,579.67,0.0,0.0,52749.97,59079.97,PASS,CLEAN,0.0
INV2025000262,V030,Frontier Components,PO2025000262,GRN2025000262,125.0,125,125,166.69,166.69,0.0,0.0,20836.25,24586.78,PASS,CLEAN,0.0
INV2025000263,V037,Magnus Tools,PO2025000263,GRN2025000263,153.0,153,153,358.4,358.4,0.0,0.0,54835.2,64705.54,PASS,CLEAN,0.0
INV2026000263,V037,Magnus Tools,PO2025000263,GRN2025000263,153.0,153,153,358.4,358.4,0.0,0.0,54835.2,64705.54,HOLD,DUPLICATE_AMOUNT_VENDOR,0.0
INV2025000264,V021,United Process Equipment,PO2025000264,GRN2025000264,196.0,196,196,280.96,293.95,4.62,0.0,57614.2,67984.76,HOLD,PRICE_VARIANCE,2546.04
INV2025000265,V011,Kaveri Industrial Traders,PO2025000265,GRN2025000265,85.0,85,85,603.72,603.72,0.0,0.0,51316.2,60553.12,PASS,CLEAN,0.0
INV2025000266,V016,Prime Tools & Components,PO2025000266,GRN2025000266,87.0,87,87,3106.11,3106.11,0.0,0.0,270231.57,302659.36,PASS,CLEAN,0.0
INV2025000267,V031,Ganga Hardware Traders,PO2025000267,GRN2025000267,13.0,13,13,1759.28,1759.28,0.0,0.0,22870.64,24014.17,PASS,CLEAN,0.0
INV2025000268,V031,Ganga Hardware Traders,PO2025000268,GRN2025000268,44.0,30,30,1908.99,1908.99,0.0,0.0,57269.7,60133.19,PASS,CLEAN,0.0
INV2025000269,V004,Delta Engineering Components,PO2025000269,GRN2025000269,11.0,11,11,206.92,206.92,0.0,0.0,2276.12,2549.25,PASS,CLEAN,0.0
INV2025000270,V032,Helios Controls,PO2025000270,GRN2025000270,88.0,88,88,22351.91,22351.91,0.0,0.0,1966968.08,2321022.33,PASS,CLEAN,0.0
INV2025000271,V018,Ridgeway Bearings,PO2025000271,GRN2025000271,213.0,213,213,913.96,913.96,0.0,0.0,194673.48,204407.15,PASS,CLEAN,0.0
INV2025000272,V018,Ridgeway Bearings,PO2025000272,GRN2025000272,14.0,14,14,174.73,174.73,0.0,0.0,2446.22,2568.53,PASS,CLEAN,0.0
INV2025000274,V032,Helios Controls,PO2025000274,GRN2025000274,43.0,43,43,3872.83,3872.83,0.0,0.0,166531.69,196507.39,PASS,CLEAN,0.0
INV2025000275,V024,Zenith Engineering Supplies,PO2025000275,GRN2025000275,236.0,236,236,1315.22,1315.22,0.0,0.0,310391.92,347638.95,PASS,CLEAN,0.0
INV2025000276,V024,Zenith Engineering Supplies,PO2025000276,GRN2025000276,128.0,128,128,918.43,918.43,0.0,0.0,117559.04,131666.12,PASS,CLEAN,0.0
INV2025000277,V038,NexGen Components,PO2025000277,GRN2025000277,66.0,66,67,1362.32,1362.32,0.0,1.52,91275.44,107705.02,HOLD,QTY_OVER_RECEIPT,1362.32
INV2025000278,V029,Eagle Stationery Solutions,PO2025000278,GRN2025000278,115.0,115,123,900.45,900.45,0.0,6.96,110755.35,130691.31,HOLD,QTY_OVER_RECEIPT,7203.6
INV2025000279,V038,NexGen Components,PO2025000279,GRN2025000279,87.0,87,87,726.49,726.49,0.0,0.0,63204.63,74581.46,PASS,CLEAN,0.0
INV2025000280,V008,Horizon IT Distribution,PO2025000280,GRN2025000280,120.0,120,120,1911.65,1911.65,0.0,0.0,229398.0,270689.64,PASS,CLEAN,0.0
INV2025000281,V014,Nova Tech Systems,PO2025000281,GRN2025000281,200.0,121,121,211.34,211.34,0.0,0.0,25572.14,26850.75,PASS,CLEAN,0.0
INV2025000282,V015,Orbit Maintenance Supplies,PO2025000282,GRN2025000282,210.0,210,210,517.62,517.62,0.0,0.0,108700.2,128266.24,PASS,CLEAN,0.0
INV2025000283,V008,Horizon IT Distribution,PO2025000283,GRN2025000283,84.0,84,84,674.98,674.98,0.0,0.0,56698.32,66904.02,PASS,CLEAN,0.0
INV2025000284,V016,Prime Tools & Components,PO2025000284,GRN2025000284,76.0,44,44,630.61,630.61,0.0,0.0,27746.84,31076.46,PASS,CLEAN,0.0
INV2025000285,V028,Dynamo Power Systems,PO2025000285,GRN2025000285,6.0,6,6,1188.04,1188.04,0.0,0.0,7128.24,7484.65,PASS,CLEAN,0.0
INV2025000286,V021,United Process Equipment,PO2025000286,GRN2025000286,150.0,150,150,280.91,312.77,11.34,0.0,46915.5,55360.29,HOLD,PRICE_VARIANCE,4779.0
INV2025000287,V035,Keystone Industrial Products,PO2025000287,GRN2025000287,40.0,40,40,777.76,777.76,0.0,0.0,31110.4,34843.65,PASS,CLEAN,0.0
INV2025000288,V014,Nova Tech Systems,PO2025000288,GRN2025000288,174.0,174,174,766.27,766.27,0.0,0.0,133330.98,139997.53,PASS,CLEAN,0.0
INV2025000289,V012,Lotus Packaging India Pvt Ltd,PO2025000289,GRN2025000289,148.0,148,148,1235.56,1273.53,3.07,0.0,188482.44,211100.33,HOLD,PRICE_VARIANCE,5619.56
INV2025000290,V030,Frontier Components,PO2025000290,GRN2025000290,248.0,248,248,1270.03,1270.03,0.0,0.0,314967.44,371661.58,PASS,CLEAN,0.0
INV2025000291,V018,Ridgeway Bearings,PO2025000291,,141.0,134,141,2863.48,2863.48,0.0,5.22,403750.68,423938.21,HOLD,MISSING_GRN;QTY_OVER_RECEIPT,20044.36
INV2025000292,V016,Prime Tools & Components,PO2025000292,GRN2025000292,38.0,38,38,626.85,651.95,4.0,0.0,24774.1,27746.99,HOLD,PRICE_VARIANCE,953.8
INV2025000293,V037,Magnus Tools,PO2025000293,GRN2025000293,187.0,189,189,423.01,423.01,0.0,0.0,79948.89,94339.69,PASS,CLEAN,0.0
INV2025000294,V017,Quantum Electricals,PO2025000294,GRN2025000294,146.0,88,88,1235.46,1235.46,0.0,0.0,108720.48,128290.17,PASS,CLEAN,0.0
INV2025000295,V034,Jade Logistics Supplies,PO2025000295,GRN2025000295,143.0,143,143,848.96,848.96,0.0,0.0,121401.28,143253.51,PASS,CLEAN,0.0
INV2025000296,V001,Apex Industrial Supplies Pvt Ltd,PO2025000296,GRN2025000296,18.0,11,11,39406.33,39406.33,0.0,0.0,433469.63,455143.11,PASS,CLEAN,0.0
INV2025000298,V021,United Process Equipment,PO2025000298,GRN2025000298,144.0,144,144,602.39,602.39,0.0,0.0,86744.16,102358.11,PASS,CLEAN,0.0
INV2025000299,V027,Crest Chemicals,PO2025000299,GRN2025000299,208.0,208,208,649.4,649.4,0.0,0.0,135075.2,151284.22,PASS,CLEAN,0.0
INV2025000300,V014,Nova Tech Systems,PO2025000300,GRN2025000300,217.0,172,172,614.52,614.52,0.0,0.0,105697.44,110982.31,PASS,CLEAN,0.0
INV2025000301,V028,Dynamo Power Systems,PO2025000301,GRN2025000301,110.0,110,110,726.82,830.18,14.22,0.0,91319.8,95885.79,HOLD,PRICE_VARIANCE,11369.6
INV2025000302,V040,Pioneer Electrical Traders,PO2025000302,GRN2025000302,213.0,213,213,895.45,895.45,0.0,0.0,190730.85,225062.4,PASS,CLEAN,0.0
INV2025000303,V024,Zenith Engineering Supplies,PO2025000303,GRN2025000303,100.0,100,100,762.07,762.07,0.0,0.0,76207.0,85351.84,PASS,CLEAN,0.0
INV2025000304,V032,Helios Controls,PO2025000304,GRN2025000304,99.0,99,99,502.02,502.02,0.0,0.0,49699.98,58645.98,PASS,CLEAN,0.0
INV2025000305,V014,Nova Tech Systems,PO2025000305,GRN2025000305,228.0,228,228,130.55,130.55,0.0,0.0,29765.4,31253.67,PASS,CLEAN,0.0
INV2025000306,V005,Evergreen Facility Products,PO2025000306,GRN2025000306,36.0,36,39,3802.13,3802.13,0.0,8.33,148283.07,166077.04,HOLD,QTY_OVER_RECEIPT,11406.39
INV2025000307,V007,Gamma Safety Solutions,PO2025000307,GRN2025000307,182.0,182,182,503.81,503.81,0.0,0.0,91693.42,96278.09,PASS,CLEAN,0.0
INV2025000308,V036,Lumina Office Technologies,PO2025000308,GRN2025000308,147.0,147,147,34707.34,34707.34,0.0,0.0,5101978.98,6020335.2,PASS,CLEAN,0.0
INV2025000309,V017,Quantum Electricals,PO2025000309,GRN2025000309,190.0,190,190,472.64,472.64,0.0,0.0,89801.6,105965.89,PASS,CLEAN,0.0
INV2025000310,V034,Jade Logistics Supplies,PO2025000310,GRN2025000310,14.0,14,14,840.89,840.89,0.0,0.0,11772.46,13891.5,PASS,CLEAN,0.0
INV2025000311,V008,Horizon IT Distribution,PO2025000311,GRN2025000311,198.0,198,198,164.19,164.19,0.0,0.0,32509.62,38361.35,PASS,CLEAN,0.0
INV2025000312,V034,Jade Logistics Supplies,PO2025000312,GRN2025000312,219.0,219,219,247.38,247.38,0.0,0.0,54176.22,63927.94,PASS,CLEAN,0.0
INV2025000313,V036,Lumina Office Technologies,PO2025000313,GRN2025000313,149.0,149,149,279.53,279.53,0.0,0.0,41649.97,49146.96,PASS,CLEAN,0.0
INV2025000314,V015,Orbit Maintenance Supplies,PO2025000314,GRN2025000314,93.0,93,93,21073.23,21073.23,0.0,0.0,1959810.39,2312576.26,PASS,CLEAN,0.0
INV2025000315,V016,Prime Tools & Components,PO2025000315,GRN2025000315,60.0,60,60,1075.24,1075.24,0.0,0.0,64514.4,72256.13,PASS,CLEAN,0.0
INV2025000316,V033,Innovatech Solutions,PO2025000316,GRN2025000316,29.0,21,21,1201.15,1201.15,0.0,0.0,25224.15,26485.36,PASS,CLEAN,0.0
INV2025000317,V026,Bharat Industrial Stores,PO2025000317,GRN2025000317,139.0,104,104,21988.04,21988.04,0.0,0.0,2286756.16,2698372.27,PASS,CLEAN,0.0
INV2025000318,V020,Trident Facility Services,PO2025000318,GRN2025000318,71.0,66,66,244.21,244.21,0.0,0.0,16117.86,18052.0,PASS,CLEAN,0.0
INV2025000319,V028,Dynamo Power Systems,PO2025000319,GRN2025000319,31.0,31,31,11585.86,11585.86,0.0,0.0,359161.66,377119.74,PASS,CLEAN,0.0
INV2025000320,V037,Magnus Tools,PO2025000320,GRN2025000320,55.0,55,55,122.44,122.44,0.0,0.0,6734.2,7946.36,PASS,CLEAN,0.0
INV2025000321,V018,Ridgeway Bearings,PO2025000321,GRN2025000321,229.0,184,184,1638.02,1638.02,0.0,0.0,301395.68,316465.46,PASS,CLEAN,0.0
INV2025000322,V022,Vertex Automation,PO2025000322,GRN2025000322,240.0,168,168,11823.8,11823.8,0.0,0.0,1986398.4,2343950.11,PASS,CLEAN,0.0
INV2025000324,V016,Prime Tools & Components,PO2025000324,GRN2025000324,155.0,155,155,189.58,189.58,0.0,0.0,29384.9,32911.09,PASS,CLEAN,0.0
INV2025000325,V026,Bharat Industrial Stores,PO2025000325,GRN2025000325,138.0,138,138,360.26,360.26,0.0,0.0,49715.88,58664.74,PASS,CLEAN,0.0
INV2025000326,V002,BluePeak Office Systems Pvt Ltd,PO2025000326,GRN2025000326,30.0,30,31,19147.1,19147.1,0.0,3.33,593560.1,664787.31,HOLD,QTY_OVER_RECEIPT,19147.1
INV2025000327,V019,Sigma Industrial Products,PO2025000327,GRN2025000327,249.0,249,249,665.19,665.19,0.0,0.0,165632.31,185508.19,PASS,CLEAN,0.0
INV2025000328,V007,Gamma Safety Solutions,PO2025000328,GRN2025000328,175.0,175,175,20714.26,20714.26,0.0,0.0,3624995.5,3806245.27,PASS,CLEAN,0.0
INV2025000329,V015,Orbit Maintenance Supplies,PO2025000329,GRN2025000329,50.0,50,50,2426.06,2426.06,0.0,0.0,121303.0,143137.54,PASS,CLEAN,0.0
INV2025000330,V004,Delta Engineering Components,PO2025000330,GRN2025000330,193.0,193,193,738.7,738.7,0.0,0.0,142569.1,159677.39,PASS,CLEAN,0.0
INV2025000331,V020,Trident Facility Services,PO2025000331,GRN2025000331,103.0,74,74,911.5,911.5,0.0,0.0,67451.0,75545.12,PASS,CLEAN,0.0
INV2025000332,V020,Trident Facility Services,PO2025000332,GRN2025000332,37.0,37,37,460.84,460.84,0.0,0.0,17051.08,19097.21,PASS,CLEAN,0.0
INV2025000333,V037,Magnus Tools,PO2025000333,GRN2025000333,124.0,124,124,28168.84,28168.84,0.0,0.0,3492936.16,4121664.67,PASS,CLEAN,0.0
INV2025000334,V023,Westline Consumables,PO2025000334,GRN2025000334,226.0,145,145,28832.41,28832.41,0.0,0.0,4180699.45,4682383.38,PASS,CLEAN,0.0
INV2025000335,V029,Eagle Stationery Solutions,PO2025000335,GRN2025000335,87.0,87,87,1450.62,1450.62,0.0,0.0,126203.94,148920.65,PASS,CLEAN,0.0
INV2025000336,V022,Vertex Automation,,GRN2025000336,,0,131,,358.21,,,46925.51,55372.1,HOLD,MISSING_PO,46925.51
INV2025000337,V029,Eagle Stationery Solutions,PO2025000337,GRN2025000337,191.0,127,127,36903.39,36903.39,0.0,0.0,4686730.53,5530342.03,PASS,CLEAN,0.0
INV2025000338,V001,Apex Industrial Supplies Pvt Ltd,PO2025000338,GRN2025000338,212.0,212,212,755.43,755.43,0.0,0.0,160151.16,168158.72,PASS,CLEAN,0.0
INV2025000339,V037,Magnus Tools,PO2025000339,GRN2025000339,100.0,100,100,346.54,346.54,0.0,0.0,34654.0,40891.72,PASS,CLEAN,0.0
INV2025000340,V037,Magnus Tools,PO2025000340,GRN2025000340,63.0,57,57,789.63,789.63,0.0,0.0,45008.91,53110.51,PASS,CLEAN,0.0
INV2025000341,V013,Metro Fasteners,PO2025000341,GRN2025000341,113.0,113,113,18607.33,18607.33,0.0,0.0,2102628.29,2481101.38,PASS,CLEAN,0.0
INV2025000342,V032,Helios Controls,PO2025000342,GRN2025000342,187.0,167,167,25430.88,25430.88,0.0,0.0,4246956.96,5011409.21,PASS,CLEAN,0.0
INV2025000343,V032,Helios Controls,PO2025000343,GRN2025000343,61.0,61,61,193.16,193.16,0.0,0.0,11782.76,13903.66,PASS,CLEAN,0.0
INV2025000344,V003,Crown Packaging Solutions,PO2025000344,GRN2025000344,247.0,247,247,1596.15,1596.15,0.0,0.0,394249.05,413961.5,PASS,CLEAN,0.0
INV2025000345,V038,NexGen Components,PO2025000345,GRN2025000345,173.0,173,173,721.28,721.28,0.0,0.0,124781.44,147242.1,PASS,CLEAN,0.0
INV2025000346,V021,United Process Equipment,PO2025000346,GRN2025000346,59.0,59,59,525.35,525.35,0.0,0.0,30995.65,36574.87,PASS,CLEAN,0.0
INV2025000347,V034,Jade Logistics Supplies,PO2025000347,GRN2025000347,216.0,216,216,159.11,159.11,0.0,0.0,34367.76,40553.96,PASS,CLEAN,0.0
INV2025000348,V021,United Process Equipment,PO2025000348,GRN2025000348,203.0,203,203,1146.36,1146.36,0.0,0.0,232711.08,274599.07,PASS,CLEAN,0.0
INV2025000349,V013,Metro Fasteners,PO2025000349,GRN2025000349,99.0,99,99,520.17,520.17,0.0,0.0,51496.83,60766.26,PASS,CLEAN,0.0
INV2025000350,V023,Westline Consumables,PO2025000350,GRN2025000350,116.0,116,120,530.26,530.26,0.0,3.45,63631.2,71266.94,HOLD,QTY_OVER_RECEIPT,2121.04
INV2025000351,V034,Jade Logistics Supplies,PO2025000351,GRN2025000351,55.0,35,35,229.25,243.87,6.38,0.0,8535.45,10071.83,HOLD,PRICE_VARIANCE,511.7
INV2025000352,V020,Trident Facility Services,PO2025000352,GRN2025000352,134.0,116,116,403.42,403.42,0.0,0.0,46796.72,52412.33,PASS,CLEAN,0.0
INV2025000353,V028,Dynamo Power Systems,PO2025000353,GRN2025000353,110.0,110,110,947.23,947.23,0.0,0.0,104195.3,109405.07,PASS,CLEAN,0.0
INV2025000354,V003,Crown Packaging Solutions,PO2025000354,GRN2025000354,24.0,25,25,1284.84,1284.84,0.0,0.0,32121.0,33727.05,PASS,CLEAN,0.0
INV2025000355,V032,Helios Controls,PO2025000355,GRN2025000355,56.0,56,54,1441.65,1441.65,0.0,-3.57,77849.1,91861.94,PASS,CLEAN,0.0
INV2025000356,V020,Trident Facility Services,PO2025000356,GRN2025000356,27.0,27,27,13019.33,13019.33,0.0,0.0,351521.91,393704.54,PASS,CLEAN,0.0
INV2025000358,V030,Frontier Components,PO2025000358,GRN2025000358,22.0,22,22,1206.23,1206.23,0.0,0.0,26537.06,31313.73,PASS,CLEAN,0.0
INV2025000359,V031,Ganga Hardware Traders,PO2025000359,GRN2025000359,153.0,153,153,997.35,997.35,0.0,0.0,152594.55,160224.28,PASS,CLEAN,0.0
INV2025000360,V014,Nova Tech Systems,PO2025000360,GRN2025000360,226.0,187,187,1101.7,1101.7,0.0,0.0,206017.9,216318.8,PASS,CLEAN,0.0
INV2025000361,V002,BluePeak Office Systems Pvt Ltd,PO2025000361,GRN2025000361,192.0,128,128,23251.53,23251.53,0.0,0.0,2976195.84,3333339.34,PASS,CLEAN,0.0
INV2025000362,V003,Crown Packaging Solutions,PO2025000362,GRN2025000362,233.0,233,233,830.69,830.69,0.0,0.0,193550.77,203228.31,PASS,CLEAN,0.0
INV2025000363,V030,Frontier Components,PO2025000363,GRN2025000363,138.0,138,138,2300.38,2300.38,0.0,0.0,317452.44,374593.88,PASS,CLEAN,0.0
INV2025000364,V026,Bharat Industrial Stores,PO2025000364,GRN2025000364,154.0,154,154,25249.05,25249.05,0.0,0.0,3888353.7,4588257.37,PASS,CLEAN,0.0
INV2025000365,V010,Jupiter Office Products,PO2025000365,GRN2025000365,222.0,222,222,847.84,847.84,0.0,0.0,188220.48,222100.17,PASS,CLEAN,0.0
INV2025000366,V016,Prime Tools & Components,PO2025000366,GRN2025000366,104.0,85,85,744.4,744.4,0.0,0.0,63274.0,70866.88,PASS,CLEAN,0.0
INV2025000367,V030,Frontier Components,PO2025000367,GRN2025000367,172.0,172,172,3294.64,3294.64,0.0,0.0,566678.08,668680.13,PASS,CLEAN,0.0
INV2025000368,V005,Evergreen Facility Products,PO2025000368,GRN2025000368,76.0,76,76,668.88,668.88,0.0,0.0,50834.88,56935.07,PASS,CLEAN,0.0
INV2025000369,V001,Apex Industrial Supplies Pvt Ltd,PO2025000369,GRN2025000369,221.0,221,221,21886.53,21886.53,0.0,0.0,4836923.13,5078769.29,PASS,CLEAN,0.0
INV2026000369,V001,Apex Industrial Supplies Pvt Ltd,PO2025000369,GRN2025000369,221.0,221,221,21886.53,21886.53,0.0,0.0,4836923.13,5078769.29,HOLD,DUPLICATE_AMOUNT_VENDOR,0.0
INV2025000370,V008,Horizon IT Distribution,PO2025000370,GRN2025000370,138.0,138,138,790.19,790.19,0.0,0.0,109046.22,128674.54,PASS,CLEAN,0.0
INV2025000371,V016,Prime Tools & Components,PO2025000371,GRN2025000371,33.0,34,34,772.04,772.04,0.0,0.0,26249.36,29399.28,PASS,CLEAN,0.0
INV2025000372,V030,Frontier Components,PO2025000372,GRN2025000372,244.0,244,244,765.46,765.46,0.0,0.0,186772.24,220391.24,PASS,CLEAN,0.0
INV2025000373,V013,Metro Fasteners,PO2025000373,GRN2025000373,250.0,250,250,165.35,165.35,0.0,0.0,41337.5,48778.25,PASS,CLEAN,0.0
INV2025000374,V016,Prime Tools & Components,PO2025000374,GRN2025000374,177.0,177,177,788.2,788.2,0.0,0.0,139511.4,156252.77,PASS,CLEAN,0.0
INV2026000374,V016,Prime Tools & Components,PO2025000374,GRN2025000374,177.0,177,177,788.2,788.2,0.0,0.0,139511.4,156252.77,HOLD,DUPLICATE_AMOUNT_VENDOR,0.0
INV2025000375,V010,Jupiter Office Products,PO2025000375,GRN2025000375,220.0,221,221,1401.14,1401.14,0.0,0.0,309651.94,365389.29,PASS,CLEAN,0.0
INV2025000376,V025,Arun Safety & PPE,PO2025000376,GRN2025000376,148.0,148,148,629.27,629.27,0.0,0.0,93131.96,104307.8,PASS,CLEAN,0.0
INV2025000377,V024,Zenith Engineering Supplies,PO2025000377,GRN2025000377,142.0,142,157,1095.39,1095.39,0.0,10.56,171976.23,192613.38,HOLD,QTY_OVER_RECEIPT,16430.85
INV2025000378,V010,Jupiter Office Products,PO2025000378,GRN2025000378,40.0,25,25,702.52,702.52,0.0,0.0,17563.0,20724.34,PASS,CLEAN,0.0
INV2025000379,V017,Quantum Electricals,PO2025000379,GRN2025000379,7.0,7,7,145.21,145.21,0.0,0.0,1016.47,1199.43,PASS,CLEAN,0.0
INV2025000380,V006,Falcon Electricals India Pvt Ltd,PO2025000380,GRN2025000380,50.0,50,50,1134.97,1134.97,0.0,0.0,56748.5,59585.93,PASS,CLEAN,0.0
INV2025000381,V037,Magnus Tools,PO2025000381,GRN2025000381,228.0,228,228,769.3,769.3,0.0,0.0,175400.4,206972.47,PASS,CLEAN,0.0
INV2025000382,V013,Metro Fasteners,PO2025000382,GRN2025000382,249.0,249,249,1482.66,1482.66,0.0,0.0,369182.34,435635.16,PASS,CLEAN,0.0
INV2025000383,V038,NexGen Components,PO2025000383,GRN2025000383,50.0,50,50,709.03,709.03,0.0,0.0,35451.5,41832.77,PASS,CLEAN,0.0
INV2025000384,V025,Arun Safety & PPE,PO2025000384,GRN2025000384,180.0,180,180,166.22,166.22,0.0,0.0,29919.6,33509.95,PASS,CLEAN,0.0
INV2026000384,V025,Arun Safety & PPE,PO2025000384,GRN2025000384,180.0,180,180,166.22,166.22,0.0,0.0,29919.6,33509.95,HOLD,DUPLICATE_AMOUNT_VENDOR,0.0
INV2025000385,V009,Indus Mechanical Works,PO2025000385,GRN2025000385,198.0,198,198,1242.85,1242.85,0.0,0.0,246084.3,275614.42,PASS,CLEAN,0.0
INV2025000386,V033,Innovatech Solutions,PO2025000386,GRN2025000386,54.0,54,54,839.22,839.22,0.0,0.0,45317.88,47583.77,PASS,CLEAN,0.0
INV2025000387,V012,Lotus Packaging India Pvt Ltd,PO2025000387,GRN2025000387,23.0,23,23,197.75,197.75,0.0,0.0,4548.25,5094.04,PASS,CLEAN,0.0
INV2025000388,V011,Kaveri Industrial Traders,PO2025000388,GRN2025000388,223.0,223,223,941.92,941.92,0.0,0.0,210048.16,247856.83,PASS,CLEAN,0.0
INV2025000389,V010,Jupiter Office Products,PO2025000389,GRN2025000389,83.0,83,83,771.52,771.52,0.0,0.0,64036.16,75562.67,PASS,CLEAN,0.0
INV2025000390,V008,Horizon IT Distribution,PO2025000390,GRN2025000390,37.0,29,29,14905.78,15920.62,6.81,0.0,461697.98,544803.62,HOLD,PRICE_VARIANCE,29430.36
INV2025000391,V016,Prime Tools & Components,PO2025000391,GRN2025000391,247.0,247,247,498.65,498.65,0.0,0.0,123166.55,137946.54,PASS,CLEAN,0.0
INV2025000393,V030,Frontier Components,PO2025000393,GRN2025000393,80.0,80,80,3531.2,3531.2,0.0,0.0,282496.0,333345.28,PASS,CLEAN,0.0
INV2025000394,V004,Delta Engineering Components,PO2025000394,GRN2025000394,153.0,153,153,448.07,448.07,0.0,0.0,68554.71,76781.28,PASS,CLEAN,0.0
INV2025000395,V009,Indus Mechanical Works,PO2025000395,,201.0,141,201,446.01,446.01,0.0,42.55,89648.01,100405.77,HOLD,MISSING_GRN;QTY_OVER_RECEIPT,26760.6
INV2025000396,V017,Quantum Electricals,PO2025000396,GRN2025000396,18.0,19,19,150.52,150.52,0.0,0.0,2859.88,3374.66,PASS,CLEAN,0.0
INV2025000397,V029,Eagle Stationery Solutions,PO2025000397,GRN2025000397,165.0,165,169,1000.88,1000.88,0.0,2.42,169148.72,199595.49,HOLD,QTY_OVER_RECEIPT,4003.52
INV2025000398,V010,Jupiter Office Products,PO2025000398,GRN2025000398,196.0,196,196,799.79,799.79,0.0,0.0,156758.84,184975.43,PASS,CLEAN,0.0
INV2025000399,V032,Helios Controls,PO2025000399,GRN2025000399,219.0,205,214,25448.85,25448.85,0.0,4.39,5446053.9,6426343.6,HOLD,QTY_OVER_RECEIPT,229039.65
INV2025000400,V016,Prime Tools & Components,PO2025000400,GRN2025000400,41.0,41,41,21145.6,21145.6,0.0,0.0,866969.6,971005.95,PASS,CLEAN,0.0
INV2025000401,V031,Ganga Hardware Traders,PO2025000401,GRN2025000401,146.0,146,146,623.84,623.84,0.0,0.0,91080.64,95634.67,PASS,CLEAN,0.0
INV2025000402,V013,Metro Fasteners,PO2025000402,GRN2025000402,150.0,150,150,6736.19,6736.19,0.0,0.0,1010428.5,1192305.63,PASS,CLEAN,0.0
INV2025000403,V027,Crest Chemicals,,GRN2025000403,,0,164,,793.3,,,130101.2,145713.34,HOLD,MISSING_PO,130101.2
INV2025000404,V008,Horizon IT Distribution,PO2025000404,GRN2025000404,65.0,47,47,4711.44,5362.59,13.82,0.0,252041.73,297409.24,HOLD,PRICE_VARIANCE,30604.05
INV2025000405,V004,Delta Engineering Components,PO2025000405,,144.0,144,144,1061.29,1061.29,0.0,0.0,152825.76,171164.85,HOLD,MISSING_GRN,0.0
INV2025000406,V013,Metro Fasteners,PO2025000406,GRN2025000406,19.0,19,19,576.38,576.38,0.0,0.0,10951.22,12922.44,PASS,CLEAN,0.0
INV2025000407,V029,Eagle Stationery Solutions,PO2025000407,GRN2025000407,85.0,85,85,907.14,907.14,0.0,0.0,77106.9,90986.14,PASS,CLEAN,0.0
INV2025000409,V005,Evergreen Facility Products,PO2025000409,,37.0,37,37,880.89,880.89,0.0,0.0,32592.93,36504.08,HOLD,MISSING_GRN,0.0
INV2025000411,V029,Eagle Stationery Solutions,PO2025000411,GRN2025000411,86.0,86,86,1952.1,1952.1,0.0,0.0,167880.6,198099.11,PASS,CLEAN,0.0
INV2025000412,V021,United Process Equipment,PO2025000412,GRN2025000412,204.0,204,204,626.72,626.72,0.0,0.0,127850.88,150864.04,PASS,CLEAN,0.0
INV2025000413,V030,Frontier Components,PO2025000413,GRN2025000413,145.0,145,145,157.83,157.83,0.0,0.0,22885.35,27004.71,PASS,CLEAN,0.0
INV2025000414,V028,Dynamo Power Systems,PO2025000414,GRN2025000414,65.0,65,65,613.72,613.72,0.0,0.0,39891.8,41886.39,PASS,CLEAN,0.0
INV2025000415,V031,Ganga Hardware Traders,PO2025000415,GRN2025000415,186.0,186,188,29154.49,29154.49,0.0,1.08,5481044.12,5755096.33,HOLD,QTY_OVER_RECEIPT,58308.98
INV2025000416,V040,Pioneer Electrical Traders,PO2025000416,GRN2025000416,89.0,70,70,863.79,863.79,0.0,0.0,60465.3,71349.05,PASS,CLEAN,0.0
INV2025000417,V025,Arun Safety & PPE,PO2025000417,GRN2025000417,71.0,71,71,11114.74,11114.74,0.0,0.0,789146.54,883844.12,PASS,CLEAN,0.0
INV2025000418,V008,Horizon IT Distribution,PO2025000418,GRN2025000418,203.0,203,203,177.53,177.53,0.0,0.0,36038.59,42525.54,PASS,CLEAN,0.0
INV2025000419,V010,Jupiter Office Products,PO2025000419,GRN2025000419,131.0,131,131,762.6,762.6,0.0,0.0,99900.6,117882.71,PASS,CLEAN,0.0
INV2025000420,V010,Jupiter Office Products,PO2025000420,GRN2025000420,82.0,82,90,1912.82,1912.82,0.0,9.76,172153.8,203141.48,HOLD,QTY_OVER_RECEIPT,15302.56
INV2025000422,V021,United Process Equipment,PO2025000422,GRN2025000422,69.0,69,69,1524.13,1524.13,0.0,0.0,105164.97,124094.66,PASS,CLEAN,0.0
INV2025000423,V011,Kaveri Industrial Traders,PO2025000423,GRN2025000423,12.0,12,12,773.76,773.76,0.0,0.0,9285.12,10956.44,PASS,CLEAN,0.0
INV2025000424,V003,Crown Packaging Solutions,PO2025000424,GRN2025000424,49.0,30,30,505.19,505.19,0.0,0.0,15155.7,15913.48,PASS,CLEAN,0.0
INV2025000425,V028,Dynamo Power Systems,PO2025000425,GRN2025000425,177.0,177,190,808.65,808.65,0.0,7.34,153643.5,161325.68,HOLD,QTY_OVER_RECEIPT,10512.45
INV2025000426,V027,Crest Chemicals,PO2025000426,GRN2025000426,10.0,10,10,482.39,482.39,0.0,0.0,4823.9,5402.77,PASS,CLEAN,0.0
INV2025000427,V026,Bharat Industrial Stores,PO2025000427,GRN2025000427,35.0,35,35,176.75,176.75,0.0,0.0,6186.25,7299.78,PASS,CLEAN,0.0
INV2025000428,V020,Trident Facility Services,PO2025000428,GRN2025000428,94.0,94,94,974.21,974.21,0.0,0.0,91575.74,102564.83,PASS,CLEAN,0.0
INV2025000429,V038,NexGen Components,PO2025000429,GRN2025000429,218.0,218,218,209.91,209.91,0.0,0.0,45760.38,53997.25,PASS,CLEAN,0.0
INV2025000430,V002,BluePeak Office Systems Pvt Ltd,PO2025000430,GRN2025000430,30.0,30,30,17444.54,19897.57,14.06,0.0,596927.1,668558.35,HOLD,PRICE_VARIANCE,73590.9
INV2025000431,V012,Lotus Packaging India Pvt Ltd,PO2025000431,GRN2025000431,26.0,26,26,683.24,683.24,0.0,0.0,17764.24,19895.95,PASS,CLEAN,0.0
INV2025000432,V029,Eagle Stationery Solutions,PO2025000432,GRN2025000432,51.0,38,38,1493.88,1493.88,0.0,0.0,56767.44,66985.58,PASS,CLEAN,0.0
INV2025000433,V038,NexGen Components,PO2025000433,GRN2025000433,21.0,21,21,689.83,689.83,0.0,0.0,14486.43,17093.99,PASS,CLEAN,0.0
INV2025000434,V036,Lumina Office Technologies,PO2025000434,GRN2025000434,48.0,48,48,605.39,605.39,0.0,0.0,29058.72,34289.29,PASS,CLEAN,0.0
INV2025000435,V021,United Process Equipment,PO2025000435,GRN2025000435,36.0,36,36,291.51,314.64,7.93,0.0,11327.04,13365.91,HOLD,PRICE_VARIANCE,832.68
INV2025000436,V005,Evergreen Facility Products,PO2025000436,GRN2025000436,76.0,76,76,1018.01,1018.01,0.0,0.0,77368.76,86653.01,PASS,CLEAN,0.0
INV2025000437,V027,Crest Chemicals,PO2025000437,GRN2025000437,70.0,70,70,3283.04,3283.04,0.0,0.0,229812.8,257390.34,PASS,CLEAN,0.0
INV2025000438,V028,Dynamo Power Systems,PO2025000438,GRN2025000438,94.0,94,94,865.79,865.79,0.0,0.0,81384.26,85453.47,PASS,CLEAN,0.0
INV2025000439,V007,Gamma Safety Solutions,PO2025000439,GRN2025000439,154.0,154,154,238.35,238.35,0.0,0.0,36705.9,38541.2,PASS,CLEAN,0.0
INV2025000440,V012,Lotus Packaging India Pvt Ltd,PO2025000440,GRN2025000440,167.0,167,167,1666.06,1666.06,0.0,0.0,278232.02,311619.86,PASS,CLEAN,0.0
INV2025000441,V038,NexGen Components,PO2025000441,GRN2025000441,220.0,223,223,178.41,178.41,0.0,0.0,39785.43,46946.81,PASS,CLEAN,0.0
INV2025000442,V035,Keystone Industrial Products,PO2025000442,GRN2025000442,29.0,29,29,454.12,454.12,0.0,0.0,13169.48,14749.82,PASS,CLEAN,0.0
INV2025000443,V020,Trident Facility Services,PO2025000443,GRN2025000443,220.0,220,240,604.14,604.14,0.0,9.09,144993.6,162392.83,HOLD,QTY_OVER_RECEIPT,12082.8
INV2025000444,V027,Crest Chemicals,PO2025000444,GRN2025000444,136.0,136,136,738.15,738.15,0.0,0.0,100388.4,112435.01,PASS,CLEAN,0.0
INV2025000445,V025,Arun Safety & PPE,PO2025000445,GRN2025000445,18.0,18,18,39390.84,39390.84,0.0,0.0,709035.12,794119.33,PASS,CLEAN,0.0
INV2026000445,V025,Arun Safety & PPE,PO2025000445,GRN2025000445,18.0,18,18,39390.84,39390.84,0.0,0.0,709035.12,794119.33,HOLD,DUPLICATE_AMOUNT_VENDOR,0.0
INV2025000446,V015,Orbit Maintenance Supplies,PO2025000446,GRN2025000446,23.0,20,20,258.73,258.73,0.0,0.0,5174.6,6106.03,PASS,CLEAN,0.0
INV2025000447,V018,Ridgeway Bearings,PO2025000447,GRN2025000447,20.0,20,20,119.07,119.07,0.0,0.0,2381.4,2500.47,PASS,CLEAN,0.0
INV2025000448,V013,Metro Fasteners,PO2025000448,GRN2025000448,48.0,48,48,510.81,510.81,0.0,0.0,24518.88,28932.28,PASS,CLEAN,0.0
INV2025000449,V028,Dynamo Power Systems,PO2025000449,GRN2025000449,83.0,83,83,732.45,863.29,17.86,0.0,71653.07,75235.72,HOLD,PRICE_VARIANCE,10859.72
INV2025000450,V026,Bharat Industrial Stores,PO2025000450,GRN2025000450,235.0,235,235,3067.68,3067.68,0.0,0.0,720904.8,850667.66,PASS,CLEAN,0.0
INV2025000451,V014,Nova Tech Systems,PO2025000451,GRN2025000451,73.0,58,58,1033.72,1033.72,0.0,0.0,59955.76,62953.55,PASS,CLEAN,0.0
INV2025000452,V033,Innovatech Solutions,PO2025000452,GRN2025000452,113.0,113,113,201.94,201.94,0.0,0.0,22819.22,23960.18,PASS,CLEAN,0.0
INV2025000453,V018,Ridgeway Bearings,PO2025000453,GRN2025000453,234.0,234,234,570.66,570.66,0.0,0.0,133534.44,140211.16,PASS,CLEAN,0.0
INV2025000454,V022,Vertex Automation,PO2025000454,GRN2025000454,188.0,188,188,742.8,742.8,0.0,0.0,139646.4,164782.75,PASS,CLEAN,0.0
INV2025000455,V040,Pioneer Electrical Traders,PO2025000455,GRN2025000455,215.0,215,215,1000.66,1000.66,0.0,0.0,215141.9,253867.44,PASS,CLEAN,0.0
INV2025000456,V014,Nova Tech Systems,PO2025000456,GRN2025000456,214.0,214,214,774.89,774.89,0.0,0.0,165826.46,174117.78,PASS,CLEAN,0.0
INV2025000457,V002,BluePeak Office Systems Pvt Ltd,PO2025000457,GRN2025000457,125.0,125,125,924.68,924.68,0.0,0.0,115585.0,129455.2,PASS,CLEAN,0.0
INV2025000458,V005,Evergreen Facility Products,PO2025000458,GRN2025000458,243.0,243,243,909.65,909.65,0.0,0.0,221044.95,247570.34,PASS,CLEAN,0.0
INV2025000459,V033,Innovatech Solutions,PO2025000459,GRN2025000459,131.0,131,131,730.17,730.17,0.0,0.0,95652.27,100434.88,PASS,CLEAN,0.0
INV2025000460,V028,Dynamo Power Systems,PO2025000460,GRN2025000460,40.0,40,40,911.96,911.96,0.0,0.0,36478.4,38302.32,PASS,CLEAN,0.0
INV2025000461,V001,Apex Industrial Supplies Pvt Ltd,PO2025000461,GRN2025000461,177.0,177,177,1387.18,1387.18,0.0,0.0,245530.86,257807.4,PASS,CLEAN,0.0
INV2025000462,V014,Nova Tech Systems,PO2025000462,GRN2025000462,137.0,137,137,623.31,623.31,0.0,0.0,85393.47,89663.14,PASS,CLEAN,0.0
INV2025000463,V039,Omkar Facility Products,PO2025000463,GRN2025000463,30.0,23,23,896.37,896.37,0.0,0.0,20616.51,21647.34,PASS,CLEAN,0.0
INV2025000464,V002,BluePeak Office Systems Pvt Ltd,PO2025000464,GRN2025000464,126.0,126,126,1363.17,1363.17,0.0,0.0,171759.42,192370.55,PASS,CLEAN,0.0
INV2025000465,V004,Delta Engineering Components,PO2025000465,GRN2025000465,47.0,42,42,625.83,625.83,0.0,0.0,26284.86,29439.04,PASS,CLEAN,0.0
INV2025000466,V008,Horizon IT Distribution,PO2025000466,GRN2025000466,36.0,36,36,648.47,648.47,0.0,0.0,23344.92,27547.01,PASS,CLEAN,0.0
INV2025000467,V017,Quantum Electricals,PO2025000467,GRN2025000467,187.0,187,187,1197.75,1197.75,0.0,0.0,223979.25,264295.51,PASS,CLEAN,0.0
INV2025000468,V016,Prime Tools & Components,PO2025000468,GRN2025000468,201.0,201,201,22530.02,22530.02,0.0,0.0,4528534.02,5071958.1,PASS,CLEAN,0.0
INV2025000469,V003,Crown Packaging Solutions,PO2025000469,GRN2025000469,202.0,202,202,366.29,366.29,0.0,0.0,73990.58,77690.11,PASS,CLEAN,0.0
INV2025000470,V013,Metro Fasteners,PO2025000470,GRN2025000470,111.0,111,111,1135.17,1135.17,0.0,0.0,126003.87,148684.57,PASS,CLEAN,0.0
INV2025000471,V031,Ganga Hardware Traders,PO2025000471,GRN2025000471,37.0,37,37,915.6,915.6,0.0,0.0,33877.2,35571.06,PASS,CLEAN,0.0
INV2025000472,V021,United Process Equipment,PO2025000472,GRN2025000472,223.0,223,223,19540.65,19540.65,0.0,0.0,4357564.95,5141926.64,PASS,CLEAN,0.0
INV2025000473,V012,Lotus Packaging India Pvt Ltd,PO2025000473,GRN2025000473,156.0,156,156,792.95,792.95,0.0,0.0,123700.2,138544.22,PASS,CLEAN,0.0
INV2025000475,V005,Evergreen Facility Products,PO2025000475,GRN2025000475,194.0,194,194,24126.97,24126.97,0.0,0.0,4680632.18,5242308.04,PASS,CLEAN,0.0
INV2025000476,V009,Indus Mechanical Works,PO2025000476,GRN2025000476,162.0,101,101,1053.71,1053.71,0.0,0.0,106424.71,119195.68,PASS,CLEAN,0.0
INV2025000477,V031,Ganga Hardware Traders,,GRN2025000477,,0,69,,516.11,,,35611.59,37392.17,HOLD,MISSING_PO,35611.59
INV2025000478,V013,Metro Fasteners,PO2025000478,GRN2025000478,219.0,219,219,624.24,624.24,0.0,0.0,136708.56,161316.1,PASS,CLEAN,0.0
INV2025000479,V003,Crown Packaging Solutions,PO2025000479,GRN2025000479,120.0,120,117,24134.92,24134.92,0.0,-2.5,2823785.64,2964974.92,PASS,CLEAN,0.0
INV2025000480,V039,Omkar Facility Products,PO2025000480,GRN2025000480,145.0,145,145,6586.74,6586.74,0.0,0.0,955077.3,1002831.16,PASS,CLEAN,0.0
INV2025000481,V032,Helios Controls,PO2025000481,,82.0,82,82,1489.54,1489.54,0.0,0.0,122142.28,144127.89,HOLD,MISSING_GRN,0.0
INV2025000482,V040,Pioneer Electrical Traders,PO2025000482,GRN2025000482,123.0,123,123,390.24,390.24,0.0,0.0,47999.52,56639.43,PASS,CLEAN,0.0
INV2025000483,V015,Orbit Maintenance Supplies,PO2025000483,GRN2025000483,11.0,11,11,6979.89,6979.89,0.0,0.0,76778.79,90598.97,PASS,CLEAN,0.0
INV2025000484,V012,Lotus Packaging India Pvt Ltd,PO2025000484,GRN2025000484,13.0,13,13,785.11,785.11,0.0,0.0,10206.43,11431.2,PASS,CLEAN,0.0
INV2025000485,V040,Pioneer Electrical Traders,PO2025000485,GRN2025000485,17.0,17,17,1928.84,1928.84,0.0,0.0,32790.28,38692.53,PASS,CLEAN,0.0
INV2025000486,V029,Eagle Stationery Solutions,PO2025000486,GRN2025000486,190.0,190,190,800.21,800.21,0.0,0.0,152039.9,179407.08,PASS,CLEAN,0.0
INV2025000487,V017,Quantum Electricals,PO2025000487,GRN2025000487,234.0,234,234,1163.65,1163.65,0.0,0.0,272294.1,321307.04,PASS,CLEAN,0.0
INV2025000488,V029,Eagle Stationery Solutions,PO2025000488,GRN2025000488,201.0,201,201,29367.98,29367.98,0.0,0.0,5902963.98,6965497.5,PASS,CLEAN,0.0
INV2025000489,V009,Indus Mechanical Works,PO2025000489,GRN2025000489,144.0,144,144,572.67,572.67,0.0,0.0,82464.48,92360.22,PASS,CLEAN,0.0
INV2025000490,V039,Omkar Facility Products,PO2025000490,GRN2025000490,111.0,111,113,1151.05,1151.05,0.0,1.8,130068.65,136572.08,HOLD,QTY_OVER_RECEIPT,2302.1
INV2025000491,V029,Eagle Stationery Solutions,PO2025000491,GRN2025000491,216.0,216,216,957.56,957.56,0.0,0.0,206832.96,244062.89,PASS,CLEAN,0.0
INV2025000492,V021,United Process Equipment,PO2025000492,GRN2025000492,159.0,159,159,1437.74,1437.74,0.0,0.0,228600.66,269748.78,PASS,CLEAN,0.0
INV2026000492,V021,United Process Equipment,PO2025000492,GRN2025000492,159.0,159,159,1437.74,1437.74,0.0,0.0,228600.66,269748.78,HOLD,DUPLICATE_AMOUNT_VENDOR,0.0
INV2025000493,V007,Gamma Safety Solutions,PO2025000493,GRN2025000493,83.0,83,83,744.9,744.9,0.0,0.0,61826.7,64918.04,PASS,CLEAN,0.0
INV2025000494,V009,Indus Mechanical Works,PO2025000494,GRN2025000494,166.0,155,155,419.36,419.36,0.0,0.0,65000.8,72800.9,PASS,CLEAN,0.0
INV2025000495,V015,Orbit Maintenance Supplies,PO2025000495,GRN2025000495,177.0,177,177,1144.26,1144.26,0.0,0.0,202534.02,238990.14,PASS,CLEAN,0.0
INV2025000496,V012,Lotus Packaging India Pvt Ltd,PO2025000496,GRN2025000496,58.0,54,54,343.21,343.21,0.0,0.0,18533.34,20757.34,PASS,CLEAN,0.0
INV2025000497,V001,Apex Industrial Supplies Pvt Ltd,PO2025000497,GRN2025000497,82.0,82,82,10641.61,10641.61,0.0,0.0,872612.02,916242.62,PASS,CLEAN,0.0
INV2025000498,V020,Trident Facility Services,PO2025000498,,105.0,105,105,2645.49,2645.49,0.0,0.0,277776.45,311109.62,HOLD,MISSING_GRN,0.0
INV2025000499,V011,Kaveri Industrial Traders,PO2025000499,GRN2025000499,41.0,41,41,12047.62,12047.62,0.0,0.0,493952.42,582863.86,PASS,CLEAN,0.0
INV2025000500,V034,Jade Logistics Supplies,PO2025000500,GRN2025000500,142.0,142,142,152.37,152.37,0.0,0.0,21636.54,25531.12,PASS,CLEAN,0.0
INV2025000501,V006,Falcon Electricals India Pvt Ltd,PO2025000501,GRN2025000501,211.0,211,211,2239.6,2239.6,0.0,0.0,472555.6,496183.38,PASS,CLEAN,0.0
INV2025000502,V015,Orbit Maintenance Supplies,PO2025000502,GRN2025000502,69.0,55,55,127.71,127.71,0.0,0.0,7024.05,8288.38,PASS,CLEAN,0.0
INV2025000503,V023,Westline Consumables,PO2025000503,GRN2025000503,74.0,74,74,526.73,526.73,0.0,0.0,38978.02,43655.38,PASS,CLEAN,0.0
INV2025000504,V015,Orbit Maintenance Supplies,PO2025000504,GRN2025000504,162.0,162,162,2181.08,2181.08,0.0,0.0,353334.96,416935.25,PASS,CLEAN,0.0
INV2025000505,V026,Bharat Industrial Stores,PO2025000505,GRN2025000505,60.0,60,60,711.95,711.95,0.0,0.0,42717.0,50406.06,PASS,CLEAN,0.0
INV2025000506,V018,Ridgeway Bearings,PO2025000506,GRN2025000506,56.0,56,56,1237.98,1237.98,0.0,0.0,69326.88,72793.22,PASS,CLEAN,0.0
INV2025000507,V033,Innovatech Solutions,PO2025000507,GRN2025000507,170.0,116,116,431.73,431.73,0.0,0.0,50080.68,52584.71,PASS,CLEAN,0.0
INV2025000509,V005,Evergreen Facility Products,PO2025000509,GRN2025000509,53.0,53,53,176.75,176.75,0.0,0.0,9367.75,10491.88,PASS,CLEAN,0.0
INV2025000511,V004,Delta Engineering Components,PO2025000511,GRN2025000511,233.0,233,233,91.72,91.72,0.0,0.0,21370.76,23935.25,PASS,CLEAN,0.0
INV2025000512,V034,Jade Logistics Supplies,PO2025000512,GRN2025000512,156.0,156,145,22089.19,22089.19,0.0,-7.05,3202932.55,3779460.41,PASS,CLEAN,0.0
INV2025000513,V033,Innovatech Solutions,PO2025000513,GRN2025000513,60.0,60,60,659.46,659.46,0.0,0.0,39567.6,41545.98,PASS,CLEAN,0.0
INV2025000514,V036,Lumina Office Technologies,PO2025000514,GRN2025000514,41.0,29,29,708.27,708.27,0.0,0.0,20539.83,24237.0,PASS,CLEAN,0.0
INV2025000515,V013,Metro Fasteners,PO2025000515,GRN2025000515,98.0,98,98,22752.45,22752.45,0.0,0.0,2229740.1,2631093.32,PASS,CLEAN,0.0
INV2025000516,V014,Nova Tech Systems,PO2025000516,GRN2025000516,80.0,48,48,437.93,437.93,0.0,0.0,21020.64,22071.67,PASS,CLEAN,0.0
INV2025000517,V022,Vertex Automation,PO2025000517,GRN2025000517,177.0,177,177,474.82,474.82,0.0,0.0,84043.14,99170.91,PASS,CLEAN,0.0
INV2025000518,V026,Bharat Industrial Stores,PO2025000518,GRN2025000518,91.0,91,91,1143.47,1143.47,0.0,0.0,104055.77,122785.81,PASS,CLEAN,0.0
INV2025000519,V008,Horizon IT Distribution,PO2025000519,GRN2025000519,187.0,187,187,17212.78,17212.78,0.0,0.0,3218789.86,3798172.03,PASS,CLEAN,0.0
INV2025000520,V039,Omkar Facility Products,PO2025000520,GRN2025000520,29.0,30,30,695.19,695.19,0.0,0.0,20855.7,21898.49,PASS,CLEAN,0.0
INV2025000521,V005,Evergreen Facility Products,PO2025000521,GRN2025000521,133.0,133,133,148.06,148.06,0.0,0.0,19691.98,22055.02,PASS,CLEAN,0.0
INV2025000522,V004,Delta Engineering Components,PO2025000522,GRN2025000522,48.0,29,30,617.67,617.67,0.0,3.45,18530.1,20753.71,HOLD,QTY_OVER_RECEIPT,617.67
INV2025000523,V026,Bharat Industrial Stores,PO2025000523,GRN2025000523,15.0,15,15,916.58,916.58,0.0,0.0,13748.7,16223.47,PASS,CLEAN,0.0
INV2025000524,V003,Crown Packaging Solutions,PO2025000524,GRN2025000524,60.0,60,60,3730.24,3730.24,0.0,0.0,223814.4,235005.12,PASS,CLEAN,0.0
INV2025000525,V019,Sigma Industrial Products,PO2025000525,GRN2025000525,245.0,245,245,811.29,847.22,4.43,0.0,207568.9,232477.17,HOLD,PRICE_VARIANCE,8802.85
INV2025000526,V034,Jade Logistics Supplies,PO2025000526,GRN2025000526,86.0,86,86,1271.84,1271.84,0.0,0.0,109378.24,129066.32,PASS,CLEAN,0.0
INV2025000527,V013,Metro Fasteners,PO2025000527,GRN2025000527,47.0,47,47,133.06,133.06,0.0,0.0,6253.82,7379.51,PASS,CLEAN,0.0
INV2025000528,V040,Pioneer Electrical Traders,PO2025000528,GRN2025000528,233.0,233,233,1153.29,1153.29,0.0,0.0,268716.57,317085.55,PASS,CLEAN,0.0
INV2025000529,V039,Omkar Facility Products,PO2025000529,GRN2025000529,181.0,181,181,768.95,768.95,0.0,0.0,139179.95,146138.95,PASS,CLEAN,0.0
INV2025000530,V011,Kaveri Industrial Traders,PO2025000530,GRN2025000530,164.0,164,164,170.13,170.13,0.0,0.0,27901.32,32923.56,PASS,CLEAN,0.0
INV2025000531,V031,Ganga Hardware Traders,PO2025000531,GRN2025000531,137.0,137,137,145.03,145.03,0.0,0.0,19869.11,20862.57,PASS,CLEAN,0.0
INV2025000532,V002,BluePeak Office Systems Pvt Ltd,PO2025000532,GRN2025000532,112.0,112,112,28045.78,28045.78,0.0,0.0,3141127.36,3518062.64,PASS,CLEAN,0.0
INV2025000533,V027,Crest Chemicals,PO2025000533,GRN2025000533,68.0,68,68,113.58,113.58,0.0,0.0,7723.44,8650.25,PASS,CLEAN,0.0
INV2025000534,V020,Trident Facility Services,PO2025000534,GRN2025000534,208.0,208,208,216.18,216.18,0.0,0.0,44965.44,50361.29,PASS,CLEAN,0.0
INV2025000535,V020,Trident Facility Services,PO2025000535,GRN2025000535,177.0,177,177,769.64,769.64,0.0,0.0,136226.28,152573.43,PASS,CLEAN,0.0
INV2025000536,V030,Frontier Components,PO2025000536,,228.0,228,228,658.07,658.07,0.0,0.0,150039.96,177047.15,HOLD,MISSING_GRN,0.0
INV2025000537,V004,Delta Engineering Components,PO2025000537,GRN2025000537,103.0,103,103,464.61,464.61,0.0,0.0,47854.83,53597.41,PASS,CLEAN,0.0
INV2025000538,V014,Nova Tech Systems,PO2025000538,GRN2025000538,183.0,183,183,547.91,547.91,0.0,0.0,100267.53,105280.91,PASS,CLEAN,0.0
INV2025000539,V007,Gamma Safety Solutions,PO2025000539,GRN2025000539,46.0,46,46,392.54,392.54,0.0,0.0,18056.84,18959.68,PASS,CLEAN,0.0
INV2025000540,V009,Indus Mechanical Works,PO2025000540,GRN2025000540,149.0,149,149,16250.48,16250.48,0.0,0.0,2421321.52,2711880.1,PASS,CLEAN,0.0
INV2025000541,V018,Ridgeway Bearings,PO2025000541,GRN2025000541,78.0,78,78,1677.59,1677.59,0.0,0.0,130852.02,137394.62,PASS,CLEAN,0.0
INV2025000542,V020,Trident Facility Services,PO2025000542,GRN2025000542,82.0,82,82,25480.36,25480.36,0.0,0.0,2089389.52,2340116.26,PASS,CLEAN,0.0
INV2025000543,V035,Keystone Industrial Products,PO2025000543,GRN2025000543,217.0,217,217,1004.67,1004.67,0.0,0.0,218013.39,244175.0,PASS,CLEAN,0.0
INV2025000544,V017,Quantum Electricals,PO2025000544,GRN2025000544,250.0,250,250,6247.52,6247.52,0.0,0.0,1561880.0,1843018.4,PASS,CLEAN,0.0
INV2025000545,V026,Bharat Industrial Stores,PO2025000545,GRN2025000545,158.0,158,158,212.97,212.97,0.0,0.0,33649.26,39706.13,PASS,CLEAN,0.0
INV2025000546,V004,Delta Engineering Components,PO2025000546,GRN2025000546,178.0,178,178,2284.66,2284.66,0.0,0.0,406669.48,455469.82,PASS,CLEAN,0.0
INV2025000547,V021,United Process Equipment,PO2025000547,GRN2025000547,65.0,65,65,474.31,474.31,0.0,0.0,30830.15,36379.58,PASS,CLEAN,0.0
INV2025000548,V020,Trident Facility Services,PO2025000548,GRN2025000548,111.0,111,120,132.38,132.38,0.0,8.11,15885.6,17791.87,HOLD,QTY_OVER_RECEIPT,1191.42
INV2025000549,V019,Sigma Industrial Products,PO2025000549,GRN2025000549,167.0,118,118,450.09,490.88,9.06,0.0,57923.84,64874.7,HOLD,PRICE_VARIANCE,4813.22
INV2025000551,V011,Kaveri Industrial Traders,PO2025000551,GRN2025000551,198.0,198,198,898.0,898.0,0.0,0.0,177804.0,209808.72,PASS,CLEAN,0.0
INV2025000552,V008,Horizon IT Distribution,PO2025000552,GRN2025000552,33.0,33,35,227.11,227.11,0.0,6.06,7948.85,9379.64,HOLD,QTY_OVER_RECEIPT,454.22
INV2025000553,V006,Falcon Electricals India Pvt Ltd,PO2025000553,GRN2025000553,237.0,237,237,1165.04,1165.04,0.0,0.0,276114.48,289920.2,PASS,CLEAN,0.0
INV2025000554,V034,Jade Logistics Supplies,PO2025000554,GRN2025000554,233.0,233,233,902.85,902.85,0.0,0.0,210364.05,248229.58,PASS,CLEAN,0.0
INV2025000555,V009,Indus Mechanical Works,PO2025000555,GRN2025000555,25.0,25,25,103.22,103.22,0.0,0.0,2580.5,2890.16,PASS,CLEAN,0.0
INV2025000556,V003,Crown Packaging Solutions,PO2025000556,,191.0,191,191,179.15,179.15,0.0,0.0,34217.65,35928.53,HOLD,MISSING_GRN,0.0
INV2025000557,V023,Westline Consumables,PO2025000557,GRN2025000557,86.0,86,86,3068.5,3068.5,0.0,0.0,263891.0,295557.92,PASS,CLEAN,0.0
INV2025000558,V001,Apex Industrial Supplies Pvt Ltd,PO2025000558,GRN2025000558,207.0,207,207,1387.01,1387.01,0.0,0.0,287111.07,301466.62,PASS,CLEAN,0.0
INV2025000559,V023,Westline Consumables,PO2025000559,GRN2025000559,173.0,173,173,195.87,195.87,0.0,0.0,33885.51,37951.77,PASS,CLEAN,0.0
INV2025000560,V007,Gamma Safety Solutions,PO2025000560,GRN2025000560,116.0,102,102,1214.25,1214.25,0.0,0.0,123853.5,130046.18,PASS,CLEAN,0.0
INV2025000561,V021,United Process Equipment,PO2025000561,GRN2025000561,115.0,115,115,11351.99,11351.99,0.0,0.0,1305478.85,1540465.04,PASS,CLEAN,0.0
INV2026000561,V021,United Process Equipment,PO2025000561,GRN2025000561,115.0,115,115,11351.99,11351.99,0.0,0.0,1305478.85,1540465.04,HOLD,DUPLICATE_AMOUNT_VENDOR,0.0
INV2025000562,V007,Gamma Safety Solutions,PO2025000562,GRN2025000562,134.0,134,134,3475.38,3475.38,0.0,0.0,465700.92,488985.97,PASS,CLEAN,0.0
INV2025000563,V038,NexGen Components,PO2025000563,GRN2025000563,240.0,240,240,4926.47,4926.47,0.0,0.0,1182352.8,1395176.3,PASS,CLEAN,0.0
INV2025000564,V013,Metro Fasteners,PO2025000564,GRN2025000564,205.0,205,205,13729.53,13729.53,0.0,0.0,2814553.65,3321173.31,PASS,CLEAN,0.0
INV2025000565,V029,Eagle Stationery Solutions,PO2025000565,GRN2025000565,54.0,54,54,1898.81,1898.81,0.0,0.0,102535.74,120992.17,PASS,CLEAN,0.0
INV2025000566,V039,Omkar Facility Products,PO2025000566,GRN2025000566,90.0,90,90,1001.95,1001.95,0.0,0.0,90175.5,94684.27,PASS,CLEAN,0.0
INV2025000567,V040,Pioneer Electrical Traders,PO2025000567,GRN2025000567,249.0,249,249,12318.5,12318.5,0.0,0.0,3067306.5,3619421.67,PASS,CLEAN,0.0
INV2025000568,V021,United Process Equipment,PO2025000568,GRN2025000568,102.0,102,102,1155.12,1155.12,0.0,0.0,117822.24,139030.24,PASS,CLEAN,0.0
INV2025000569,V011,Kaveri Industrial Traders,PO2025000569,GRN2025000569,250.0,250,250,34949.51,34949.51,0.0,0.0,8737377.5,10310105.45,PASS,CLEAN,0.0
INV2025000570,V031,Ganga Hardware Traders,PO2025000570,GRN2025000570,158.0,103,103,164.53,164.53,0.0,0.0,16946.59,17793.92,PASS,CLEAN,0.0
INV2025000571,V018,Ridgeway Bearings,PO2025000571,GRN2025000571,198.0,198,198,370.14,370.14,0.0,0.0,73287.72,76952.11,PASS,CLEAN,0.0
INV2025000572,V028,Dynamo Power Systems,PO2025000572,GRN2025000572,52.0,52,52,610.03,610.03,0.0,0.0,31721.56,33307.64,PASS,CLEAN,0.0
INV2025000573,V038,NexGen Components,PO2025000573,GRN2025000573,235.0,235,235,756.06,781.57,3.37,0.0,183668.95,216729.36,HOLD,PRICE_VARIANCE,5994.85
INV2025000574,V032,Helios Controls,PO2025000574,GRN2025000574,204.0,204,204,1081.42,1081.42,0.0,0.0,220609.68,260319.42,PASS,CLEAN,0.0
INV2025000575,V014,Nova Tech Systems,PO2025000575,GRN2025000575,192.0,192,208,178.55,178.55,0.0,8.33,37138.4,38995.32,HOLD,QTY_OVER_RECEIPT,2856.8
INV2025000576,V027,Crest Chemicals,PO2025000576,GRN2025000576,124.0,84,84,4025.31,4025.31,0.0,0.0,338126.04,378701.16,PASS,CLEAN,0.0
INV2025000577,V030,Frontier Components,PO2025000577,GRN2025000577,233.0,233,233,758.1,758.1,0.0,0.0,176637.3,208432.01,PASS,CLEAN,0.0
INV2025000578,V020,Trident Facility Services,PO2025000578,GRN2025000578,180.0,180,180,189.1,189.1,0.0,0.0,34038.0,38122.56,PASS,CLEAN,0.0
INV2025000579,V007,Gamma Safety Solutions,PO2025000579,GRN2025000579,108.0,61,61,930.03,930.03,0.0,0.0,56731.83,59568.42,PASS,CLEAN,0.0
INV2025000580,V013,Metro Fasteners,PO2025000580,GRN2025000580,28.0,28,28,13214.04,13214.04,0.0,0.0,369993.12,436591.88,PASS,CLEAN,0.0
INV2025000581,V029,Eagle Stationery Solutions,PO2025000581,,32.0,32,32,133.82,133.82,0.0,0.0,4282.24,5053.04,HOLD,MISSING_GRN,0.0
INV2025000582,V018,Ridgeway Bearings,PO2025000582,GRN2025000582,85.0,72,72,212.76,212.76,0.0,0.0,15318.72,16084.66,PASS,CLEAN,0.0
INV2025000583,V011,Kaveri Industrial Traders,PO2025000583,GRN2025000583,139.0,86,86,545.21,545.21,0.0,0.0,46888.06,55327.91,PASS,CLEAN,0.0
INV2025000584,V003,Crown Packaging Solutions,PO2025000584,GRN2025000584,158.0,158,158,506.54,506.54,0.0,0.0,80033.32,84034.99,PASS,CLEAN,0.0
INV2025000585,V001,Apex Industrial Supplies Pvt Ltd,PO2025000585,,162.0,162,162,910.34,910.34,0.0,0.0,147475.08,154848.83,HOLD,MISSING_GRN,0.0
INV2025000586,V016,Prime Tools & Components,PO2025000586,GRN2025000586,37.0,37,37,763.54,763.54,0.0,0.0,28250.98,31641.1,PASS,CLEAN,0.0
INV2025000587,V034,Jade Logistics Supplies,PO2025000587,GRN2025000587,3.0,3,3,200.17,215.62,7.72,0.0,646.86,763.29,HOLD,PRICE_VARIANCE,46.35
INV2025000588,V013,Metro Fasteners,PO2025000588,GRN2025000588,170.0,170,170,1353.79,1353.79,0.0,0.0,230144.3,271570.27,PASS,CLEAN,0.0
INV2025000589,V020,Trident Facility Services,PO2025000589,GRN2025000589,34.0,34,34,241.38,241.38,0.0,0.0,8206.92,9191.75,PASS,CLEAN,0.0
INV2025000590,V022,Vertex Automation,PO2025000590,GRN2025000590,169.0,121,121,1874.22,1874.22,0.0,0.0,226780.62,267601.13,PASS,CLEAN,0.0
INV2025000592,V036,Lumina Office Technologies,PO2025000592,GRN2025000592,227.0,227,227,449.9,449.9,0.0,0.0,102127.3,120510.21,PASS,CLEAN,0.0
INV2025000593,V015,Orbit Maintenance Supplies,PO2025000593,GRN2025000593,61.0,63,63,255.89,255.89,0.0,0.0,16121.07,19022.86,PASS,CLEAN,0.0
INV2025000594,V032,Helios Controls,PO2025000594,GRN2025000594,155.0,155,155,843.6,843.6,0.0,0.0,130758.0,154294.44,PASS,CLEAN,0.0
INV2025000595,V022,Vertex Automation,PO2025000595,GRN2025000595,54.0,54,54,648.2,648.2,0.0,0.0,35002.8,41303.3,PASS,CLEAN,0.0
INV2025000596,V020,Trident Facility Services,PO2025000596,GRN2025000596,24.0,24,23,10628.81,10628.81,0.0,-4.17,244462.63,273798.15,PASS,CLEAN,0.0
INV2025000597,V019,Sigma Industrial Products,PO2025000597,GRN2025000597,199.0,199,199,1274.28,1274.28,0.0,0.0,253581.72,284011.53,PASS,CLEAN,0.0
INV2025000598,V024,Zenith Engineering Supplies,PO2025000598,GRN2025000598,244.0,244,244,1935.77,1935.77,0.0,0.0,472327.88,529007.23,PASS,CLEAN,0.0
INV2025000599,V012,Lotus Packaging India Pvt Ltd,PO2025000599,GRN2025000599,184.0,184,184,3374.08,3374.08,0.0,0.0,620830.72,695330.41,PASS,CLEAN,0.0
INV2025000600,V030,Frontier Components,PO2025000600,GRN2025000600,242.0,242,242,171.55,171.55,0.0,0.0,41515.1,48987.82,PASS,CLEAN,0.0
INV2025000601,V013,Metro Fasteners,PO2025000601,GRN2025000601,126.0,126,126,1923.38,1923.38,0.0,0.0,242345.88,285968.14,PASS,CLEAN,0.0
INV2025000602,V006,Falcon Electricals India Pvt Ltd,PO2025000602,GRN2025000602,48.0,48,48,25857.57,25857.57,0.0,0.0,1241163.36,1303221.53,PASS,CLEAN,0.0
INV2025000603,V011,Kaveri Industrial Traders,PO2025000603,GRN2025000603,33.0,33,33,951.34,951.34,0.0,0.0,31394.22,37045.18,PASS,CLEAN,0.0
INV2025000604,V001,Apex Industrial Supplies Pvt Ltd,PO2025000604,GRN2025000604,40.0,40,40,150.61,150.61,0.0,0.0,6024.4,6325.62,PASS,CLEAN,0.0
INV2025000605,V029,Eagle Stationery Solutions,PO2025000605,GRN2025000605,4.0,4,4,888.74,989.22,11.31,0.0,3956.88,4669.12,HOLD,PRICE_VARIANCE,401.92
INV2025000606,V031,Ganga Hardware Traders,,GRN2025000606,,0,126,,25228.31,,,3178767.06,3337705.41,HOLD,MISSING_PO,3178767.06
INV2025000607,V034,Jade Logistics Supplies,PO2025000607,GRN2025000607,230.0,230,230,699.18,699.18,0.0,0.0,160811.4,189757.45,PASS,CLEAN,0.0
INV2025000608,V032,Helios Controls,PO2025000608,GRN2025000608,169.0,169,169,197.51,197.51,0.0,0.0,33379.19,39387.44,PASS,CLEAN,0.0
INV2025000609,V026,Bharat Industrial Stores,PO2025000609,GRN2025000609,219.0,219,219,2250.92,2250.92,0.0,0.0,492951.48,581682.75,PASS,CLEAN,0.0
INV2025000610,V040,Pioneer Electrical Traders,PO2025000610,GRN2025000610,230.0,230,230,11720.45,11720.45,0.0,0.0,2695703.5,3180930.13,PASS,CLEAN,0.0
INV2025000611,V040,Pioneer Electrical Traders,PO2025000611,GRN2025000611,187.0,187,187,1028.03,1028.03,0.0,0.0,192241.61,226845.1,PASS,CLEAN,0.0
INV2025000612,V039,Omkar Facility Products,PO2025000612,GRN2025000612,20.0,20,20,418.87,418.87,0.0,0.0,8377.4,8796.27,PASS,CLEAN,0.0
INV2025000613,V006,Falcon Electricals India Pvt Ltd,PO2025000613,GRN2025000613,162.0,130,130,1423.77,1423.77,0.0,0.0,185090.1,194344.6,PASS,CLEAN,0.0
INV2025000614,V005,Evergreen Facility Products,PO2025000614,GRN2025000614,218.0,218,218,4177.34,4177.34,0.0,0.0,910660.12,1019939.33,PASS,CLEAN,0.0
INV2025000615,V018,Ridgeway Bearings,PO2025000615,GRN2025000615,177.0,177,177,211.75,211.75,0.0,0.0,37479.75,39353.74,PASS,CLEAN,0.0
INV2025000616,V008,Horizon IT Distribution,PO2025000616,GRN2025000616,32.0,32,32,132.37,132.37,0.0,0.0,4235.84,4998.29,PASS,CLEAN,0.0
INV2025000617,V040,Pioneer Electrical Traders,PO2025000617,GRN2025000617,188.0,164,164,639.72,639.72,0.0,0.0,104914.08,123798.61,PASS,CLEAN,0.0
INV2025000618,V005,Evergreen Facility Products,PO2025000618,GRN2025000618,103.0,103,103,1120.23,1120.23,0.0,0.0,115383.69,129229.73,PASS,CLEAN,0.0
INV2025000619,V028,Dynamo Power Systems,PO2025000619,GRN2025000619,42.0,42,42,687.85,687.85,0.0,0.0,28889.7,30334.18,PASS,CLEAN,0.0
INV2025000620,V014,Nova Tech Systems,PO2025000620,GRN2025000620,172.0,172,161,679.53,679.53,0.0,-6.4,109404.33,114874.55,PASS,CLEAN,0.0
INV2025000621,V002,BluePeak Office Systems Pvt Ltd,PO2025000621,GRN2025000621,34.0,32,32,758.07,758.07,0.0,0.0,24258.24,27169.23,PASS,CLEAN,0.0
INV2025000622,V031,Ganga Hardware Traders,PO2025000622,GRN2025000622,88.0,88,88,784.0,784.0,0.0,0.0,68992.0,72441.6,PASS,CLEAN,0.0
INV2025000623,V030,Frontier Components,PO2025000623,GRN2025000623,183.0,183,183,127.31,127.31,0.0,0.0,23297.73,27491.32,PASS,CLEAN,0.0
INV2025000624,V010,Jupiter Office Products,PO2025000624,GRN2025000624,195.0,195,179,26329.43,26329.43,0.0,-8.21,4712967.97,5561302.2,PASS,CLEAN,0.0
INV2025000625,V012,Lotus Packaging India Pvt Ltd,PO2025000625,GRN2025000625,126.0,126,126,24326.73,24326.73,0.0,0.0,3065167.98,3432988.14,PASS,CLEAN,0.0
INV2025000626,V010,Jupiter Office Products,PO2025000626,GRN2025000626,111.0,111,111,391.18,391.18,0.0,0.0,43420.98,51236.76,PASS,CLEAN,0.0
INV2026000626,V010,Jupiter Office Products,PO2025000626,GRN2025000626,111.0,111,111,391.18,391.18,0.0,0.0,43420.98,51236.76,HOLD,DUPLICATE_AMOUNT_VENDOR,0.0
INV2025000627,V017,Quantum Electricals,PO2025000627,GRN2025000627,137.0,137,137,188.3,188.3,0.0,0.0,25797.1,30440.58,PASS,CLEAN,0.0
INV2025000628,V011,Kaveri Industrial Traders,PO2025000628,GRN2025000628,152.0,152,152,1305.45,1305.45,0.0,0.0,198428.4,234145.51,PASS,CLEAN,0.0
INV2025000629,V036,Lumina Office Technologies,PO2025000629,GRN2025000629,187.0,187,187,586.51,586.51,0.0,0.0,109677.37,129419.3,PASS,CLEAN,0.0
INV2025000630,V001,Apex Industrial Supplies Pvt Ltd,PO2025000630,GRN2025000630,196.0,196,196,450.74,450.74,0.0,0.0,88345.04,92762.29,PASS,CLEAN,0.0
INV2025000631,V016,Prime Tools & Components,PO2025000631,GRN2025000631,29.0,29,29,663.56,663.56,0.0,0.0,19243.24,21552.43,PASS,CLEAN,0.0
INV2025000632,V009,Indus Mechanical Works,PO2025000632,GRN2025000632,105.0,105,105,148.86,148.86,0.0,0.0,15630.3,17505.94,PASS,CLEAN,0.0
INV2025000633,V020,Trident Facility Services,PO2025000633,GRN2025000633,128.0,128,128,22796.35,22796.35,0.0,0.0,2917932.8,3268084.74,PASS,CLEAN,0.0
INV2025000634,V022,Vertex Automation,PO2025000634,GRN2025000634,162.0,162,171,732.51,732.51,0.0,5.56,125259.21,147805.87,HOLD,QTY_OVER_RECEIPT,6592.59
INV2025000636,V037,Magnus Tools,PO2025000636,GRN2025000636,147.0,100,100,25731.45,25731.45,0.0,0.0,2573145.0,3036311.1,PASS,CLEAN,0.0
INV2025000637,V019,Sigma Industrial Products,PO2025000637,GRN2025000637,6.0,4,4,1204.14,1204.14,0.0,0.0,4816.56,5394.55,PASS,CLEAN,0.0
INV2025000638,V028,Dynamo Power Systems,PO2025000638,GRN2025000638,190.0,190,190,95.98,95.98,0.0,0.0,18236.2,19148.01,PASS,CLEAN,0.0
INV2025000639,V039,Omkar Facility Products,PO2025000639,GRN2025000639,103.0,103,103,221.67,221.67,0.0,0.0,22832.01,23973.61,PASS,CLEAN,0.0
INV2025000640,V035,Keystone Industrial Products,PO2025000640,GRN2025000640,236.0,236,236,1167.1,1167.1,0.0,0.0,275435.6,308487.87,PASS,CLEAN,0.0
INV2025000641,V037,Magnus Tools,PO2025000641,GRN2025000641,179.0,179,179,1445.52,1445.52,0.0,0.0,258748.08,305322.73,PASS,CLEAN,0.0
INV2025000642,V034,Jade Logistics Supplies,PO2025000642,GRN2025000642,105.0,83,83,3429.66,3429.66,0.0,0.0,284661.78,335900.9,PASS,CLEAN,0.0
INV2025000643,V008,Horizon IT Distribution,PO2025000643,GRN2025000643,207.0,207,207,365.01,365.01,0.0,0.0,75557.07,89157.34,PASS,CLEAN,0.0
INV2025000644,V018,Ridgeway Bearings,PO2025000644,GRN2025000644,70.0,70,70,12608.92,12608.92,0.0,0.0,882624.4,926755.62,PASS,CLEAN,0.0
INV2025000645,V018,Ridgeway Bearings,PO2025000645,GRN2025000645,195.0,195,198,441.32,441.32,0.0,1.54,87381.36,91750.43,HOLD,QTY_OVER_RECEIPT,1323.96
INV2025000646,V038,NexGen Components,PO2025000646,GRN2025000646,173.0,173,173,20919.48,20919.48,0.0,0.0,3619070.04,4270502.65,PASS,CLEAN,0.0
INV2025000647,V036,Lumina Office Technologies,PO2025000647,GRN2025000647,216.0,216,216,309.68,309.68,0.0,0.0,66890.88,78931.24,PASS,CLEAN,0.0
INV2025000648,V018,Ridgeway Bearings,PO2025000648,GRN2025000648,133.0,133,133,148.1,148.1,0.0,0.0,19697.3,20682.17,PASS,CLEAN,0.0
INV2025000649,V023,Westline Consumables,PO2025000649,GRN2025000649,82.0,82,82,832.46,832.46,0.0,0.0,68261.72,76453.13,PASS,CLEAN,0.0
INV2025000650,V025,Arun Safety & PPE,PO2025000650,GRN2025000650,33.0,33,33,680.55,680.55,0.0,0.0,22458.15,25153.13,PASS,CLEAN,0.0
INV2025000651,V040,Pioneer Electrical Traders,PO2025000651,GRN2025000651,119.0,119,119,780.67,780.67,0.0,0.0,92899.73,109621.68,PASS,CLEAN,0.0
INV2025000652,V009,Indus Mechanical Works,PO2025000652,GRN2025000652,179.0,179,179,19065.88,19065.88,0.0,0.0,3412792.52,3822327.62,PASS,CLEAN,0.0
INV2025000653,V036,Lumina Office Technologies,PO2025000653,GRN2025000653,86.0,86,86,751.5,751.5,0.0,0.0,64629.0,76262.22,PASS,CLEAN,0.0
INV2025000654,V005,Evergreen Facility Products,PO2025000654,GRN2025000654,228.0,194,194,175.49,175.49,0.0,0.0,34045.06,38130.47,PASS,CLEAN,0.0
INV2025000655,V037,Magnus Tools,PO2025000655,GRN2025000655,165.0,122,122,782.07,782.07,0.0,0.0,95412.54,112586.8,PASS,CLEAN,0.0
INV2025000656,V009,Indus Mechanical Works,PO2025000656,GRN2025000656,92.0,92,92,16765.53,16765.53,0.0,0.0,1542428.76,1727520.21,PASS,CLEAN,0.0
INV2025000657,V011,Kaveri Industrial Traders,PO2025000657,GRN2025000657,196.0,196,196,168.0,188.04,11.93,0.0,36855.84,43489.89,HOLD,PRICE_VARIANCE,3927.84
INV2025000658,V035,Keystone Industrial Products,PO2025000658,GRN2025000658,234.0,234,234,390.76,390.76,0.0,0.0,91437.84,102410.38,PASS,CLEAN,0.0
INV2025000659,V027,Crest Chemicals,PO2025000659,GRN2025000659,72.0,75,75,3606.32,3606.32,0.0,0.0,270474.0,302930.88,PASS,CLEAN,0.0
INV2025000660,V021,United Process Equipment,PO2025000660,GRN2025000660,91.0,91,91,123.37,123.37,0.0,0.0,11226.67,13247.47,PASS,CLEAN,0.0
INV2025000661,V009,Indus Mechanical Works,PO2025000661,GRN2025000661,4.0,4,4,460.38,460.38,0.0,0.0,1841.52,2062.5,PASS,CLEAN,0.0
INV2025000662,V033,Innovatech Solutions,PO2025000662,GRN2025000662,80.0,80,80,472.96,472.96,0.0,0.0,37836.8,39728.64,PASS,CLEAN,0.0
INV2025000663,V031,Ganga Hardware Traders,PO2025000663,GRN2025000663,229.0,229,229,1286.0,1286.0,0.0,0.0,294494.0,309218.7,PASS,CLEAN,0.0
INV2025000664,V008,Horizon IT Distribution,PO2025000664,GRN2025000664,159.0,94,94,376.32,376.32,0.0,0.0,35374.08,41741.41,PASS,CLEAN,0.0
INV2025000665,V020,Trident Facility Services,PO2025000665,GRN2025000665,150.0,150,150,1630.1,1630.1,0.0,0.0,244515.0,273856.8,PASS,CLEAN,0.0
INV2025000666,V014,Nova Tech Systems,PO2025000666,GRN2025000666,167.0,167,167,12786.02,12786.02,0.0,0.0,2135265.34,2242028.61,PASS,CLEAN,0.0
INV2025000667,V028,Dynamo Power Systems,PO2025000667,GRN2025000667,176.0,176,176,735.1,735.1,0.0,0.0,129377.6,135846.48,PASS,CLEAN,0.0
INV2025000668,V031,Ganga Hardware Traders,PO2025000668,GRN2025000668,74.0,74,74,646.35,646.35,0.0,0.0,47829.9,50221.39,PASS,CLEAN,0.0
INV2025000669,V015,Orbit Maintenance Supplies,PO2025000669,GRN2025000669,220.0,220,220,100.49,100.49,0.0,0.0,22107.8,26087.2,PASS,CLEAN,0.0
INV2025000670,V030,Frontier Components,,GRN2025000670,,0,5,,926.37,,,4631.85,5465.58,HOLD,MISSING_PO,4631.85
INV2025000671,V015,Orbit Maintenance Supplies,PO2025000671,GRN2025000671,49.0,49,49,623.13,623.13,0.0,0.0,30533.37,36029.38,PASS,CLEAN,0.0
INV2025000672,V023,Westline Consumables,PO2025000672,GRN2025000672,63.0,63,63,885.96,885.96,0.0,0.0,55815.48,62513.34,PASS,CLEAN,0.0
INV2025000673,V033,Innovatech Solutions,PO2025000673,GRN2025000673,107.0,107,107,481.83,481.83,0.0,0.0,51555.81,54133.6,PASS,CLEAN,0.0
INV2025000674,V029,Eagle Stationery Solutions,PO2025000674,GRN2025000674,152.0,152,149,119.0,119.0,0.0,-1.97,17731.0,20922.58,PASS,CLEAN,0.0
INV2025000675,V037,Magnus Tools,PO2025000675,GRN2025000675,246.0,246,246,4352.95,4352.95,0.0,0.0,1070825.7,1263574.33,PASS,CLEAN,0.0
INV2025000676,V012,Lotus Packaging India Pvt Ltd,PO2025000676,GRN2025000676,236.0,236,236,530.38,530.38,0.0,0.0,125169.68,140190.04,PASS,CLEAN,0.0
INV2025000677,V006,Falcon Electricals India Pvt Ltd,PO2025000677,GRN2025000677,211.0,211,211,23590.15,23590.15,0.0,0.0,4977521.65,5226397.73,PASS,CLEAN,0.0
INV2025000678,V038,NexGen Components,PO2025000678,GRN2025000678,247.0,247,247,26101.83,26101.83,0.0,0.0,6447152.01,7607639.37,PASS,CLEAN,0.0
INV2025000679,V031,Ganga Hardware Traders,PO2025000679,GRN2025000679,31.0,31,31,1395.91,1395.91,0.0,0.0,43273.21,45436.87,PASS,CLEAN,0.0
INV2025000680,V034,Jade Logistics Supplies,PO2025000680,GRN2025000680,205.0,205,205,420.73,420.73,0.0,0.0,86249.65,101774.59,PASS,CLEAN,0.0
INV2026000680,V034,Jade Logistics Supplies,PO2025000680,GRN2025000680,205.0,205,205,420.73,420.73,0.0,0.0,86249.65,101774.59,HOLD,DUPLICATE_AMOUNT_VENDOR,0.0
INV2025000681,V033,Innovatech Solutions,PO2025000681,GRN2025000681,128.0,128,128,957.79,957.79,0.0,0.0,122597.12,128726.98,PASS,CLEAN,0.0
INV2025000682,V004,Delta Engineering Components,PO2025000682,GRN2025000682,232.0,232,232,12909.47,12909.47,0.0,0.0,2994997.04,3354396.68,PASS,CLEAN,0.0
INV2025000683,V023,Westline Consumables,PO2025000683,GRN2025000683,109.0,109,109,710.12,710.12,0.0,0.0,77403.08,86691.45,PASS,CLEAN,0.0
INV2025000684,V032,Helios Controls,PO2025000684,GRN2025000684,245.0,245,245,22025.79,22025.79,0.0,0.0,5396318.55,6367655.89,PASS,CLEAN,0.0
INV2025000685,V039,Omkar Facility Products,PO2025000685,GRN2025000685,15.0,15,15,1056.47,1056.47,0.0,0.0,15847.05,16639.4,PASS,CLEAN,0.0
INV2025000686,V023,Westline Consumables,PO2025000686,GRN2025000686,233.0,212,212,15149.23,15149.23,0.0,0.0,3211636.76,3597033.17,PASS,CLEAN,0.0
INV2025000687,V003,Crown Packaging Solutions,PO2025000687,GRN2025000687,23.0,23,23,747.94,747.94,0.0,0.0,17202.62,18062.75,PASS,CLEAN,0.0
INV2025000688,V022,Vertex Automation,PO2025000688,GRN2025000688,115.0,119,119,1000.58,1000.58,0.0,0.0,119069.02,140501.44,PASS,CLEAN,0.0
INV2025000689,V017,Quantum Electricals,PO2025000689,GRN2025000689,126.0,126,126,742.42,742.42,0.0,0.0,93544.92,110383.01,PASS,CLEAN,0.0
INV2025000690,V029,Eagle Stationery Solutions,PO2025000690,GRN2025000690,236.0,236,236,692.32,692.32,0.0,0.0,163387.52,192797.27,PASS,CLEAN,0.0
INV2025000691,V001,Apex Industrial Supplies Pvt Ltd,PO2025000691,GRN2025000691,113.0,113,113,814.54,814.54,0.0,0.0,92043.02,96645.17,PASS,CLEAN,0.0
INV2025000692,V003,Crown Packaging Solutions,PO2025000692,GRN2025000692,183.0,183,171,445.15,445.15,0.0,-6.56,76120.65,79926.68,PASS,CLEAN,0.0
INV2025000693,V007,Gamma Safety Solutions,PO2025000693,GRN2025000693,221.0,221,221,752.37,752.37,0.0,0.0,166273.77,174587.46,PASS,CLEAN,0.0
INV2025000694,V040,Pioneer Electrical Traders,PO2025000694,GRN2025000694,44.0,44,44,1228.66,1436.9,16.95,0.0,63223.6,74603.85,HOLD,PRICE_VARIANCE,9162.56
INV2025000695,V007,Gamma Safety Solutions,PO2025000695,GRN2025000695,20.0,20,20,429.03,429.03,0.0,0.0,8580.6,9009.63,PASS,CLEAN,0.0
INV2025000696,V024,Zenith Engineering Supplies,PO2025000696,GRN2025000696,95.0,95,95,177.32,177.32,0.0,0.0,16845.4,18866.85,PASS,CLEAN,0.0
INV2025000697,V035,Keystone Industrial Products,,GRN2025000697,,0,27,,820.14,,,22143.78,24801.03,HOLD,MISSING_PO,22143.78
INV2025000698,V004,Delta Engineering Components,PO2025000698,GRN2025000698,201.0,201,201,522.52,522.52,0.0,0.0,105026.52,117629.7,PASS,CLEAN,0.0
INV2025000699,V030,Frontier Components,PO2025000699,GRN2025000699,28.0,28,28,3160.73,3160.73,0.0,0.0,88500.44,104430.52,PASS,CLEAN,0.0
INV2025000700,V037,Magnus Tools,PO2025000700,GRN2025000700,116.0,116,116,1383.27,1383.27,0.0,0.0,160459.32,189342.0,PASS,CLEAN,0.0
INV2025000701,V004,Delta Engineering Components,PO2025000701,GRN2025000701,17.0,14,14,1689.93,1689.93,0.0,0.0,23659.02,26498.1,PASS,CLEAN,0.0
INV2025000702,V034,Jade Logistics Supplies,PO2025000702,GRN2025000702,50.0,50,50,437.49,437.49,0.0,0.0,21874.5,25811.91,PASS,CLEAN,0.0
INV2025000703,V011,Kaveri Industrial Traders,PO2025000703,GRN2025000703,83.0,62,62,199.49,199.49,0.0,0.0,12368.38,14594.69,PASS,CLEAN,0.0
INV2025000704,V035,Keystone Industrial Products,PO2025000704,GRN2025000704,97.0,97,97,2264.57,2264.57,0.0,0.0,219663.29,246022.88,PASS,CLEAN,0.0
INV2025000705,V031,Ganga Hardware Traders,PO2025000705,GRN2025000705,77.0,77,77,1335.97,1335.97,0.0,0.0,102869.69,108013.17,PASS,CLEAN,0.0
INV2025000706,V025,Arun Safety & PPE,PO2025000706,GRN2025000706,78.0,78,78,1567.95,1567.95,0.0,0.0,122300.1,136976.11,PASS,CLEAN,0.0
INV2025000707,V038,NexGen Components,PO2025000707,GRN2025000707,147.0,147,147,760.15,760.15,0.0,0.0,111742.05,131855.62,PASS,CLEAN,0.0
INV2025000709,V026,Bharat Industrial Stores,PO2025000709,GRN2025000709,241.0,241,241,3646.83,3646.83,0.0,0.0,878886.03,1037085.52,PASS,CLEAN,0.0
INV2025000710,V014,Nova Tech Systems,PO2025000710,GRN2025000710,35.0,25,25,633.96,633.96,0.0,0.0,15849.0,16641.45,PASS,CLEAN,0.0
INV2025000711,V004,Delta Engineering Components,PO2025000711,GRN2025000711,89.0,89,89,1951.65,1951.65,0.0,0.0,173696.85,194540.47,PASS,CLEAN,0.0
INV2025000712,V037,Magnus Tools,PO2025000712,GRN2025000712,147.0,147,147,180.2,180.2,0.0,0.0,26489.4,31257.49,PASS,CLEAN,0.0
INV2025000713,V015,Orbit Maintenance Supplies,PO2025000713,GRN2025000713,181.0,181,181,438.76,438.76,0.0,0.0,79415.56,93710.36,PASS,CLEAN,0.0
INV2025000714,V002,BluePeak Office Systems Pvt Ltd,,GRN2025000714,,0,213,,673.4,,,143434.2,160646.3,HOLD,MISSING_PO,143434.2
INV2025000715,V027,Crest Chemicals,PO2025000715,GRN2025000715,105.0,105,105,1862.01,1862.01,0.0,0.0,195511.05,218972.38,PASS,CLEAN,0.0
INV2025000716,V038,NexGen Components,PO2025000716,GRN2025000716,164.0,164,164,437.75,437.75,0.0,0.0,71791.0,84713.38,PASS,CLEAN,0.0
INV2025000717,V006,Falcon Electricals India Pvt Ltd,PO2025000717,GRN2025000717,108.0,95,95,1763.01,1763.01,0.0,0.0,167485.95,175860.25,PASS,CLEAN,0.0
INV2025000718,V006,Falcon Electricals India Pvt Ltd,PO2025000718,GRN2025000718,149.0,149,149,27390.42,27390.42,0.0,0.0,4081172.58,4285231.21,PASS,CLEAN,0.0
INV2025000719,V029,Eagle Stationery Solutions,PO2025000719,GRN2025000719,52.0,33,37,4030.07,4030.07,0.0,12.12,149112.59,175952.86,HOLD,QTY_OVER_RECEIPT,16120.28
INV2025000721,V016,Prime Tools & Components,PO2025000721,GRN2025000721,31.0,31,31,954.25,1080.47,13.23,0.0,33494.57,37513.92,HOLD,PRICE_VARIANCE,3912.82
INV2025000722,V028,Dynamo Power Systems,PO2025000722,GRN2025000722,157.0,157,157,1221.07,1221.07,0.0,0.0,191707.99,201293.39,PASS,CLEAN,0.0
INV2026000722,V028,Dynamo Power Systems,PO2025000722,GRN2025000722,157.0,157,157,1221.07,1221.07,0.0,0.0,191707.99,201293.39,HOLD,DUPLICATE_AMOUNT_VENDOR,0.0
INV2025000723,V031,Ganga Hardware Traders,PO2025000723,GRN2025000723,205.0,205,205,448.65,448.65,0.0,0.0,91973.25,96571.91,PASS,CLEAN,0.0
INV2025000724,V012,Lotus Packaging India Pvt Ltd,PO2025000724,GRN2025000724,9.0,9,9,593.43,593.43,0.0,0.0,5340.87,5981.77,PASS,CLEAN,0.0
INV2025000725,V031,Ganga Hardware Traders,PO2025000725,GRN2025000725,3.0,3,3,3087.94,3087.94,0.0,0.0,9263.82,9727.01,PASS,CLEAN,0.0
INV2025000726,V006,Falcon Electricals India Pvt Ltd,PO2025000726,GRN2025000726,90.0,90,95,1137.91,1137.91,0.0,5.56,108101.45,113506.52,HOLD,QTY_OVER_RECEIPT,5689.55
INV2025000727,V034,Jade Logistics Supplies,PO2025000727,GRN2025000727,13.0,13,13,1645.77,1645.77,0.0,0.0,21395.01,25246.11,PASS,CLEAN,0.0
INV2025000728,V033,Innovatech Solutions,PO2025000728,GRN2025000728,120.0,120,120,4860.45,5425.09,11.62,0.0,651010.8,683561.34,HOLD,PRICE_VARIANCE,67756.8
INV2025000729,V018,Ridgeway Bearings,,GRN2025000729,,0,224,,26069.49,,,5839565.76,6131544.05,HOLD,MISSING_PO,5839565.76
INV2025000730,V026,Bharat Industrial Stores,PO2025000730,GRN2025000730,161.0,161,161,430.94,430.94,0.0,0.0,69381.34,81869.98,PASS,CLEAN,0.0
INV2025000731,V003,Crown Packaging Solutions,PO2025000731,GRN2025000731,117.0,117,117,171.04,171.04,0.0,0.0,20011.68,21012.26,PASS,CLEAN,0.0
INV2025000732,V003,Crown Packaging Solutions,PO2025000732,GRN2025000732,229.0,229,229,2548.0,2548.0,0.0,0.0,583492.0,612666.6,PASS,CLEAN,0.0
INV2025000733,V023,Westline Consumables,PO2025000733,GRN2025000733,24.0,24,24,655.54,655.54,0.0,0.0,15732.96,17620.92,PASS,CLEAN,0.0
INV2025000734,V037,Magnus Tools,PO2025000734,GRN2025000734,157.0,157,157,27997.46,27997.46,0.0,0.0,4395601.22,5186809.44,PASS,CLEAN,0.0
INV2025000735,V010,Jupiter Office Products,PO2025000735,,90.0,90,90,1531.03,1531.03,0.0,0.0,137792.7,162595.39,HOLD,MISSING_GRN,0.0
INV2025000736,V011,Kaveri Industrial Traders,PO2025000736,GRN2025000736,154.0,107,107,375.49,375.49,0.0,0.0,40177.43,47409.37,PASS,CLEAN,0.0
INV2025000737,V017,Quantum Electricals,PO2025000737,GRN2025000737,115.0,115,115,1507.06,1507.06,0.0,0.0,173311.9,204508.04,PASS,CLEAN,0.0
INV2025000738,V005,Evergreen Facility Products,PO2025000738,GRN2025000738,122.0,122,122,17449.04,17449.04,0.0,0.0,2128782.88,2384236.83,PASS,CLEAN,0.0
INV2025000739,V010,Jupiter Office Products,PO2025000739,GRN2025000739,15.0,15,15,1514.8,1514.8,0.0,0.0,22722.0,26811.96,PASS,CLEAN,0.0
INV2025000740,V039,Omkar Facility Products,PO2025000740,GRN2025000740,120.0,120,120,217.72,217.72,0.0,0.0,26126.4,27432.72,PASS,CLEAN,0.0
INV2025000741,V031,Ganga Hardware Traders,PO2025000741,GRN2025000741,121.0,124,124,10577.47,10577.47,0.0,0.0,1311606.28,1377186.59,PASS,CLEAN,0.0
INV2025000742,V002,BluePeak Office Systems Pvt Ltd,PO2025000742,GRN2025000742,74.0,74,74,1701.13,1701.13,0.0,0.0,125883.62,140989.65,PASS,CLEAN,0.0
INV2025000743,V039,Omkar Facility Products,PO2025000743,GRN2025000743,89.0,89,89,400.37,400.37,0.0,0.0,35632.93,37414.58,PASS,CLEAN,0.0
INV2025000744,V014,Nova Tech Systems,PO2025000744,GRN2025000744,39.0,39,39,745.11,745.11,0.0,0.0,29059.29,30512.25,PASS,CLEAN,0.0
INV2025000745,V031,Ganga Hardware Traders,PO2025000745,GRN2025000745,166.0,166,166,107.65,118.97,10.52,0.0,19749.02,20736.47,HOLD,PRICE_VARIANCE,1879.12
INV2025000746,V014,Nova Tech Systems,PO2025000746,GRN2025000746,83.0,86,86,651.79,651.79,0.0,0.0,56053.94,58856.64,PASS,CLEAN,0.0
INV2025000747,V031,Ganga Hardware Traders,PO2025000747,GRN2025000747,150.0,150,150,140.15,140.15,0.0,0.0,21022.5,22073.62,PASS,CLEAN,0.0
INV2025000748,V023,Westline Consumables,PO2025000748,GRN2025000748,236.0,185,185,845.53,845.53,0.0,0.0,156423.05,175193.82,PASS,CLEAN,0.0
INV2025000749,V023,Westline Consumables,PO2025000749,GRN2025000749,10.0,10,10,2141.61,2141.61,0.0,0.0,21416.1,23986.03,PASS,CLEAN,0.0
INV2025000750,V003,Crown Packaging Solutions,PO2025000750,GRN2025000750,134.0,134,134,1396.22,1396.22,0.0,0.0,187093.48,196448.15,PASS,CLEAN,0.0
INV2025000751,V018,Ridgeway Bearings,PO2025000751,GRN2025000751,114.0,114,114,1094.71,1094.71,0.0,0.0,124796.94,131036.79,PASS,CLEAN,0.0
INV2025000752,V010,Jupiter Office Products,PO2025000752,GRN2025000752,243.0,243,243,2468.92,2468.92,0.0,0.0,599947.56,707938.12,PASS,CLEAN,0.0
INV2025000753,V026,Bharat Industrial Stores,PO2025000753,GRN2025000753,220.0,220,220,360.41,360.41,0.0,0.0,79290.2,93562.44,PASS,CLEAN,0.0
INV2025000754,V013,Metro Fasteners,PO2025000754,GRN2025000754,244.0,244,244,194.43,194.43,0.0,0.0,47440.92,55980.29,PASS,CLEAN,0.0
INV2025000755,V011,Kaveri Industrial Traders,PO2025000755,GRN2025000755,47.0,41,41,1239.95,1239.95,0.0,0.0,50837.95,59988.78,PASS,CLEAN,0.0
INV2025000756,V025,Arun Safety & PPE,PO2025000756,GRN2025000756,207.0,207,207,660.35,660.35,0.0,0.0,136692.45,153095.54,PASS,CLEAN,0.0
INV2025000757,V018,Ridgeway Bearings,PO2025000757,GRN2025000757,93.0,81,81,599.33,599.33,0.0,0.0,48545.73,50973.02,PASS,CLEAN,0.0
INV2025000758,V030,Frontier Components,PO2025000758,GRN2025000758,74.0,74,74,21524.88,21524.88,0.0,0.0,1592841.12,1879552.52,PASS,CLEAN,0.0
INV2025000759,V011,Kaveri Industrial Traders,PO2025000759,GRN2025000759,174.0,121,121,1794.21,1794.21,0.0,0.0,217099.41,256177.3,PASS,CLEAN,0.0
INV2025000760,V021,United Process Equipment,PO2025000760,,247.0,247,247,4083.39,4083.39,0.0,0.0,1008597.33,1190144.85,HOLD,MISSING_GRN,0.0
INV2025000761,V015,Orbit Maintenance Supplies,PO2025000761,GRN2025000761,214.0,214,214,163.94,163.94,0.0,0.0,35083.16,41398.13,PASS,CLEAN,0.0
INV2025000762,V031,Ganga Hardware Traders,PO2025000762,GRN2025000762,23.0,20,20,1345.28,1345.28,0.0,0.0,26905.6,28250.88,PASS,CLEAN,0.0
INV2025000763,V005,Evergreen Facility Products,PO2025000763,GRN2025000763,149.0,149,149,727.96,727.96,0.0,0.0,108466.04,121481.96,PASS,CLEAN,0.0
INV2025000764,V031,Ganga Hardware Traders,PO2025000764,GRN2025000764,203.0,203,203,891.09,891.09,0.0,0.0,180891.27,189935.83,PASS,CLEAN,0.0
INV2025000765,V031,Ganga Hardware Traders,PO2025000765,GRN2025000765,241.0,241,268,14288.91,14288.91,0.0,11.2,3829427.88,4020899.27,HOLD,QTY_OVER_RECEIPT,385800.57
INV2025000766,V039,Omkar Facility Products,PO2025000766,GRN2025000766,192.0,192,192,755.4,755.4,0.0,0.0,145036.8,152288.64,PASS,CLEAN,0.0
INV2025000767,V031,Ganga Hardware Traders,PO2025000767,GRN2025000767,82.0,82,82,826.04,826.04,0.0,0.0,67735.28,71122.04,PASS,CLEAN,0.0
INV2025000768,V031,Ganga Hardware Traders,PO2025000768,GRN2025000768,40.0,40,40,632.41,632.41,0.0,0.0,25296.4,26561.22,PASS,CLEAN,0.0
INV2025000769,V010,Jupiter Office Products,PO2025000769,GRN2025000769,161.0,132,132,38755.58,38755.58,0.0,0.0,5115736.56,6036569.14,PASS,CLEAN,0.0
INV2025000770,V017,Quantum Electricals,PO2025000770,GRN2025000770,242.0,242,252,744.56,744.56,0.0,4.13,187629.12,221402.36,HOLD,QTY_OVER_RECEIPT,7445.6
INV2025000771,V025,Arun Safety & PPE,PO2025000771,GRN2025000771,188.0,188,188,11265.68,11265.68,0.0,0.0,2117947.84,2372101.58,PASS,CLEAN,0.0
INV2025000772,V037,Magnus Tools,PO2025000772,GRN2025000772,206.0,206,206,138.51,138.51,0.0,0.0,28533.06,33669.01,PASS,CLEAN,0.0
INV2025000773,V015,Orbit Maintenance Supplies,PO2025000773,GRN2025000773,41.0,41,41,24805.41,24805.41,0.0,0.0,1017021.81,1200085.74,PASS,CLEAN,0.0
INV2025000774,V002,BluePeak Office Systems Pvt Ltd,PO2025000774,GRN2025000774,92.0,97,97,608.64,608.64,0.0,0.0,59038.08,66122.65,PASS,CLEAN,0.0
INV2025000775,V021,United Process Equipment,PO2025000775,GRN2025000775,185.0,162,162,128.01,128.01,0.0,0.0,20737.62,24470.39,PASS,CLEAN,0.0
INV2025000776,V014,Nova Tech Systems,PO2025000776,GRN2025000776,30.0,30,30,506.37,506.37,0.0,0.0,15191.1,15950.65,PASS,CLEAN,0.0
INV2025000777,V023,Westline Consumables,PO2025000777,GRN2025000777,105.0,105,105,811.21,811.21,0.0,0.0,85177.05,95398.3,PASS,CLEAN,0.0
INV2025000778,V036,Lumina Office Technologies,PO2025000778,GRN2025000778,208.0,208,208,672.16,672.16,0.0,0.0,139809.28,164974.95,PASS,CLEAN,0.0
INV2025000779,V021,United Process Equipment,PO2025000779,GRN2025000779,132.0,132,132,38808.18,38808.18,0.0,0.0,5122679.76,6044762.12,PASS,CLEAN,0.0
INV2025000780,V021,United Process Equipment,PO2025000780,GRN2025000780,212.0,212,212,750.41,750.41,0.0,0.0,159086.92,187722.57,PASS,CLEAN,0.0
INV2025000781,V030,Frontier Components,PO2025000781,GRN2025000781,132.0,132,132,125.55,125.55,0.0,0.0,16572.6,19555.67,PASS,CLEAN,0.0
INV2025000782,V025,Arun Safety & PPE,PO2025000782,GRN2025000782,26.0,26,26,145.17,145.17,0.0,0.0,3774.42,4227.35,PASS,CLEAN,0.0
INV2025000783,V038,NexGen Components,PO2025000783,GRN2025000783,69.0,69,69,413.19,413.19,0.0,0.0,28510.11,33641.93,PASS,CLEAN,0.0
INV2025000784,V029,Eagle Stationery Solutions,PO2025000784,GRN2025000784,197.0,110,110,943.79,943.79,0.0,0.0,103816.9,122503.94,PASS,CLEAN,0.0
INV2025000785,V034,Jade Logistics Supplies,PO2025000785,GRN2025000785,129.0,129,129,3898.68,3898.68,0.0,0.0,502929.72,593457.07,PASS,CLEAN,0.0
INV2025000786,V028,Dynamo Power Systems,PO2025000786,GRN2025000786,169.0,141,141,208.01,208.01,0.0,0.0,29329.41,30795.88,PASS,CLEAN,0.0
INV2025000787,V023,Westline Consumables,PO2025000787,,31.0,31,31,812.8,812.8,0.0,0.0,25196.8,28220.42,HOLD,MISSING_GRN,0.0
INV2025000788,V001,Apex Industrial Supplies Pvt Ltd,PO2025000788,GRN2025000788,71.0,71,71,717.04,717.04,0.0,0.0,50909.84,53455.33,PASS,CLEAN,0.0
INV2025000789,V016,Prime Tools & Components,PO2025000789,GRN2025000789,66.0,39,39,168.19,168.19,0.0,0.0,6559.41,7346.54,PASS,CLEAN,0.0
INV2025000790,V022,Vertex Automation,PO2025000790,GRN2025000790,8.0,8,8,103.94,120.05,15.5,0.0,960.4,1133.27,HOLD,PRICE_VARIANCE,128.88
INV2025000791,V022,Vertex Automation,PO2025000791,GRN2025000791,36.0,36,36,480.61,480.61,0.0,0.0,17301.96,20416.31,PASS,CLEAN,0.0
INV2025000792,V024,Zenith Engineering Supplies,PO2025000792,GRN2025000792,35.0,35,35,984.26,984.26,0.0,0.0,34449.1,38582.99,PASS,CLEAN,0.0
INV2025000793,V023,Westline Consumables,PO2025000793,GRN2025000793,200.0,133,133,1120.45,1120.45,0.0,0.0,149019.85,166902.23,PASS,CLEAN,0.0
INV2025000794,V033,Innovatech Solutions,PO2025000794,GRN2025000794,141.0,124,124,645.35,645.35,0.0,0.0,80023.4,84024.57,PASS,CLEAN,0.0
INV2025000795,V026,Bharat Industrial Stores,PO2025000795,GRN2025000795,79.0,79,79,110.27,110.27,0.0,0.0,8711.33,10279.37,PASS,CLEAN,0.0
INV2025000796,V026,Bharat Industrial Stores,PO2025000796,GRN2025000796,210.0,210,210,787.47,842.3,6.96,0.0,176883.0,208721.94,HOLD,PRICE_VARIANCE,11514.3
INV2025000797,V007,Gamma Safety Solutions,PO2025000797,GRN2025000797,168.0,168,168,583.62,583.62,0.0,0.0,98048.16,102950.57,PASS,CLEAN,0.0
INV2025000798,V034,Jade Logistics Supplies,PO2025000798,GRN2025000798,109.0,109,109,189.43,189.43,0.0,0.0,20647.87,24364.49,PASS,CLEAN,0.0
INV2025000799,V035,Keystone Industrial Products,PO2025000799,GRN2025000799,40.0,40,40,11578.98,11578.98,0.0,0.0,463159.2,518738.3,PASS,CLEAN,0.0
INV2025000800,V006,Falcon Electricals India Pvt Ltd,PO2025000800,GRN2025000800,156.0,156,156,4830.77,4830.77,0.0,0.0,753600.12,791280.13,PASS,CLEAN,0.0
INV2025000801,V008,Horizon IT Distribution,PO2025000801,GRN2025000801,57.0,57,57,889.09,889.09,0.0,0.0,50678.13,59800.19,PASS,CLEAN,0.0
INV2025000802,V006,Falcon Electricals India Pvt Ltd,PO2025000802,GRN2025000802,208.0,208,208,127.98,127.98,0.0,0.0,26619.84,27950.83,PASS,CLEAN,0.0
INV2025000803,V022,Vertex Automation,PO2025000803,GRN2025000803,122.0,122,122,1083.89,1083.89,0.0,0.0,132234.58,156036.8,PASS,CLEAN,0.0
INV2025000804,V004,Delta Engineering Components,PO2025000804,GRN2025000804,146.0,128,128,7332.66,7332.66,0.0,0.0,938580.48,1051210.14,PASS,CLEAN,0.0
INV2025000805,V023,Westline Consumables,PO2025000805,GRN2025000805,17.0,17,17,1493.25,1493.25,0.0,0.0,25385.25,28431.48,PASS,CLEAN,0.0
INV2025000806,V016,Prime Tools & Components,PO2025000806,GRN2025000806,177.0,177,177,600.02,600.02,0.0,0.0,106203.54,118947.96,PASS,CLEAN,0.0
INV2026000806,V016,Prime Tools & Components,PO2025000806,GRN2025000806,177.0,177,177,600.02,600.02,0.0,0.0,106203.54,118947.96,HOLD,DUPLICATE_AMOUNT_VENDOR,0.0
INV2025000807,V033,Innovatech Solutions,PO2025000807,GRN2025000807,177.0,107,107,26337.76,26337.76,0.0,0.0,2818140.32,2959047.34,PASS,CLEAN,0.0
INV2025000808,V034,Jade Logistics Supplies,PO2025000808,GRN2025000808,182.0,182,174,1362.57,1362.57,0.0,-4.4,237087.18,279762.87,PASS,CLEAN,0.0
INV2025000809,V012,Lotus Packaging India Pvt Ltd,PO2025000809,GRN2025000809,249.0,165,165,12633.1,12633.1,0.0,0.0,2084461.5,2334596.88,PASS,CLEAN,0.0
INV2025000810,V032,Helios Controls,PO2025000810,GRN2025000810,196.0,196,203,1091.13,1091.13,0.0,3.57,221499.39,261369.28,HOLD,QTY_OVER_RECEIPT,7637.91
INV2025000811,V011,Kaveri Industrial Traders,PO2025000811,GRN2025000811,180.0,115,114,426.77,426.77,0.0,-0.87,48651.78,57409.1,PASS,CLEAN,0.0
INV2025000812,V027,Crest Chemicals,PO2025000812,GRN2025000812,203.0,203,203,940.56,940.56,0.0,0.0,190933.68,213845.72,PASS,CLEAN,0.0
INV2025000813,V034,Jade Logistics Supplies,PO2025000813,GRN2025000813,218.0,218,218,405.31,405.31,0.0,0.0,88357.58,104261.94,PASS,CLEAN,0.0
INV2025000814,V004,Delta Engineering Components,PO2025000814,GRN2025000814,5.0,4,5,556.81,556.81,0.0,25.0,2784.05,3118.14,HOLD,QTY_OVER_RECEIPT,556.81
INV2025000815,V005,Evergreen Facility Products,PO2025000815,GRN2025000815,49.0,49,49,1894.19,1894.19,0.0,0.0,92815.31,103953.15,PASS,CLEAN,0.0
INV2025000816,V021,United Process Equipment,PO2025000816,GRN2025000816,62.0,62,62,1226.87,1226.87,0.0,0.0,76065.94,89757.81,PASS,CLEAN,0.0
INV2025000817,V006,Falcon Electricals India Pvt Ltd,PO2025000817,GRN2025000817,244.0,244,231,1118.98,1118.98,0.0,-5.33,258484.38,271408.6,PASS,CLEAN,0.0
INV2025000819,V010,Jupiter Office Products,PO2025000819,GRN2025000819,34.0,34,34,3335.97,3335.97,0.0,0.0,113422.98,133839.12,PASS,CLEAN,0.0
INV2025000820,V009,Indus Mechanical Works,PO2025000820,GRN2025000820,104.0,104,104,1271.8,1320.63,3.84,0.0,137345.52,153826.98,HOLD,PRICE_VARIANCE,5078.32
INV2025000821,V021,United Process Equipment,PO2025000821,GRN2025000821,173.0,173,173,910.9,1011.3,11.02,0.0,174954.9,206446.78,HOLD,PRICE_VARIANCE,17369.2
INV2025000822,V002,BluePeak Office Systems Pvt Ltd,PO2025000822,GRN2025000822,73.0,73,73,13029.62,13029.62,0.0,0.0,951162.26,1065301.73,PASS,CLEAN,0.0
INV2025000823,V011,Kaveri Industrial Traders,PO2025000823,GRN2025000823,49.0,49,51,1105.41,1105.41,0.0,4.08,56375.91,66523.57,HOLD,QTY_OVER_RECEIPT,2210.82
INV2025000824,V026,Bharat Industrial Stores,PO2025000824,GRN2025000824,173.0,173,173,611.8,611.8,0.0,0.0,105841.4,124892.85,PASS,CLEAN,0.0
INV2025000825,V030,Frontier Components,PO2025000825,GRN2025000825,51.0,51,51,840.03,865.73,3.06,0.0,44152.23,52099.63,HOLD,PRICE_VARIANCE,1310.7
INV2025000826,V019,Sigma Industrial Products,PO2025000826,GRN2025000826,39.0,39,39,711.39,711.39,0.0,0.0,27744.21,31073.52,PASS,CLEAN,0.0
INV2025000828,V016,Prime Tools & Components,PO2025000828,GRN2025000828,99.0,99,99,12605.96,12605.96,0.0,0.0,1247990.04,1397748.84,PASS,CLEAN,0.0
INV2025000829,V039,Omkar Facility Products,,GRN2025000829,,0,109,,841.59,,,91733.31,96319.98,HOLD,MISSING_PO,91733.31
INV2025000830,V004,Delta Engineering Components,PO2025000830,GRN2025000830,181.0,181,166,204.39,204.39,0.0,-8.29,33928.74,38000.19,PASS,CLEAN,0.0
INV2025000831,V008,Horizon IT Distribution,PO2025000831,GRN2025000831,193.0,118,118,232.39,232.39,0.0,0.0,27422.02,32357.98,PASS,CLEAN,0.0
INV2025000832,V040,Pioneer Electrical Traders,PO2025000832,GRN2025000832,79.0,79,79,11860.62,11860.62,0.0,0.0,936988.98,1105647.0,PASS,CLEAN,0.0
INV2025000833,V016,Prime Tools & Components,PO2025000833,GRN2025000833,38.0,38,38,20541.31,20541.31,0.0,0.0,780569.78,874238.15,PASS,CLEAN,0.0
INV2025000834,V024,Zenith Engineering Supplies,PO2025000834,GRN2025000834,167.0,167,167,4718.71,4718.71,0.0,0.0,788024.57,882587.52,PASS,CLEAN,0.0
INV2025000835,V018,Ridgeway Bearings,PO2025000835,GRN2025000835,13.0,13,13,4517.66,4517.66,0.0,0.0,58729.58,61666.06,PASS,CLEAN,0.0
INV2025000836,V013,Metro Fasteners,PO2025000836,GRN2025000836,116.0,74,74,533.15,533.15,0.0,0.0,39453.1,46554.66,PASS,CLEAN,0.0
INV2025000837,V004,Delta Engineering Components,PO2025000837,GRN2025000837,23.0,23,23,277.86,277.86,0.0,0.0,6390.78,7157.67,PASS,CLEAN,0.0
INV2025000838,V002,BluePeak Office Systems Pvt Ltd,PO2025000838,GRN2025000838,127.0,128,128,188.17,188.17,0.0,0.0,24085.76,26976.05,PASS,CLEAN,0.0
INV2025000839,V008,Horizon IT Distribution,PO2025000839,GRN2025000839,108.0,99,99,968.99,968.99,0.0,0.0,95930.01,113197.41,PASS,CLEAN,0.0
INV2025000840,V029,Eagle Stationery Solutions,PO2025000840,GRN2025000840,222.0,222,222,107.15,107.15,0.0,0.0,23787.3,28069.01,PASS,CLEAN,0.0
INV2025000841,V008,Horizon IT Distribution,PO2025000841,GRN2025000841,201.0,201,201,385.92,385.92,0.0,0.0,77569.92,91532.51,PASS,CLEAN,0.0
INV2025000842,V033,Innovatech Solutions,PO2025000842,GRN2025000842,10.0,10,10,473.0,541.8,14.55,0.0,5418.0,5688.9,HOLD,PRICE_VARIANCE,688.0
INV2025000846,V012,Lotus Packaging India Pvt Ltd,PO2025000846,GRN2025000846,235.0,235,235,26573.66,26573.66,0.0,0.0,6244810.1,6994187.31,PASS,CLEAN,0.0
INV2025000847,V004,Delta Engineering Components,PO2025000847,GRN2025000847,18.0,18,18,209.46,209.46,0.0,0.0,3770.28,4222.71,PASS,CLEAN,0.0
INV2026000847,V004,Delta Engineering Components,PO2025000847,GRN2025000847,18.0,18,18,209.46,209.46,0.0,0.0,3770.28,4222.71,HOLD,DUPLICATE_AMOUNT_VENDOR,0.0
INV2025000848,V006,Falcon Electricals India Pvt Ltd,PO2025000848,GRN2025000848,127.0,127,127,718.02,718.02,0.0,0.0,91188.54,95747.97,PASS,CLEAN,0.0
INV2025000849,V010,Jupiter Office Products,PO2025000849,GRN2025000849,217.0,217,217,6177.74,6177.74,0.0,0.0,1340569.58,1581872.1,PASS,CLEAN,0.0
INV2025000850,V011,Kaveri Industrial Traders,PO2025000850,GRN2025000850,64.0,48,48,664.78,664.78,0.0,0.0,31909.44,37653.14,PASS,CLEAN,0.0
INV2025000851,V011,Kaveri Industrial Traders,PO2025000851,GRN2025000851,85.0,85,85,386.84,386.84,0.0,0.0,32881.4,38800.05,PASS,CLEAN,0.0
INV2025000852,V014,Nova Tech Systems,PO2025000852,GRN2025000852,72.0,61,61,1423.12,1423.12,0.0,0.0,86810.32,91150.84,PASS,CLEAN,0.0
INV2025000853,V025,Arun Safety & PPE,PO2025000853,GRN2025000853,192.0,192,192,22767.38,22767.38,0.0,0.0,4371336.96,4895897.4,PASS,CLEAN,0.0
INV2025000854,V005,Evergreen Facility Products,PO2025000854,GRN2025000854,119.0,119,119,1144.34,1144.34,0.0,0.0,136176.46,152517.64,PASS,CLEAN,0.0
INV2025000855,V037,Magnus Tools,PO2025000855,GRN2025000855,109.0,109,109,1622.61,1908.19,17.6,0.0,207992.71,245431.4,HOLD,PRICE_VARIANCE,31128.22
INV2025000856,V013,Metro Fasteners,PO2025000856,GRN2025000856,72.0,72,72,697.74,697.74,0.0,0.0,50237.28,59279.99,PASS,CLEAN,0.0
INV2025000857,V021,United Process Equipment,PO2025000857,GRN2025000857,219.0,219,219,779.59,779.59,0.0,0.0,170730.21,201461.65,PASS,CLEAN,0.0
INV2025000858,V006,Falcon Electricals India Pvt Ltd,PO2025000858,GRN2025000858,245.0,245,236,441.31,441.31,0.0,-3.67,104149.16,109356.62,PASS,CLEAN,0.0
INV2025000859,V025,Arun Safety & PPE,PO2025000859,GRN2025000859,116.0,116,116,398.23,398.23,0.0,0.0,46194.68,51738.04,PASS,CLEAN,0.0
INV2025000861,V005,Evergreen Facility Products,PO2025000861,GRN2025000861,163.0,163,163,934.02,934.02,0.0,0.0,152245.26,170514.69,PASS,CLEAN,0.0
INV2025000862,V021,United Process Equipment,PO2025000862,GRN2025000862,41.0,41,41,234.33,234.33,0.0,0.0,9607.53,11336.89,PASS,CLEAN,0.0
INV2025000863,V025,Arun Safety & PPE,PO2025000863,GRN2025000863,168.0,168,168,253.29,253.29,0.0,0.0,42552.72,47659.05,PASS,CLEAN,0.0
INV2025000864,V006,Falcon Electricals India Pvt Ltd,PO2025000864,GRN2025000864,35.0,35,35,523.04,523.04,0.0,0.0,18306.4,19221.72,PASS,CLEAN,0.0
INV2025000865,V026,Bharat Industrial Stores,PO2025000865,GRN2025000865,128.0,100,100,755.94,755.94,0.0,0.0,75594.0,89200.92,PASS,CLEAN,0.0
INV2025000866,V033,Innovatech Solutions,PO2025000866,GRN2025000866,58.0,58,58,24236.41,24236.41,0.0,0.0,1405711.78,1475997.37,PASS,CLEAN,0.0
INV2025000867,V005,Evergreen Facility Products,PO2025000867,GRN2025000867,72.0,72,72,884.23,884.23,0.0,0.0,63664.56,71304.31,PASS,CLEAN,0.0
INV2025000868,V004,Delta Engineering Components,PO2025000868,GRN2025000868,129.0,129,129,38104.08,38104.08,0.0,0.0,4915426.32,5505277.48,PASS,CLEAN,0.0
INV2025000869,V002,BluePeak Office Systems Pvt Ltd,PO2025000869,GRN2025000869,214.0,214,214,1436.3,1436.3,0.0,0.0,307368.2,344252.38,PASS,CLEAN,0.0
INV2025000870,V003,Crown Packaging Solutions,PO2025000870,GRN2025000870,248.0,248,248,1172.67,1172.67,0.0,0.0,290822.16,305363.27,PASS,CLEAN,0.0
INV2025000871,V020,Trident Facility Services,PO2025000871,GRN2025000871,88.0,88,88,124.58,124.58,0.0,0.0,10963.04,12278.6,PASS,CLEAN,0.0
INV2025000872,V030,Frontier Components,PO2025000872,GRN2025000872,65.0,65,65,592.26,592.26,0.0,0.0,38496.9,45426.34,PASS,CLEAN,0.0
INV2025000873,V014,Nova Tech Systems,PO2025000873,GRN2025000873,41.0,41,41,105.6,105.6,0.0,0.0,4329.6,4546.08,PASS,CLEAN,0.0
INV2025000874,V010,Jupiter Office Products,PO2025000874,GRN2025000874,229.0,229,229,3688.59,4320.88,17.14,0.0,989481.52,1167588.19,HOLD,PRICE_VARIANCE,144794.41
INV2025000875,V011,Kaveri Industrial Traders,PO2025000875,GRN2025000875,148.0,90,90,186.54,186.54,0.0,0.0,16788.6,19810.55,PASS,CLEAN,0.0
INV2026000875,V011,Kaveri Industrial Traders,PO2025000875,GRN2025000875,148.0,90,90,186.54,186.54,0.0,0.0,16788.6,19810.55,HOLD,DUPLICATE_AMOUNT_VENDOR,0.0
INV2025000877,V010,Jupiter Office Products,PO2025000877,GRN2025000877,13.0,13,13,186.02,205.91,10.69,0.0,2676.83,3158.66,HOLD,PRICE_VARIANCE,258.57
INV2025000878,V010,Jupiter Office Products,PO2025000878,,70.0,70,70,3079.4,3079.4,0.0,0.0,215558.0,254358.44,HOLD,MISSING_GRN,0.0
INV2025000879,V019,Sigma Industrial Products,PO2025000879,GRN2025000879,148.0,148,148,12619.68,12619.68,0.0,0.0,1867712.64,2091838.16,PASS,CLEAN,0.0
INV2025000880,V029,Eagle Stationery Solutions,PO2025000880,GRN2025000880,66.0,66,66,25582.66,25582.66,0.0,0.0,1688455.56,1992377.56,PASS,CLEAN,0.0
INV2025000881,V012,Lotus Packaging India Pvt Ltd,PO2025000881,GRN2025000881,61.0,61,61,774.04,774.04,0.0,0.0,47216.44,52882.41,PASS,CLEAN,0.0
INV2025000882,V028,Dynamo Power Systems,PO2025000882,GRN2025000882,219.0,219,219,159.24,159.24,0.0,0.0,34873.56,36617.24,PASS,CLEAN,0.0
INV2025000883,V024,Zenith Engineering Supplies,PO2025000883,GRN2025000883,173.0,173,173,203.04,203.04,0.0,0.0,35125.92,39341.03,PASS,CLEAN,0.0
INV2025000884,V002,BluePeak Office Systems Pvt Ltd,PO2025000884,GRN2025000884,162.0,162,162,243.25,243.25,0.0,0.0,39406.5,44135.28,PASS,CLEAN,0.0
INV2025000885,V017,Quantum Electricals,PO2025000885,GRN2025000885,241.0,241,241,902.16,902.16,0.0,0.0,217420.56,256556.26,PASS,CLEAN,0.0
INV2025000886,V030,Frontier Components,PO2025000886,GRN2025000886,2.0,2,2,1483.72,1483.72,0.0,0.0,2967.44,3501.58,PASS,CLEAN,0.0
INV2025000887,V013,Metro Fasteners,PO2025000887,GRN2025000887,250.0,250,250,1128.22,1128.22,0.0,0.0,282055.0,332824.9,PASS,CLEAN,0.0
INV2025000888,V023,Westline Consumables,PO2025000888,GRN2025000888,30.0,30,30,10950.95,10950.95,0.0,0.0,328528.5,367951.92,PASS,CLEAN,0.0
INV2025000889,V005,Evergreen Facility Products,PO2025000889,GRN2025000889,29.0,29,30,10603.59,10603.59,0.0,3.45,318107.7,356280.62,HOLD,QTY_OVER_RECEIPT,10603.59
INV2025000890,V040,Pioneer Electrical Traders,PO2025000890,GRN2025000890,77.0,77,77,39311.51,39311.51,0.0,0.0,3026986.27,3571843.8,PASS,CLEAN,0.0
INV2025000891,V033,Innovatech Solutions,PO2025000891,GRN2025000891,5.0,4,4,103.6,103.6,0.0,0.0,414.4,435.12,PASS,CLEAN,0.0
INV2025000892,V009,Indus Mechanical Works,PO2025000892,GRN2025000892,153.0,153,149,737.23,737.23,0.0,-2.61,109847.27,123028.94,PASS,CLEAN,0.0
INV2025000893,V038,NexGen Components,PO2025000893,GRN2025000893,199.0,199,199,730.47,730.47,0.0,0.0,145363.53,171528.97,PASS,CLEAN,0.0
INV2025000894,V030,Frontier Components,PO2025000894,GRN2025000894,26.0,26,26,327.02,327.02,0.0,0.0,8502.52,10032.97,PASS,CLEAN,0.0
INV2025000895,V024,Zenith Engineering Supplies,PO2025000895,GRN2025000895,168.0,168,168,831.53,831.53,0.0,0.0,139697.04,156460.68,PASS,CLEAN,0.0
INV2025000896,V022,Vertex Automation,PO2025000896,GRN2025000896,107.0,65,65,1187.04,1187.04,0.0,0.0,77157.6,91045.97,PASS,CLEAN,0.0
INV2025000897,V032,Helios Controls,PO2025000897,GRN2025000897,120.0,84,84,1084.17,1084.17,0.0,0.0,91070.28,107462.93,PASS,CLEAN,0.0
INV2025000898,V026,Bharat Industrial Stores,PO2025000898,GRN2025000898,36.0,20,20,2071.54,2071.54,0.0,0.0,41430.8,48888.34,PASS,CLEAN,0.0
INV2025000899,V020,Trident Facility Services,PO2025000899,GRN2025000899,207.0,207,207,980.64,980.64,0.0,0.0,202992.48,227351.58,PASS,CLEAN,0.0
INV2025000900,V019,Sigma Industrial Products,PO2025000900,GRN2025000900,114.0,100,100,1604.1,1604.1,0.0,0.0,160410.0,179659.2,PASS,CLEAN,0.0
INV2025000902,V025,Arun Safety & PPE,PO2025000902,GRN2025000902,87.0,87,87,601.82,601.82,0.0,0.0,52358.34,58641.34,PASS,CLEAN,0.0
INV2026000902,V025,Arun Safety & PPE,PO2025000902,GRN2025000902,87.0,87,87,601.82,601.82,0.0,0.0,52358.34,58641.34,HOLD,DUPLICATE_AMOUNT_VENDOR,0.0
INV2025000903,V007,Gamma Safety Solutions,PO2025000903,GRN2025000903,215.0,215,215,1426.11,1426.11,0.0,0.0,306613.65,321944.33,PASS,CLEAN,0.0
INV2025000904,V017,Quantum Electricals,PO2025000904,GRN2025000904,157.0,157,152,96.28,96.28,0.0,-3.18,14634.56,17268.78,PASS,CLEAN,0.0
INV2025000905,V017,Quantum Electricals,PO2025000905,GRN2025000905,81.0,81,81,424.34,424.34,0.0,0.0,34371.54,40558.42,PASS,CLEAN,0.0
INV2025000906,V033,Innovatech Solutions,PO2025000906,GRN2025000906,54.0,57,57,614.4,614.4,0.0,0.0,35020.8,36771.84,PASS,CLEAN,0.0
INV2025000907,V016,Prime Tools & Components,PO2025000907,GRN2025000907,151.0,151,158,393.16,393.16,0.0,4.64,62119.28,69573.59,HOLD,QTY_OVER_RECEIPT,2752.12
INV2025000908,V025,Arun Safety & PPE,PO2025000908,GRN2025000908,194.0,194,194,2880.81,2880.81,0.0,0.0,558877.14,625942.4,PASS,CLEAN,0.0
INV2025000909,V032,Helios Controls,PO2025000909,GRN2025000909,211.0,151,151,1922.71,1922.71,0.0,0.0,290329.21,342588.47,PASS,CLEAN,0.0
INV2025000910,V002,BluePeak Office Systems Pvt Ltd,PO2025000910,GRN2025000910,240.0,240,240,1004.48,1004.48,0.0,0.0,241075.2,270004.22,PASS,CLEAN,0.0
INV2025000912,V003,Crown Packaging Solutions,PO2025000912,GRN2025000912,97.0,97,97,23026.62,23026.62,0.0,0.0,2233582.14,2345261.25,PASS,CLEAN,0.0
INV2025000913,V003,Crown Packaging Solutions,PO2025000913,GRN2025000913,155.0,155,155,6097.49,6097.49,0.0,0.0,945110.95,992366.5,PASS,CLEAN,0.0
INV2025000914,V029,Eagle Stationery Solutions,PO2025000914,GRN2025000914,212.0,212,212,659.53,659.53,0.0,0.0,139820.36,164988.02,PASS,CLEAN,0.0
INV2025000915,V008,Horizon IT Distribution,PO2025000915,GRN2025000915,194.0,194,194,1414.49,1414.49,0.0,0.0,274411.06,323805.05,PASS,CLEAN,0.0
INV2025000916,V012,Lotus Packaging India Pvt Ltd,PO2025000916,GRN2025000916,96.0,96,96,1390.75,1390.75,0.0,0.0,133512.0,149533.44,PASS,CLEAN,0.0
INV2025000917,V035,Keystone Industrial Products,,GRN2025000917,,0,43,,1173.19,,,50447.17,56500.83,HOLD,MISSING_PO,50447.17
INV2025000918,V031,Ganga Hardware Traders,PO2025000918,GRN2025000918,49.0,50,50,331.53,370.04,11.62,0.0,18502.0,19427.1,HOLD,PRICE_VARIANCE,1925.5
INV2025000919,V020,Trident Facility Services,PO2025000919,GRN2025000919,185.0,185,185,1028.96,1028.96,0.0,0.0,190357.6,213200.51,PASS,CLEAN,0.0
INV2025000920,V020,Trident Facility Services,PO2025000920,GRN2025000920,199.0,199,199,12302.29,12302.29,0.0,0.0,2448155.71,2741934.4,PASS,CLEAN,0.0
INV2025000921,V026,Bharat Industrial Stores,PO2025000921,GRN2025000921,182.0,182,195,637.65,637.65,0.0,7.14,124341.75,146723.26,HOLD,QTY_OVER_RECEIPT,8289.45
INV2025000922,V025,Arun Safety & PPE,PO2025000922,GRN2025000922,105.0,100,100,11156.47,11156.47,0.0,0.0,1115647.0,1249524.64,PASS,CLEAN,0.0
INV2025000923,V014,Nova Tech Systems,PO2025000923,GRN2025000923,85.0,85,85,159.39,159.39,0.0,0.0,13548.15,14225.56,PASS,CLEAN,0.0
INV2025000924,V034,Jade Logistics Supplies,PO2025000924,GRN2025000924,23.0,23,23,538.35,606.87,12.73,0.0,13958.01,16470.45,HOLD,PRICE_VARIANCE,1575.96
INV2025000925,V027,Crest Chemicals,PO2025000925,GRN2025000925,171.0,171,171,874.55,874.55,0.0,0.0,149548.05,167493.82,PASS,CLEAN,0.0
INV2025000926,V038,NexGen Components,PO2025000926,GRN2025000926,83.0,83,83,467.7,467.7,0.0,0.0,38819.1,45806.54,PASS,CLEAN,0.0
INV2025000927,V004,Delta Engineering Components,PO2025000927,GRN2025000927,235.0,235,235,1299.02,1299.02,0.0,0.0,305269.7,341902.06,PASS,CLEAN,0.0
INV2025000928,V012,Lotus Packaging India Pvt Ltd,PO2025000928,GRN2025000928,82.0,82,82,17074.49,17074.49,0.0,0.0,1400108.18,1568121.16,PASS,CLEAN,0.0
INV2025000929,V024,Zenith Engineering Supplies,PO2025000929,GRN2025000929,151.0,151,151,12830.01,12830.01,0.0,0.0,1937331.51,2169811.29,PASS,CLEAN,0.0
INV2025000930,V003,Crown Packaging Solutions,PO2025000930,GRN2025000930,205.0,194,194,1899.73,1899.73,0.0,0.0,368547.62,386975.0,PASS,CLEAN,0.0
INV2025000931,V023,Westline Consumables,PO2025000931,GRN2025000931,186.0,128,128,715.98,715.98,0.0,0.0,91645.44,102642.89,PASS,CLEAN,0.0
INV2025000932,V025,Arun Safety & PPE,PO2025000932,GRN2025000932,198.0,198,198,666.93,666.93,0.0,0.0,132052.14,147898.4,PASS,CLEAN,0.0
INV2025000933,V021,United Process Equipment,PO2025000933,GRN2025000933,78.0,78,78,626.02,626.02,0.0,0.0,48829.56,57618.88,PASS,CLEAN,0.0
INV2025000934,V028,Dynamo Power Systems,PO2025000934,GRN2025000934,177.0,177,177,174.94,174.94,0.0,0.0,30964.38,32512.6,PASS,CLEAN,0.0
INV2025000935,V038,NexGen Components,PO2025000935,GRN2025000935,138.0,138,138,1302.63,1302.63,0.0,0.0,179762.94,212120.27,PASS,CLEAN,0.0
INV2025000936,V040,Pioneer Electrical Traders,PO2025000936,GRN2025000936,223.0,230,230,37081.95,37081.95,0.0,0.0,8528848.5,10064041.23,PASS,CLEAN,0.0
INV2025000937,V029,Eagle Stationery Solutions,PO2025000937,GRN2025000937,243.0,168,168,555.5,555.5,0.0,0.0,93324.0,110122.32,PASS,CLEAN,0.0
INV2025000938,V024,Zenith Engineering Supplies,PO2025000938,GRN2025000938,234.0,234,234,681.63,681.63,0.0,0.0,159501.42,178641.59,PASS,CLEAN,0.0
INV2025000939,V023,Westline Consumables,,GRN2025000939,,0,177,,632.26,,,111910.02,125339.22,HOLD,MISSING_PO,111910.02
INV2025000940,V033,Innovatech Solutions,PO2025000940,GRN2025000940,2.0,3,3,756.47,756.47,0.0,0.0,2269.41,2382.88,PASS,CLEAN,0.0
INV2025000941,V031,Ganga Hardware Traders,PO2025000941,GRN2025000941,49.0,49,49,3077.02,3077.02,0.0,0.0,150773.98,158312.68,PASS,CLEAN,0.0
INV2025000942,V006,Falcon Electricals India Pvt Ltd,PO2025000942,GRN2025000942,64.0,54,54,718.68,718.68,0.0,0.0,38808.72,40749.16,PASS,CLEAN,0.0
INV2025000943,V035,Keystone Industrial Products,PO2025000943,GRN2025000943,24.0,24,24,809.96,809.96,0.0,0.0,19439.04,21771.72,PASS,CLEAN,0.0
INV2025000945,V024,Zenith Engineering Supplies,PO2025000945,GRN2025000945,180.0,187,187,914.88,914.88,0.0,0.0,171082.56,191612.47,PASS,CLEAN,0.0
INV2025000946,V002,BluePeak Office Systems Pvt Ltd,PO2025000946,GRN2025000946,128.0,128,128,1141.23,1141.23,0.0,0.0,146077.44,163606.73,PASS,CLEAN,0.0
INV2025000947,V021,United Process Equipment,PO2025000947,GRN2025000947,167.0,167,163,3018.14,3018.14,0.0,-2.4,491956.82,580509.05,PASS,CLEAN,0.0
INV2025000948,V022,Vertex Automation,PO2025000948,GRN2025000948,157.0,157,157,1171.85,1171.85,0.0,0.0,183980.45,217096.93,PASS,CLEAN,0.0
INV2025000949,V001,Apex Industrial Supplies Pvt Ltd,PO2025000949,GRN2025000949,23.0,24,24,603.84,603.84,0.0,0.0,14492.16,15216.77,PASS,CLEAN,0.0
INV2025000950,V017,Quantum Electricals,PO2025000950,GRN2025000950,74.0,74,73,1324.33,1324.33,0.0,-1.35,96676.09,114077.79,PASS,CLEAN,0.0
INV2025000951,V016,Prime Tools & Components,PO2025000951,GRN2025000951,223.0,223,223,16107.34,16107.34,0.0,0.0,3591936.82,4022969.24,PASS,CLEAN,0.0
INV2025000952,V001,Apex Industrial Supplies Pvt Ltd,PO2025000952,GRN2025000952,97.0,97,97,182.97,182.97,0.0,0.0,17748.09,18635.49,PASS,CLEAN,0.0
INV2025000953,V018,Ridgeway Bearings,PO2025000953,GRN2025000953,196.0,196,196,785.15,785.15,0.0,0.0,153889.4,161583.87,PASS,CLEAN,0.0
INV2025000954,V019,Sigma Industrial Products,PO2025000954,GRN2025000954,101.0,89,89,1528.24,1528.24,0.0,0.0,136013.36,152334.96,PASS,CLEAN,0.0
INV2025000955,V009,Indus Mechanical Works,PO2025000955,GRN2025000955,43.0,43,43,204.86,204.86,0.0,0.0,8808.98,9866.06,PASS,CLEAN,0.0
INV2025000956,V020,Trident Facility Services,PO2025000956,GRN2025000956,125.0,125,125,247.22,247.22,0.0,0.0,30902.5,34610.8,PASS,CLEAN,0.0
INV2025000957,V014,Nova Tech Systems,PO2025000957,GRN2025000957,210.0,210,210,2633.82,2966.24,12.62,0.0,622910.4,654055.92,HOLD,PRICE_VARIANCE,69808.2
INV2025000958,V011,Kaveri Industrial Traders,PO2025000958,GRN2025000958,41.0,32,32,3153.75,3153.75,0.0,0.0,100920.0,119085.6,PASS,CLEAN,0.0
INV2025000959,V022,Vertex Automation,PO2025000959,GRN2025000959,147.0,147,147,1098.47,1288.87,17.33,0.0,189463.89,223567.39,HOLD,PRICE_VARIANCE,27988.8
INV2025000960,V016,Prime Tools & Components,PO2025000960,GRN2025000960,56.0,56,56,4308.13,4308.13,0.0,0.0,241255.28,270205.91,PASS,CLEAN,0.0
INV2025000961,V035,Keystone Industrial Products,PO2025000961,GRN2025000961,109.0,109,102,763.39,763.39,0.0,-6.42,77865.78,87209.67,PASS,CLEAN,0.0
INV2025000962,V020,Trident Facility Services,PO2025000962,GRN2025000962,179.0,179,195,435.95,435.95,0.0,8.94,85010.25,95211.48,HOLD,QTY_OVER_RECEIPT,6975.2
INV2025000963,V035,Keystone Industrial Products,PO2025000963,GRN2025000963,38.0,38,38,915.15,915.15,0.0,0.0,34775.7,38948.78,PASS,CLEAN,0.0
INV2025000964,V023,Westline Consumables,,GRN2025000964,,0,210,,481.78,,,101173.8,113314.66,HOLD,MISSING_PO,101173.8
INV2025000965,V039,Omkar Facility Products,PO2025000965,GRN2025000965,248.0,248,248,469.57,469.57,0.0,0.0,116453.36,122276.03,PASS,CLEAN,0.0
INV2025000966,V038,NexGen Components,PO2025000966,GRN2025000966,165.0,165,165,142.62,142.62,0.0,0.0,23532.3,27768.11,PASS,CLEAN,0.0
INV2025000968,V040,Pioneer Electrical Traders,PO2025000968,GRN2025000968,82.0,82,83,21799.25,21799.25,0.0,1.22,1809337.75,2135018.54,HOLD,QTY_OVER_RECEIPT,21799.25
INV2025000969,V017,Quantum Electricals,PO2025000969,GRN2025000969,161.0,161,161,759.69,759.69,0.0,0.0,122310.09,144325.91,PASS,CLEAN,0.0
INV2025000970,V011,Kaveri Industrial Traders,PO2025000970,GRN2025000970,98.0,98,98,481.63,481.63,0.0,0.0,47199.74,55695.69,PASS,CLEAN,0.0
INV2025000971,V029,Eagle Stationery Solutions,PO2025000971,GRN2025000971,88.0,91,91,726.23,726.23,0.0,0.0,66086.93,77982.58,PASS,CLEAN,0.0
INV2025000972,V002,BluePeak Office Systems Pvt Ltd,PO2025000972,GRN2025000972,45.0,45,45,188.65,188.65,0.0,0.0,8489.25,9507.96,PASS,CLEAN,0.0
INV2025000973,V022,Vertex Automation,PO2025000973,GRN2025000973,18.0,18,18,27648.5,27648.5,0.0,0.0,497673.0,587254.14,PASS,CLEAN,0.0
INV2025000974,V018,Ridgeway Bearings,PO2025000974,GRN2025000974,132.0,132,132,588.91,588.91,0.0,0.0,77736.12,81622.93,PASS,CLEAN,0.0
INV2025000975,V035,Keystone Industrial Products,PO2025000975,GRN2025000975,248.0,248,248,614.83,614.83,0.0,0.0,152477.84,170775.18,PASS,CLEAN,0.0
INV2025000976,V024,Zenith Engineering Supplies,PO2025000976,GRN2025000976,92.0,92,92,2882.15,2882.15,0.0,0.0,265157.8,296976.74,PASS,CLEAN,0.0
INV2025000977,V019,Sigma Industrial Products,PO2025000977,GRN2025000977,206.0,209,209,744.78,744.78,0.0,0.0,155659.02,174338.1,PASS,CLEAN,0.0
INV2025000978,V032,Helios Controls,PO2025000978,GRN2025000978,129.0,129,129,20688.84,20688.84,0.0,0.0,2668860.36,3149255.22,PASS,CLEAN,0.0
INV2025000979,V002,BluePeak Office Systems Pvt Ltd,PO2025000979,GRN2025000979,225.0,198,198,705.95,705.95,0.0,0.0,139778.1,156551.47,PASS,CLEAN,0.0
INV2025000980,V001,Apex Industrial Supplies Pvt Ltd,PO2025000980,GRN2025000980,243.0,168,168,1539.94,1641.44,6.59,0.0,275761.92,289550.02,HOLD,PRICE_VARIANCE,17052.0
INV2025000981,V037,Magnus Tools,PO2025000981,GRN2025000981,59.0,59,59,94.94,94.94,0.0,0.0,5601.46,6609.72,PASS,CLEAN,0.0
INV2025000982,V030,Frontier Components,PO2025000982,GRN2025000982,182.0,167,167,549.54,549.54,0.0,0.0,91773.18,108292.35,PASS,CLEAN,0.0
INV2025000983,V005,Evergreen Facility Products,PO2025000983,GRN2025000983,48.0,29,29,675.66,675.66,0.0,0.0,19594.14,21945.44,PASS,CLEAN,0.0
INV2025000984,V040,Pioneer Electrical Traders,PO2025000984,GRN2025000984,156.0,156,156,463.95,463.95,0.0,0.0,72376.2,85403.92,PASS,CLEAN,0.0
INV2025000985,V036,Lumina Office Technologies,PO2025000985,GRN2025000985,201.0,121,121,126.94,126.94,0.0,0.0,15359.74,18124.49,PASS,CLEAN,0.0
INV2025000986,V016,Prime Tools & Components,PO2025000986,GRN2025000986,181.0,181,181,12032.09,12032.09,0.0,0.0,2177808.29,2439145.28,PASS,CLEAN,0.0
INV2025000987,V039,Omkar Facility Products,PO2025000987,GRN2025000987,52.0,52,52,600.41,600.41,0.0,0.0,31221.32,32782.39,PASS,CLEAN,0.0
INV2025000988,V030,Frontier Components,PO2025000988,GRN2025000988,97.0,97,97,1225.98,1225.98,0.0,0.0,118920.06,140325.67,PASS,CLEAN,0.0
INV2025000989,V036,Lumina Office Technologies,PO2025000989,GRN2025000989,142.0,142,142,4941.67,4941.67,0.0,0.0,701717.14,828026.23,PASS,CLEAN,0.0
INV2025000990,V006,Falcon Electricals India Pvt Ltd,PO2025000990,GRN2025000990,125.0,125,125,518.47,518.47,0.0,0.0,64808.75,68049.19,PASS,CLEAN,0.0
INV2025000991,V022,Vertex Automation,PO2025000991,GRN2025000991,142.0,142,142,197.5,197.5,0.0,0.0,28045.0,33093.1,PASS,CLEAN,0.0
INV2025000992,V039,Omkar Facility Products,PO2025000992,GRN2025000992,223.0,223,223,13232.96,13232.96,0.0,0.0,2950950.08,3098497.58,PASS,CLEAN,0.0
INV2025000993,V027,Crest Chemicals,PO2025000993,GRN2025000993,179.0,179,179,39065.49,39065.49,0.0,0.0,6992722.71,7831849.44,PASS,CLEAN,0.0
INV2025000994,V007,Gamma Safety Solutions,PO2025000994,GRN2025000994,228.0,174,174,189.78,189.78,0.0,0.0,33021.72,34672.81,PASS,CLEAN,0.0
INV2026000994,V007,Gamma Safety Solutions,PO2025000994,GRN2025000994,228.0,174,174,189.78,189.78,0.0,0.0,33021.72,34672.81,HOLD,DUPLICATE_AMOUNT_VENDOR,0.0
INV2025000995,V003,Crown Packaging Solutions,PO2025000995,GRN2025000995,240.0,240,240,2704.92,2704.92,0.0,0.0,649180.8,681639.84,PASS,CLEAN,0.0
INV2025000996,V009,Indus Mechanical Works,PO2025000996,GRN2025000996,31.0,31,31,464.3,464.3,0.0,0.0,14393.3,16120.5,PASS,CLEAN,0.0
INV2025000997,V037,Magnus Tools,PO2025000997,GRN2025000997,5.0,5,5,1243.35,1243.35,0.0,0.0,6216.75,7335.77,PASS,CLEAN,0.0
INV2025000998,V026,Bharat Industrial Stores,PO2025000998,GRN2025000998,250.0,250,250,16809.57,16809.57,0.0,0.0,4202392.5,4958823.15,PASS,CLEAN,0.0
INV2025000999,V009,Indus Mechanical Works,PO2025000999,GRN2025000999,5.0,5,5,147.9,147.9,0.0,0.0,739.5,828.24,PASS,CLEAN,0.0
INV2025001000,V012,Lotus Packaging India Pvt Ltd,PO2025001000,GRN2025001000,25.0,25,25,221.68,221.68,0.0,0.0,5542.0,6207.04,PASS,CLEAN,0.0
INV2025001001,V029,Eagle Stationery Solutions,PO2025001001,GRN2025001001,26.0,26,26,1247.14,1247.14,0.0,0.0,32425.64,38262.26,PASS,CLEAN,0.0
INV2025001002,V020,Trident Facility Services,PO2025001002,GRN2025001002,249.0,249,249,2948.12,2948.12,0.0,0.0,734081.88,822171.71,PASS,CLEAN,0.0
INV2025001003,V030,Frontier Components,PO2025001003,GRN2025001003,35.0,35,35,31985.82,31985.82,0.0,0.0,1119503.7,1321014.37,PASS,CLEAN,0.0
INV2025001004,V017,Quantum Electricals,PO2025001004,GRN2025001004,221.0,221,221,24909.55,24909.55,0.0,0.0,5505010.55,6495912.45,PASS,CLEAN,0.0
INV2025001005,V031,Ganga Hardware Traders,PO2025001005,GRN2025001005,93.0,93,93,158.37,158.37,0.0,0.0,14728.41,15464.83,PASS,CLEAN,0.0
INV2025001006,V005,Evergreen Facility Products,PO2025001006,GRN2025001006,239.0,239,239,1164.38,1164.38,0.0,0.0,278286.82,311681.24,PASS,CLEAN,0.0
INV2025001007,V022,Vertex Automation,PO2025001007,,144.0,134,144,1595.33,1595.33,0.0,7.46,229727.52,271078.47,HOLD,MISSING_GRN;QTY_OVER_RECEIPT,15953.3
INV2025001008,V038,NexGen Components,PO2025001008,GRN2025001008,150.0,104,104,2580.93,2580.93,0.0,0.0,268416.72,316731.73,PASS,CLEAN,0.0
INV2025001009,V002,BluePeak Office Systems Pvt Ltd,PO2025001009,GRN2025001009,70.0,53,53,1761.6,1761.6,0.0,0.0,93364.8,104568.58,PASS,CLEAN,0.0
INV2025001010,V016,Prime Tools & Components,PO2025001010,GRN2025001010,198.0,198,198,836.06,836.06,0.0,0.0,165539.88,185404.67,PASS,CLEAN,0.0
INV2025001011,V018,Ridgeway Bearings,PO2025001011,GRN2025001011,191.0,162,162,748.81,748.81,0.0,0.0,121307.22,127372.58,PASS,CLEAN,0.0
INV2025001012,V019,Sigma Industrial Products,PO2025001012,GRN2025001012,126.0,126,126,12231.97,12231.97,0.0,0.0,1541228.22,1726175.61,PASS,CLEAN,0.0
INV2025001013,V015,Orbit Maintenance Supplies,PO2025001013,GRN2025001013,213.0,213,213,862.11,978.27,13.47,0.0,208371.51,245878.38,HOLD,PRICE_VARIANCE,24742.08
INV2025001014,V020,Trident Facility Services,PO2025001014,GRN2025001014,129.0,129,129,39474.54,42741.84,8.28,0.0,5513697.36,6175341.04,HOLD,PRICE_VARIANCE,421481.7
INV2025001015,V002,BluePeak Office Systems Pvt Ltd,PO2025001015,GRN2025001015,43.0,43,43,1274.81,1274.81,0.0,0.0,54816.83,61394.85,PASS,CLEAN,0.0
INV2025001016,V037,Magnus Tools,PO2025001016,GRN2025001016,29.0,29,29,1167.01,1167.01,0.0,0.0,33843.29,39935.08,PASS,CLEAN,0.0
INV2025001017,V025,Arun Safety & PPE,PO2025001017,GRN2025001017,206.0,206,206,1081.94,1081.94,0.0,0.0,222879.64,249625.2,PASS,CLEAN,0.0
INV2025001018,V011,Kaveri Industrial Traders,PO2025001018,GRN2025001018,139.0,139,139,3284.4,3818.55,16.26,0.0,530778.45,626318.57,HOLD,PRICE_VARIANCE,74246.85
INV2025001019,V023,Westline Consumables,PO2025001019,GRN2025001019,76.0,76,76,630.29,630.29,0.0,0.0,47902.04,53650.28,PASS,CLEAN,0.0
INV2025001020,V025,Arun Safety & PPE,PO2025001020,GRN2025001020,224.0,224,224,2345.24,2345.24,0.0,0.0,525333.76,588373.81,PASS,CLEAN,0.0
INV2025001021,V040,Pioneer Electrical Traders,PO2025001021,GRN2025001021,11.0,10,11,1511.46,1511.46,0.0,10.0,16626.06,19618.75,HOLD,QTY_OVER_RECEIPT,1511.46
INV2025001022,V009,Indus Mechanical Works,PO2025001022,GRN2025001022,4.0,2,2,1947.57,1947.57,0.0,0.0,3895.14,4362.56,PASS,CLEAN,0.0
INV2025001023,V028,Dynamo Power Systems,PO2025001023,GRN2025001023,41.0,41,41,104.26,104.26,0.0,0.0,4274.66,4488.39,PASS,CLEAN,0.0
INV2025001024,V030,Frontier Components,PO2025001024,GRN2025001024,111.0,98,98,18481.38,18481.38,0.0,0.0,1811175.24,2137186.78,PASS,CLEAN,0.0
INV2025001026,V040,Pioneer Electrical Traders,PO2025001026,GRN2025001026,105.0,110,110,491.32,491.32,0.0,0.0,54045.2,63773.34,PASS,CLEAN,0.0
INV2025001027,V032,Helios Controls,PO2025001027,GRN2025001027,193.0,193,193,603.65,603.65,0.0,0.0,116504.45,137475.25,PASS,CLEAN,0.0
INV2025001028,V014,Nova Tech Systems,PO2025001028,GRN2025001028,172.0,117,101,934.29,934.29,0.0,-13.68,94363.29,99081.45,PASS,CLEAN,0.0
INV2025001029,V017,Quantum Electricals,PO2025001029,GRN2025001029,43.0,43,43,155.09,155.09,0.0,0.0,6668.87,7869.27,PASS,CLEAN,0.0
INV2025001030,V021,United Process Equipment,PO2025001030,GRN2025001030,157.0,157,157,148.65,148.65,0.0,0.0,23338.05,27538.9,PASS,CLEAN,0.0
INV2025001031,V038,NexGen Components,PO2025001031,GRN2025001031,24.0,24,24,1972.76,1972.76,0.0,0.0,47346.24,55868.56,PASS,CLEAN,0.0
INV2025001032,V028,Dynamo Power Systems,PO2025001032,GRN2025001032,87.0,87,87,510.98,510.98,0.0,0.0,44455.26,46678.02,PASS,CLEAN,0.0
INV2025001033,V009,Indus Mechanical Works,PO2025001033,GRN2025001033,120.0,103,103,3661.81,3661.81,0.0,0.0,377166.43,422426.4,PASS,CLEAN,0.0
INV2025001034,V023,Westline Consumables,PO2025001034,GRN2025001034,227.0,227,227,1430.67,1430.67,0.0,0.0,324762.09,363733.54,PASS,CLEAN,0.0
INV2025001035,V031,Ganga Hardware Traders,PO2025001035,GRN2025001035,160.0,160,160,14341.7,14341.7,0.0,0.0,2294672.0,2409405.6,PASS,CLEAN,0.0
INV2025001037,V027,Crest Chemicals,PO2025001037,GRN2025001037,114.0,114,114,732.35,732.35,0.0,0.0,83487.9,93506.45,PASS,CLEAN,0.0
INV2025001038,V027,Crest Chemicals,PO2025001038,GRN2025001038,93.0,93,93,840.45,840.45,0.0,0.0,78161.85,87541.27,PASS,CLEAN,0.0
INV2025001039,V012,Lotus Packaging India Pvt Ltd,PO2025001039,GRN2025001039,81.0,81,81,4153.42,4153.42,0.0,0.0,336427.02,376798.26,PASS,CLEAN,0.0
INV2025001040,V040,Pioneer Electrical Traders,PO2025001040,GRN2025001040,161.0,161,161,1501.55,1501.55,0.0,0.0,241749.55,285264.47,PASS,CLEAN,0.0
INV2025001041,V014,Nova Tech Systems,PO2025001041,GRN2025001041,110.0,110,110,720.78,800.78,11.1,0.0,88085.8,92490.09,HOLD,PRICE_VARIANCE,8800.0
INV2025001042,V009,Indus Mechanical Works,PO2025001042,GRN2025001042,193.0,193,193,269.45,269.45,0.0,0.0,52003.85,58244.31,PASS,CLEAN,0.0
INV2025001043,V032,Helios Controls,PO2025001043,GRN2025001043,99.0,99,99,1937.62,1937.62,0.0,0.0,191824.38,226352.77,PASS,CLEAN,0.0
INV2025001044,V035,Keystone Industrial Products,PO2025001044,GRN2025001044,85.0,60,61,187.04,187.04,0.0,1.67,11409.44,12778.57,HOLD,QTY_OVER_RECEIPT,187.04
INV2025001045,V018,Ridgeway Bearings,PO2025001045,GRN2025001045,196.0,169,169,143.32,143.32,0.0,0.0,24221.08,25432.13,PASS,CLEAN,0.0
INV2025001046,V022,Vertex Automation,PO2025001046,GRN2025001046,143.0,143,143,1058.42,1058.42,0.0,0.0,151354.06,178597.79,PASS,CLEAN,0.0
INV2025001047,V034,Jade Logistics Supplies,PO2025001047,GRN2025001047,147.0,147,147,162.47,162.47,0.0,0.0,23883.09,28182.05,PASS,CLEAN,0.0
INV2025001048,V015,Orbit Maintenance Supplies,PO2025001048,GRN2025001048,170.0,170,170,191.53,191.53,0.0,0.0,32560.1,38420.92,PASS,CLEAN,0.0
INV2025001049,V016,Prime Tools & Components,PO2025001049,GRN2025001049,111.0,111,111,147.72,147.72,0.0,0.0,16396.92,18364.55,PASS,CLEAN,0.0
INV2025001050,V028,Dynamo Power Systems,PO2025001050,GRN2025001050,108.0,108,108,185.15,185.15,0.0,0.0,19996.2,20996.01,PASS,CLEAN,0.0
INV2025001051,V012,Lotus Packaging India Pvt Ltd,PO2025001051,GRN2025001051,65.0,65,65,25721.38,25721.38,0.0,0.0,1671889.7,1872516.46,PASS,CLEAN,0.0
INV2025001052,V022,Vertex Automation,PO2025001052,GRN2025001052,7.0,7,7,873.43,873.43,0.0,0.0,6114.01,7214.53,PASS,CLEAN,0.0
INV2025001053,V030,Frontier Components,PO2025001053,GRN2025001053,13.0,13,13,539.15,539.15,0.0,0.0,7008.95,8270.56,PASS,CLEAN,0.0
INV2025001054,V015,Orbit Maintenance Supplies,PO2025001054,GRN2025001054,188.0,188,187,900.5,900.5,0.0,-0.53,168393.5,198704.33,PASS,CLEAN,0.0
INV2025001055,V035,Keystone Industrial Products,PO2025001055,GRN2025001055,176.0,176,176,987.7,987.7,0.0,0.0,173835.2,194695.42,PASS,CLEAN,0.0
INV2025001056,V015,Orbit Maintenance Supplies,PO2025001056,GRN2025001056,115.0,115,115,867.48,867.48,0.0,0.0,99760.2,117717.04,PASS,CLEAN,0.0
INV2025001057,V025,Arun Safety & PPE,PO2025001057,GRN2025001057,198.0,124,134,918.31,918.31,0.0,8.06,123053.54,137819.96,HOLD,QTY_OVER_RECEIPT,9183.1
INV2025001058,V028,Dynamo Power Systems,PO2025001058,GRN2025001058,111.0,111,111,383.26,383.26,0.0,0.0,42541.86,44668.95,PASS,CLEAN,0.0
INV2025001059,V014,Nova Tech Systems,PO2025001059,GRN2025001059,180.0,180,180,691.19,691.19,0.0,0.0,124414.2,130634.91,PASS,CLEAN,0.0
INV2025001060,V021,United Process Equipment,PO2025001060,GRN2025001060,12.0,9,9,1393.06,1393.06,0.0,0.0,12537.54,14794.3,PASS,CLEAN,0.0
INV2025001061,V011,Kaveri Industrial Traders,PO2025001061,GRN2025001061,74.0,74,73,17083.35,17083.35,0.0,-1.35,1247084.55,1471559.77,PASS,CLEAN,0.0
INV2025001062,V036,Lumina Office Technologies,PO2025001062,GRN2025001062,187.0,187,187,1262.15,1262.15,0.0,0.0,236022.05,278506.02,PASS,CLEAN,0.0
INV2025001063,V035,Keystone Industrial Products,PO2025001063,GRN2025001063,12.0,12,12,422.85,422.85,0.0,0.0,5074.2,5683.1,PASS,CLEAN,0.0
INV2025001064,V002,BluePeak Office Systems Pvt Ltd,PO2025001064,GRN2025001064,243.0,243,243,3098.64,3098.64,0.0,0.0,752969.52,843325.86,PASS,CLEAN,0.0
INV2025001065,V004,Delta Engineering Components,PO2025001065,GRN2025001065,91.0,91,91,573.45,573.45,0.0,0.0,52183.95,58446.02,PASS,CLEAN,0.0
INV2025001066,V019,Sigma Industrial Products,PO2025001066,GRN2025001066,27.0,27,29,514.74,514.74,0.0,7.41,14927.46,16718.76,HOLD,QTY_OVER_RECEIPT,1029.48
INV2025001067,V039,Omkar Facility Products,PO2025001067,GRN2025001067,91.0,74,74,2196.56,2196.56,0.0,0.0,162545.44,170672.71,PASS,CLEAN,0.0
INV2025001068,V008,Horizon IT Distribution,PO2025001068,GRN2025001068,6.0,7,7,1156.81,1156.81,0.0,0.0,8097.67,9555.25,PASS,CLEAN,0.0
INV2025001069,V017,Quantum Electricals,PO2025001069,GRN2025001069,196.0,196,196,25275.53,25275.53,0.0,0.0,4954003.88,5845724.58,PASS,CLEAN,0.0
INV2025001070,V018,Ridgeway Bearings,PO2025001070,GRN2025001070,214.0,134,134,687.8,779.92,13.39,0.0,104509.28,109734.74,HOLD,PRICE_VARIANCE,12344.08
INV2025001071,V018,Ridgeway Bearings,PO2025001071,GRN2025001071,20.0,20,20,1109.14,1109.14,0.0,0.0,22182.8,23291.94,PASS,CLEAN,0.0
INV2025001072,V013,Metro Fasteners,PO2025001072,GRN2025001072,12.0,12,12,690.66,690.66,0.0,0.0,8287.92,9779.75,PASS,CLEAN,0.0
INV2025001073,V028,Dynamo Power Systems,PO2025001073,GRN2025001073,35.0,35,35,1310.95,1310.95,0.0,0.0,45883.25,48177.41,PASS,CLEAN,0.0
INV2025001074,V037,Magnus Tools,PO2025001074,GRN2025001074,72.0,59,61,637.13,637.13,0.0,3.39,38864.93,45860.62,HOLD,QTY_OVER_RECEIPT,1274.26
INV2025001075,V013,Metro Fasteners,PO2025001075,GRN2025001075,37.0,37,37,154.28,154.28,0.0,0.0,5708.36,6735.86,PASS,CLEAN,0.0
INV2025001076,V028,Dynamo Power Systems,PO2025001076,GRN2025001076,213.0,213,213,1069.98,1069.98,0.0,0.0,227905.74,239301.03,PASS,CLEAN,0.0
INV2025001077,V029,Eagle Stationery Solutions,PO2025001077,GRN2025001077,196.0,183,183,12696.7,12696.7,0.0,0.0,2323496.1,2741725.4,PASS,CLEAN,0.0
INV2025001078,V006,Falcon Electricals India Pvt Ltd,PO2025001078,GRN2025001078,232.0,232,232,635.22,635.22,0.0,0.0,147371.04,154739.59,PASS,CLEAN,0.0
INV2025001079,V034,Jade Logistics Supplies,PO2025001079,GRN2025001079,215.0,126,126,685.41,685.41,0.0,0.0,86361.66,101906.76,PASS,CLEAN,0.0
INV2025001080,V014,Nova Tech Systems,PO2025001080,GRN2025001080,121.0,94,94,444.8,509.9,14.64,0.0,47930.6,50327.13,HOLD,PRICE_VARIANCE,6119.4
INV2025001081,V001,Apex Industrial Supplies Pvt Ltd,PO2025001081,GRN2025001081,137.0,108,108,807.85,807.85,0.0,0.0,87247.8,91610.19,PASS,CLEAN,0.0
INV2025001082,V005,Evergreen Facility Products,PO2025001082,GRN2025001082,2.0,2,2,1637.39,1637.39,0.0,0.0,3274.78,3667.75,PASS,CLEAN,0.0
INV2025001083,V027,Crest Chemicals,PO2025001083,GRN2025001083,67.0,67,67,714.64,714.64,0.0,0.0,47880.88,53626.59,PASS,CLEAN,0.0
INV2025001084,V036,Lumina Office Technologies,PO2025001084,GRN2025001084,241.0,241,241,221.51,221.51,0.0,0.0,53383.91,62993.01,PASS,CLEAN,0.0
INV2025001085,V019,Sigma Industrial Products,PO2025001085,,217.0,217,217,958.41,958.41,0.0,0.0,207974.97,232931.97,HOLD,MISSING_GRN,0.0
INV2025001087,V029,Eagle Stationery Solutions,PO2025001087,GRN2025001087,124.0,124,124,863.47,863.47,0.0,0.0,107070.28,126342.93,PASS,CLEAN,0.0
INV2025001088,V029,Eagle Stationery Solutions,PO2025001088,GRN2025001088,10.0,10,10,929.21,929.21,0.0,0.0,9292.1,10964.68,PASS,CLEAN,0.0
INV2025001089,V026,Bharat Industrial Stores,PO2025001089,GRN2025001089,158.0,158,152,3547.14,3547.14,0.0,-3.8,539165.28,636215.03,PASS,CLEAN,0.0
INV2025001091,V018,Ridgeway Bearings,PO2025001091,GRN2025001091,189.0,190,190,773.07,773.07,0.0,0.0,146883.3,154227.46,PASS,CLEAN,0.0
INV2025001092,V013,Metro Fasteners,PO2025001092,GRN2025001092,145.0,134,137,2506.71,2506.71,0.0,2.24,343419.27,405234.74,HOLD,QTY_OVER_RECEIPT,7520.13
INV2025001093,V014,Nova Tech Systems,PO2025001093,GRN2025001093,28.0,28,28,207.36,207.36,0.0,0.0,5806.08,6096.38,PASS,CLEAN,0.0
INV2025001094,V004,Delta Engineering Components,PO2025001094,GRN2025001094,58.0,58,58,131.23,131.23,0.0,0.0,7611.34,8524.7,PASS,CLEAN,0.0
INV2025001095,V030,Frontier Components,PO2025001095,GRN2025001095,191.0,191,191,1376.97,1376.97,0.0,0.0,263001.27,310341.5,PASS,CLEAN,0.0
INV2025001096,V012,Lotus Packaging India Pvt Ltd,PO2025001096,GRN2025001096,43.0,34,34,511.66,511.66,0.0,0.0,17396.44,19484.01,PASS,CLEAN,0.0
INV2025001097,V016,Prime Tools & Components,PO2025001097,GRN2025001097,237.0,237,237,994.71,994.71,0.0,0.0,235746.27,264035.82,PASS,CLEAN,0.0
INV2025001098,V015,Orbit Maintenance Supplies,PO2025001098,GRN2025001098,55.0,55,55,2757.37,2757.37,0.0,0.0,151655.35,178953.31,PASS,CLEAN,0.0
INV2025001099,V033,Innovatech Solutions,PO2025001099,GRN2025001099,18.0,18,18,1185.74,1185.74,0.0,0.0,21343.32,22410.49,PASS,CLEAN,0.0
INV2025001100,V013,Metro Fasteners,PO2025001100,GRN2025001100,87.0,87,87,851.73,851.73,0.0,0.0,74100.51,87438.6,PASS,CLEAN,0.0
INV2025001101,V011,Kaveri Industrial Traders,PO2025001101,GRN2025001101,225.0,225,225,170.81,170.81,0.0,0.0,38432.25,45350.06,PASS,CLEAN,0.0
INV2025001102,V036,Lumina Office Technologies,PO2025001102,GRN2025001102,64.0,64,64,14708.0,14708.0,0.0,0.0,941312.0,1110748.16,PASS,CLEAN,0.0
INV2025001103,V016,Prime Tools & Components,,GRN2025001103,,0,78,,626.97,,,48903.66,54772.1,HOLD,MISSING_PO,48903.66
INV2025001104,V040,Pioneer Electrical Traders,PO2025001104,GRN2025001104,210.0,210,210,1561.85,1561.85,0.0,0.0,327988.5,387026.43,PASS,CLEAN,0.0
INV2025001105,V004,Delta Engineering Components,PO2025001105,GRN2025001105,61.0,61,61,2123.96,2123.96,0.0,0.0,129561.56,145108.95,PASS,CLEAN,0.0
INV2025001106,V031,Ganga Hardware Traders,PO2025001106,GRN2025001106,135.0,135,135,13252.48,13252.48,0.0,0.0,1789084.8,1878539.04,PASS,CLEAN,0.0
INV2025001107,V025,Arun Safety & PPE,PO2025001107,GRN2025001107,246.0,224,224,585.55,585.55,0.0,0.0,131163.2,146902.78,PASS,CLEAN,0.0
INV2025001108,V025,Arun Safety & PPE,PO2025001108,GRN2025001108,236.0,240,240,1219.48,1219.48,0.0,0.0,292675.2,327796.22,PASS,CLEAN,0.0
INV2025001109,V040,Pioneer Electrical Traders,PO2025001109,GRN2025001109,101.0,101,101,909.38,909.38,0.0,0.0,91847.38,108379.91,PASS,CLEAN,0.0
INV2025001110,V031,Ganga Hardware Traders,PO2025001110,GRN2025001110,153.0,153,153,632.87,632.87,0.0,0.0,96829.11,101670.57,PASS,CLEAN,0.0
INV2025001111,V032,Helios Controls,PO2025001111,GRN2025001111,79.0,79,74,1250.3,1250.3,0.0,-6.33,92522.2,109176.2,PASS,CLEAN,0.0
INV2025001112,V028,Dynamo Power Systems,PO2025001112,GRN2025001112,7.0,7,7,1549.5,1549.5,0.0,0.0,10846.5,11388.83,PASS,CLEAN,0.0
INV2025001113,V037,Magnus Tools,PO2025001113,GRN2025001113,3.0,3,3,25500.68,29930.04,17.37,0.0,89790.12,105952.34,HOLD,PRICE_VARIANCE,13288.08
INV2025001114,V015,Orbit Maintenance Supplies,PO2025001114,GRN2025001114,73.0,73,73,3550.61,3550.61,0.0,0.0,259194.53,305849.55,PASS,CLEAN,0.0
INV2025001115,V003,Crown Packaging Solutions,,GRN2025001115,,0,131,,409.62,,,53660.22,56343.23,HOLD,MISSING_PO,53660.22
INV2025001116,V028,Dynamo Power Systems,PO2025001116,GRN2025001116,152.0,152,152,251.96,251.96,0.0,0.0,38297.92,40212.82,PASS,CLEAN,0.0
INV2025001117,V004,Delta Engineering Components,PO2025001117,GRN2025001117,232.0,146,146,14257.38,14257.38,0.0,0.0,2081577.48,2331366.78,PASS,CLEAN,0.0
INV2025001118,V014,Nova Tech Systems,PO2025001118,GRN2025001118,81.0,81,81,7185.78,7185.78,0.0,0.0,582048.18,611150.59,PASS,CLEAN,0.0
INV2025001119,V017,Quantum Electricals,PO2025001119,GRN2025001119,198.0,198,210,666.45,666.45,0.0,6.06,139954.5,165146.31,HOLD,QTY_OVER_RECEIPT,7997.4
INV2025001120,V026,Bharat Industrial Stores,PO2025001120,GRN2025001120,101.0,101,101,1424.37,1424.37,0.0,0.0,143861.37,169756.42,PASS,CLEAN,0.0
INV2025001121,V005,Evergreen Facility Products,PO2025001121,GRN2025001121,4.0,4,4,1439.72,1557.31,8.17,0.0,6229.24,6976.75,HOLD,PRICE_VARIANCE,470.36
INV2025001122,V040,Pioneer Electrical Traders,PO2025001122,GRN2025001122,99.0,99,99,700.39,700.39,0.0,0.0,69338.61,81819.56,PASS,CLEAN,0.0
INV2025001123,V017,Quantum Electricals,,GRN2025001123,,0,64,,751.74,,,48111.36,56771.4,HOLD,MISSING_PO,48111.36
INV2025001124,V021,United Process Equipment,PO2025001124,GRN2025001124,230.0,230,230,145.05,145.05,0.0,0.0,33361.5,39366.57,PASS,CLEAN,0.0
INV2025001125,V038,NexGen Components,PO2025001125,GRN2025001125,235.0,235,235,472.35,472.35,0.0,0.0,111002.25,130982.65,PASS,CLEAN,0.0
INV2025001126,V031,Ganga Hardware Traders,PO2025001126,GRN2025001126,49.0,49,49,1854.29,1854.29,0.0,0.0,90860.21,95403.22,PASS,CLEAN,0.0
INV2025001127,V012,Lotus Packaging India Pvt Ltd,PO2025001127,GRN2025001127,29.0,29,29,266.98,266.98,0.0,0.0,7742.42,8671.51,PASS,CLEAN,0.0
INV2025001128,V037,Magnus Tools,PO2025001128,GRN2025001128,209.0,209,209,1750.41,2040.26,16.56,0.0,426414.34,503168.92,HOLD,PRICE_VARIANCE,60578.65
INV2025001129,V017,Quantum Electricals,PO2025001129,GRN2025001129,203.0,203,195,1358.84,1358.84,0.0,-3.94,264973.8,312669.08,PASS,CLEAN,0.0
INV2025001130,V036,Lumina Office Technologies,PO2025001130,GRN2025001130,202.0,202,202,12700.81,12700.81,0.0,0.0,2565563.62,3027365.07,PASS,CLEAN,0.0
INV2025001131,V023,Westline Consumables,PO2025001131,GRN2025001131,78.0,78,78,687.2,687.2,0.0,0.0,53601.6,60033.79,PASS,CLEAN,0.0
INV2025001132,V022,Vertex Automation,PO2025001132,GRN2025001132,65.0,65,65,580.95,580.95,0.0,0.0,37761.75,44558.86,PASS,CLEAN,0.0
INV2025001133,V017,Quantum Electricals,PO2025001133,GRN2025001133,33.0,33,33,611.99,611.99,0.0,0.0,20195.67,23830.89,PASS,CLEAN,0.0
INV2025001134,V016,Prime Tools & Components,PO2025001134,GRN2025001134,142.0,142,142,712.08,712.08,0.0,0.0,101115.36,113249.2,PASS,CLEAN,0.0
INV2025001136,V036,Lumina Office Technologies,PO2025001136,GRN2025001136,127.0,127,127,1138.66,1138.66,0.0,0.0,144609.82,170639.59,PASS,CLEAN,0.0
INV2025001137,V012,Lotus Packaging India Pvt Ltd,PO2025001137,GRN2025001137,179.0,179,179,704.22,704.22,0.0,0.0,126055.38,141182.03,PASS,CLEAN,0.0
INV2025001138,V026,Bharat Industrial Stores,PO2025001138,GRN2025001138,24.0,21,21,955.88,955.88,0.0,0.0,20073.48,23686.71,PASS,CLEAN,0.0
INV2025001139,V001,Apex Industrial Supplies Pvt Ltd,PO2025001139,GRN2025001139,165.0,165,165,108.38,108.38,0.0,0.0,17882.7,18776.83,PASS,CLEAN,0.0
INV2025001140,V023,Westline Consumables,PO2025001140,GRN2025001140,149.0,149,149,738.75,738.75,0.0,0.0,110073.75,123282.6,PASS,CLEAN,0.0
INV2025001141,V027,Crest Chemicals,PO2025001141,GRN2025001141,106.0,66,66,2998.06,2998.06,0.0,0.0,197871.96,221616.6,PASS,CLEAN,0.0
INV2025001142,V019,Sigma Industrial Products,PO2025001142,GRN2025001142,217.0,217,217,11355.9,11355.9,0.0,0.0,2464230.3,2759937.94,PASS,CLEAN,0.0
INV2025001143,V040,Pioneer Electrical Traders,PO2025001143,GRN2025001143,24.0,25,25,150.09,150.09,0.0,0.0,3752.25,4427.65,PASS,CLEAN,0.0
INV2025001144,V012,Lotus Packaging India Pvt Ltd,PO2025001144,GRN2025001144,165.0,134,134,577.52,577.52,0.0,0.0,77387.68,86674.2,PASS,CLEAN,0.0
INV2025001145,V024,Zenith Engineering Supplies,PO2025001145,GRN2025001145,99.0,99,99,1188.5,1188.5,0.0,0.0,117661.5,131780.88,PASS,CLEAN,0.0
INV2025001146,V033,Innovatech Solutions,PO2025001146,GRN2025001146,8.0,8,8,12159.29,12159.29,0.0,0.0,97274.32,102138.04,PASS,CLEAN,0.0
INV2025001147,V033,Innovatech Solutions,PO2025001147,GRN2025001147,6.0,5,5,1079.1,1079.1,0.0,0.0,5395.5,5665.27,PASS,CLEAN,0.0
INV2025001148,V031,Ganga Hardware Traders,PO2025001148,GRN2025001148,201.0,201,201,455.87,455.87,0.0,0.0,91629.87,96211.36,PASS,CLEAN,0.0
INV2025001149,V036,Lumina Office Technologies,PO2025001149,GRN2025001149,133.0,103,103,1059.44,1059.44,0.0,0.0,109122.32,128764.34,PASS,CLEAN,0.0
INV2025001150,V032,Helios Controls,PO2025001150,GRN2025001150,151.0,151,151,1558.65,1558.65,0.0,0.0,235356.15,277720.26,PASS,CLEAN,0.0
INV2025001151,V021,United Process Equipment,PO2025001151,GRN2025001151,73.0,73,73,2148.01,2148.01,0.0,0.0,156804.73,185029.58,PASS,CLEAN,0.0
INV2025001152,V025,Arun Safety & PPE,PO2025001152,GRN2025001152,42.0,42,42,345.31,345.31,0.0,0.0,14503.02,16243.38,PASS,CLEAN,0.0
INV2025001153,V020,Trident Facility Services,PO2025001153,GRN2025001153,35.0,29,29,13855.5,13855.5,0.0,0.0,401809.5,450026.64,PASS,CLEAN,0.0
INV2025001154,V018,Ridgeway Bearings,PO2025001154,GRN2025001154,51.0,51,51,202.24,202.24,0.0,0.0,10314.24,10829.95,PASS,CLEAN,0.0
INV2025001156,V013,Metro Fasteners,PO2025001156,GRN2025001156,133.0,133,133,103.21,103.21,0.0,0.0,13726.93,16197.78,PASS,CLEAN,0.0
INV2025001157,V027,Crest Chemicals,PO2025001157,GRN2025001157,65.0,40,40,1834.02,1834.02,0.0,0.0,73360.8,82164.1,PASS,CLEAN,0.0
INV2025001158,V030,Frontier Components,PO2025001158,GRN2025001158,225.0,146,146,527.44,527.44,0.0,0.0,77006.24,90867.36,PASS,CLEAN,0.0
INV2025001159,V015,Orbit Maintenance Supplies,PO2025001159,GRN2025001159,208.0,208,208,24771.25,24771.25,0.0,0.0,5152420.0,6079855.6,PASS,CLEAN,0.0
INV2025001160,V033,Innovatech Solutions,PO2025001160,GRN2025001160,53.0,53,53,176.59,176.59,0.0,0.0,9359.27,9827.23,PASS,CLEAN,0.0
INV2025001161,V007,Gamma Safety Solutions,PO2025001161,GRN2025001161,78.0,54,54,742.75,742.75,0.0,0.0,40108.5,42113.92,PASS,CLEAN,0.0
INV2025001162,V018,Ridgeway Bearings,PO2025001162,GRN2025001162,7.0,5,5,745.91,745.91,0.0,0.0,3729.55,3916.03,PASS,CLEAN,0.0
INV2025001163,V031,Ganga Hardware Traders,PO2025001163,GRN2025001163,166.0,166,166,267.65,267.65,0.0,0.0,44429.9,46651.39,PASS,CLEAN,0.0
INV2025001164,V012,Lotus Packaging India Pvt Ltd,PO2025001164,GRN2025001164,162.0,162,162,1285.73,1285.73,0.0,0.0,208288.26,233282.85,PASS,CLEAN,0.0
INV2026001164,V012,Lotus Packaging India Pvt Ltd,PO2025001164,GRN2025001164,162.0,162,162,1285.73,1285.73,0.0,0.0,208288.26,233282.85,HOLD,DUPLICATE_AMOUNT_VENDOR,0.0
INV2025001165,V008,Horizon IT Distribution,PO2025001165,GRN2025001165,162.0,162,162,194.36,194.36,0.0,0.0,31486.32,37153.86,PASS,CLEAN,0.0
INV2025001166,V034,Jade Logistics Supplies,PO2025001166,GRN2025001166,182.0,182,182,3544.62,3544.62,0.0,0.0,645120.84,761242.59,PASS,CLEAN,0.0
INV2025001167,V033,Innovatech Solutions,PO2025001167,GRN2025001167,77.0,77,77,201.07,201.07,0.0,0.0,15482.39,16256.51,PASS,CLEAN,0.0
INV2025001168,V016,Prime Tools & Components,PO2025001168,GRN2025001168,160.0,160,160,883.16,883.16,0.0,0.0,141305.6,158262.27,PASS,CLEAN,0.0
INV2025001169,V008,Horizon IT Distribution,PO2025001169,GRN2025001169,72.0,72,72,12947.18,12947.18,0.0,0.0,932196.96,1099992.41,PASS,CLEAN,0.0
INV2025001170,V026,Bharat Industrial Stores,PO2025001170,GRN2025001170,63.0,63,63,2083.95,2083.95,0.0,0.0,131288.85,154920.84,PASS,CLEAN,0.0
INV2025001171,V017,Quantum Electricals,PO2025001171,GRN2025001171,87.0,87,87,11719.3,11719.3,0.0,0.0,1019579.1,1203103.34,PASS,CLEAN,0.0
INV2025001172,V013,Metro Fasteners,PO2025001172,GRN2025001172,71.0,41,41,641.95,641.95,0.0,0.0,26319.95,31057.54,PASS,CLEAN,0.0
INV2025001173,V012,Lotus Packaging India Pvt Ltd,PO2025001173,GRN2025001173,223.0,223,213,941.38,941.38,0.0,-4.48,200513.94,224575.61,PASS,CLEAN,0.0
INV2025001174,V030,Frontier Components,PO2025001174,GRN2025001174,58.0,58,58,478.28,478.28,0.0,0.0,27740.24,32733.48,PASS,CLEAN,0.0
INV2025001175,V025,Arun Safety & PPE,PO2025001175,GRN2025001175,113.0,74,74,638.31,638.31,0.0,0.0,47234.94,52903.13,PASS,CLEAN,0.0
INV2025001176,V034,Jade Logistics Supplies,PO2025001176,GRN2025001176,49.0,37,37,764.68,764.68,0.0,0.0,28293.16,33385.93,PASS,CLEAN,0.0
INV2026001176,V034,Jade Logistics Supplies,PO2025001176,GRN2025001176,49.0,37,37,764.68,764.68,0.0,0.0,28293.16,33385.93,HOLD,DUPLICATE_AMOUNT_VENDOR,0.0
INV2025001177,V010,Jupiter Office Products,PO2025001177,GRN2025001177,70.0,70,70,12752.31,12752.31,0.0,0.0,892661.7,1053340.81,PASS,CLEAN,0.0
INV2025001178,V024,Zenith Engineering Supplies,PO2025001178,GRN2025001178,11.0,11,11,422.35,422.35,0.0,0.0,4645.85,5203.35,PASS,CLEAN,0.0
INV2025001179,V004,Delta Engineering Components,PO2025001179,GRN2025001179,2.0,2,2,32134.47,36967.39,15.04,0.0,73934.78,82806.95,HOLD,PRICE_VARIANCE,9665.84
INV2025001181,V038,NexGen Components,PO2025001181,GRN2025001181,29.0,29,29,2034.95,2034.95,0.0,0.0,59013.55,69635.99,PASS,CLEAN,0.0
INV2025001182,V016,Prime Tools & Components,PO2025001182,GRN2025001182,20.0,20,20,1207.14,1362.87,12.9,0.0,27257.4,30528.29,HOLD,PRICE_VARIANCE,3114.6
INV2025001183,V026,Bharat Industrial Stores,PO2025001183,GRN2025001183,184.0,184,184,686.41,686.41,0.0,0.0,126299.44,149033.34,PASS,CLEAN,0.0
INV2025001184,V035,Keystone Industrial Products,PO2025001184,GRN2025001184,131.0,115,115,1211.22,1211.22,0.0,0.0,139290.3,156005.14,PASS,CLEAN,0.0
INV2025001185,V010,Jupiter Office Products,PO2025001185,GRN2025001185,41.0,41,41,1179.33,1179.33,0.0,0.0,48352.53,57055.99,PASS,CLEAN,0.0
INV2025001186,V011,Kaveri Industrial Traders,PO2025001186,GRN2025001186,186.0,192,198,104.43,104.43,0.0,3.12,20677.14,24399.03,HOLD,QTY_OVER_RECEIPT,626.58
INV2025001187,V039,Omkar Facility Products,PO2025001187,GRN2025001187,124.0,124,124,1592.63,1592.63,0.0,0.0,197486.12,207360.43,PASS,CLEAN,0.0
INV2025001188,V032,Helios Controls,PO2025001188,GRN2025001188,75.0,49,49,10632.31,10632.31,0.0,0.0,520983.19,614760.16,PASS,CLEAN,0.0
INV2025001189,V010,Jupiter Office Products,PO2025001189,GRN2025001189,107.0,95,95,2964.69,2964.69,0.0,0.0,281645.55,332341.75,PASS,CLEAN,0.0
INV2025001190,V030,Frontier Components,PO2025001190,GRN2025001190,120.0,120,120,6979.87,6979.87,0.0,0.0,837584.4,988349.59,PASS,CLEAN,0.0
INV2025001191,V008,Horizon IT Distribution,PO2025001191,GRN2025001191,244.0,244,244,198.08,198.08,0.0,0.0,48331.52,57031.19,PASS,CLEAN,0.0
INV2025001193,V024,Zenith Engineering Supplies,PO2025001193,GRN2025001193,79.0,68,68,178.01,178.01,0.0,0.0,12104.68,13557.24,PASS,CLEAN,0.0
INV2025001194,V031,Ganga Hardware Traders,PO2025001194,GRN2025001194,185.0,155,155,173.95,173.95,0.0,0.0,26962.25,28310.36,PASS,CLEAN,0.0
INV2025001195,V001,Apex Industrial Supplies Pvt Ltd,PO2025001195,GRN2025001195,140.0,140,140,391.42,391.42,0.0,0.0,54798.8,57538.74,PASS,CLEAN,0.0
INV2025001196,V012,Lotus Packaging India Pvt Ltd,PO2025001196,GRN2025001196,45.0,45,45,226.85,226.85,0.0,0.0,10208.25,11433.24,PASS,CLEAN,0.0
INV2025001198,V032,Helios Controls,PO2025001198,GRN2025001198,49.0,49,49,523.9,523.9,0.0,0.0,25671.1,30291.9,PASS,CLEAN,0.0
INV2025001199,V008,Horizon IT Distribution,PO2025001199,GRN2025001199,242.0,242,242,906.34,906.34,0.0,0.0,219334.28,258814.45,PASS,CLEAN,0.0
INV2025001200,V035,Keystone Industrial Products,PO2025001200,GRN2025001200,128.0,128,128,10446.65,10446.65,0.0,0.0,1337171.2,1497631.74,PASS,CLEAN,0.0
INV2025001201,V026,Bharat Industrial Stores,PO2025001201,GRN2025001201,72.0,72,72,1380.55,1380.55,0.0,0.0,99399.6,117291.53,PASS,CLEAN,0.0
INV2025001202,V036,Lumina Office Technologies,PO2025001202,GRN2025001202,87.0,70,70,1215.16,1215.16,0.0,0.0,85061.2,100372.22,PASS,CLEAN,0.0
INV2026001202,V036,Lumina Office Technologies,PO2025001202,GRN2025001202,87.0,70,70,1215.16,1215.16,0.0,0.0,85061.2,100372.22,HOLD,DUPLICATE_AMOUNT_VENDOR,0.0
INV2025001203,V029,Eagle Stationery Solutions,PO2025001203,GRN2025001203,151.0,151,151,195.41,195.41,0.0,0.0,29506.91,34818.15,PASS,CLEAN,0.0
INV2025001204,V009,Indus Mechanical Works,PO2025001204,,100.0,100,100,106.62,106.62,0.0,0.0,10662.0,11941.44,HOLD,MISSING_GRN,0.0
INV2025001205,V004,Delta Engineering Components,PO2025001205,GRN2025001205,226.0,226,226,689.31,689.31,0.0,0.0,155784.06,174478.15,PASS,CLEAN,0.0
INV2025001206,V004,Delta Engineering Components,PO2025001206,GRN2025001206,112.0,112,112,24753.54,24753.54,0.0,0.0,2772396.48,3105084.06,PASS,CLEAN,0.0
INV2025001207,V032,Helios Controls,PO2025001207,GRN2025001207,67.0,67,67,425.79,425.79,0.0,0.0,28527.93,33662.96,PASS,CLEAN,0.0
INV2025001208,V027,Crest Chemicals,PO2025001208,GRN2025001208,3.0,3,3,178.61,178.61,0.0,0.0,535.83,600.13,PASS,CLEAN,0.0
INV2025001210,V006,Falcon Electricals India Pvt Ltd,PO2025001210,GRN2025001210,118.0,118,108,339.78,339.78,0.0,-8.47,36696.24,38531.05,PASS,CLEAN,0.0
INV2025001211,V006,Falcon Electricals India Pvt Ltd,PO2025001211,GRN2025001211,19.0,16,16,13404.15,13404.15,0.0,0.0,214466.4,225189.72,PASS,CLEAN,0.0
INV2025001212,V018,Ridgeway Bearings,PO2025001212,GRN2025001212,75.0,75,75,1494.14,1494.14,0.0,0.0,112060.5,117663.52,PASS,CLEAN,0.0
INV2025001213,V009,Indus Mechanical Works,PO2025001213,GRN2025001213,163.0,163,163,594.83,594.83,0.0,0.0,96957.29,108592.16,PASS,CLEAN,0.0
INV2025001214,V020,Trident Facility Services,PO2025001214,GRN2025001214,93.0,93,93,1406.19,1406.19,0.0,0.0,130775.67,146468.75,PASS,CLEAN,0.0
INV2025001215,V020,Trident Facility Services,PO2025001215,GRN2025001215,99.0,99,99,771.9,901.45,16.78,0.0,89243.55,99952.78,HOLD,PRICE_VARIANCE,12825.45
INV2025001216,V029,Eagle Stationery Solutions,PO2025001216,GRN2025001216,157.0,157,157,36534.69,36534.69,0.0,0.0,5735946.33,6768416.67,PASS,CLEAN,0.0
INV2025001217,V040,Pioneer Electrical Traders,PO2025001217,,71.0,71,71,206.76,206.76,0.0,0.0,14679.96,17322.35,HOLD,MISSING_GRN,0.0
INV2025001219,V019,Sigma Industrial Products,PO2025001219,GRN2025001219,183.0,183,183,1161.39,1161.39,0.0,0.0,212534.37,238038.49,PASS,CLEAN,0.0
INV2025001220,V001,Apex Industrial Supplies Pvt Ltd,PO2025001220,GRN2025001220,218.0,218,218,27680.99,27680.99,0.0,0.0,6034455.82,6336178.61,PASS,CLEAN,0.0
INV2025001221,V028,Dynamo Power Systems,PO2025001221,GRN2025001221,55.0,55,55,470.02,470.02,0.0,0.0,25851.1,27143.66,PASS,CLEAN,0.0
INV2025001222,V029,Eagle Stationery Solutions,PO2025001222,GRN2025001222,67.0,67,67,25938.89,25938.89,0.0,0.0,1737905.63,2050728.64,PASS,CLEAN,0.0
INV2025001223,V021,United Process Equipment,PO2025001223,GRN2025001223,233.0,233,233,403.24,403.24,0.0,0.0,93954.92,110866.81,PASS,CLEAN,0.0
INV2025001224,V016,Prime Tools & Components,PO2025001224,GRN2025001224,24.0,24,25,17307.13,17307.13,0.0,4.17,432678.25,484599.64,HOLD,QTY_OVER_RECEIPT,17307.13
INV2025001225,V002,BluePeak Office Systems Pvt Ltd,PO2025001225,GRN2025001225,178.0,178,178,12325.95,12325.95,0.0,0.0,2194019.1,2457301.39,PASS,CLEAN,0.0
INV2025001226,V011,Kaveri Industrial Traders,PO2025001226,GRN2025001226,166.0,166,166,1241.71,1241.71,0.0,0.0,206123.86,243226.15,PASS,CLEAN,0.0
INV2025001227,V032,Helios Controls,PO2025001227,GRN2025001227,132.0,132,132,1059.34,1059.34,0.0,0.0,139832.88,165002.8,PASS,CLEAN,0.0
INV2025001228,V035,Keystone Industrial Products,PO2025001228,GRN2025001228,47.0,47,47,1179.95,1179.95,0.0,0.0,55457.65,62112.57,PASS,CLEAN,0.0
INV2025001229,V024,Zenith Engineering Supplies,PO2025001229,GRN2025001229,163.0,163,151,163.0,163.0,0.0,-7.36,24613.0,27566.56,PASS,CLEAN,0.0
INV2025001230,V015,Orbit Maintenance Supplies,PO2025001230,GRN2025001230,173.0,173,158,23458.4,23458.4,0.0,-8.67,3706427.2,4373584.1,PASS,CLEAN,0.0
INV2025001231,V009,Indus Mechanical Works,PO2025001231,GRN2025001231,5.0,4,4,1382.27,1382.27,0.0,0.0,5529.08,6192.57,PASS,CLEAN,0.0
INV2025001232,V027,Crest Chemicals,PO2025001232,GRN2025001232,238.0,238,238,6361.96,6361.96,0.0,0.0,1514146.48,1695844.06,PASS,CLEAN,0.0
INV2025001233,V016,Prime Tools & Components,PO2025001233,GRN2025001233,95.0,95,95,576.92,576.92,0.0,0.0,54807.4,61384.29,PASS,CLEAN,0.0
INV2025001235,V001,Apex Industrial Supplies Pvt Ltd,PO2025001235,GRN2025001235,125.0,125,125,941.08,941.08,0.0,0.0,117635.0,123516.75,PASS,CLEAN,0.0
INV2025001236,V040,Pioneer Electrical Traders,PO2025001236,GRN2025001236,213.0,226,226,19571.06,19571.06,0.0,0.0,4423059.56,5219210.28,PASS,CLEAN,0.0
INV2025001237,V035,Keystone Industrial Products,PO2025001237,GRN2025001237,90.0,90,90,675.31,675.31,0.0,0.0,60777.9,68071.25,PASS,CLEAN,0.0
INV2025001238,V030,Frontier Components,PO2025001238,GRN2025001238,10.0,10,10,13193.71,13193.71,0.0,0.0,131937.1,155685.78,PASS,CLEAN,0.0
INV2026001238,V030,Frontier Components,PO2025001238,GRN2025001238,10.0,10,10,13193.71,13193.71,0.0,0.0,131937.1,155685.78,HOLD,DUPLICATE_AMOUNT_VENDOR,0.0
INV2025001239,V025,Arun Safety & PPE,PO2025001239,GRN2025001239,237.0,237,237,394.63,394.63,0.0,0.0,93527.31,104750.59,PASS,CLEAN,0.0
INV2025001240,V011,Kaveri Industrial Traders,PO2025001240,GRN2025001240,93.0,93,93,1249.52,1249.52,0.0,0.0,116205.36,137122.32,PASS,CLEAN,0.0
INV2025001241,V030,Frontier Components,PO2025001241,GRN2025001241,229.0,229,229,529.51,529.51,0.0,0.0,121257.79,143084.19,PASS,CLEAN,0.0
INV2025001242,V035,Keystone Industrial Products,PO2025001242,GRN2025001242,170.0,170,155,729.11,729.11,0.0,-8.82,113012.05,126573.5,PASS,CLEAN,0.0
INV2025001243,V007,Gamma Safety Solutions,PO2025001243,GRN2025001243,71.0,71,71,37792.83,37792.83,0.0,0.0,2683290.93,2817455.48,PASS,CLEAN,0.0
INV2025001244,V037,Magnus Tools,PO2025001244,GRN2025001244,13.0,13,13,13429.5,13429.5,0.0,0.0,174583.5,206008.53,PASS,CLEAN,0.0
INV2025001245,V004,Delta Engineering Components,PO2025001245,GRN2025001245,58.0,58,58,207.13,207.13,0.0,0.0,12013.54,13455.16,PASS,CLEAN,0.0
INV2025001246,V031,Ganga Hardware Traders,PO2025001246,GRN2025001246,31.0,31,31,19163.6,19163.6,0.0,0.0,594071.6,623775.18,PASS,CLEAN,0.0
INV2025001248,V030,Frontier Components,PO2025001248,GRN2025001248,89.0,71,71,176.9,176.9,0.0,0.0,12559.9,14820.68,PASS,CLEAN,0.0
INV2025001249,V001,Apex Industrial Supplies Pvt Ltd,PO2025001249,GRN2025001249,96.0,96,96,149.38,149.38,0.0,0.0,14340.48,15057.5,PASS,CLEAN,0.0
INV2025001250,V039,Omkar Facility Products,PO2025001250,GRN2025001250,197.0,210,210,759.54,876.41,15.39,0.0,184046.1,193248.41,HOLD,PRICE_VARIANCE,24542.7
INV2025001251,V028,Dynamo Power Systems,PO2025001251,GRN2025001251,5.0,5,5,599.98,599.98,0.0,0.0,2999.9,3149.9,PASS,CLEAN,0.0
INV2025001252,V032,Helios Controls,PO2025001252,GRN2025001252,192.0,192,192,639.5,639.5,0.0,0.0,122784.0,144885.12,PASS,CLEAN,0.0
INV2025001253,V032,Helios Controls,PO2025001253,GRN2025001253,225.0,225,225,864.71,864.71,0.0,0.0,194559.75,229580.5,PASS,CLEAN,0.0
INV2025001254,V024,Zenith Engineering Supplies,PO2025001254,GRN2025001254,101.0,101,101,176.64,176.64,0.0,0.0,17840.64,19981.52,PASS,CLEAN,0.0
INV2025001255,V029,Eagle Stationery Solutions,PO2025001255,GRN2025001255,50.0,35,40,15937.75,15937.75,0.0,14.29,637510.0,752261.8,HOLD,QTY_OVER_RECEIPT,79688.75
INV2025001256,V030,Frontier Components,PO2025001256,GRN2025001256,213.0,213,213,688.07,688.07,0.0,0.0,146558.91,172939.51,PASS,CLEAN,0.0
INV2025001257,V013,Metro Fasteners,PO2025001257,GRN2025001257,18.0,14,14,759.78,759.78,0.0,0.0,10636.92,12551.57,PASS,CLEAN,0.0
INV2025001258,V008,Horizon IT Distribution,PO2025001258,GRN2025001258,80.0,76,76,201.96,201.96,0.0,0.0,15348.96,18111.77,PASS,CLEAN,0.0
INV2025001259,V008,Horizon IT Distribution,PO2025001259,GRN2025001259,219.0,219,219,855.86,855.86,0.0,0.0,187433.34,221171.34,PASS,CLEAN,0.0
INV2025001260,V033,Innovatech Solutions,PO2025001260,GRN2025001260,22.0,22,22,689.71,689.71,0.0,0.0,15173.62,15932.3,PASS,CLEAN,0.0
INV2025001261,V021,United Process Equipment,PO2025001261,GRN2025001261,198.0,198,198,797.97,797.97,0.0,0.0,157998.06,186437.71,PASS,CLEAN,0.0
INV2025001262,V022,Vertex Automation,PO2025001262,GRN2025001262,233.0,233,233,93.78,93.78,0.0,0.0,21850.74,25783.87,PASS,CLEAN,0.0
INV2025001263,V037,Magnus Tools,PO2025001263,GRN2025001263,44.0,30,30,951.8,951.8,0.0,0.0,28554.0,33693.72,PASS,CLEAN,0.0
INV2025001264,V006,Falcon Electricals India Pvt Ltd,PO2025001264,GRN2025001264,35.0,35,35,4699.86,4877.08,3.77,0.0,170697.8,179232.69,HOLD,PRICE_VARIANCE,6202.7
INV2025001265,V036,Lumina Office Technologies,PO2025001265,GRN2025001265,157.0,157,157,1028.34,1028.34,0.0,0.0,161449.38,190510.27,PASS,CLEAN,0.0
INV2025001266,V017,Quantum Electricals,PO2025001266,GRN2025001266,138.0,138,138,13069.12,13069.12,0.0,0.0,1803538.56,2128175.5,PASS,CLEAN,0.0
INV2025001267,V015,Orbit Maintenance Supplies,PO2025001267,GRN2025001267,158.0,158,158,1021.97,1171.69,14.65,0.0,185127.02,218449.88,HOLD,PRICE_VARIANCE,23655.76
INV2025001269,V013,Metro Fasteners,PO2025001269,GRN2025001269,143.0,143,143,389.31,389.31,0.0,0.0,55671.33,65692.17,PASS,CLEAN,0.0
INV2025001270,V026,Bharat Industrial Stores,PO2025001270,GRN2025001270,10.0,9,10,470.31,470.31,0.0,11.11,4703.1,5549.66,HOLD,QTY_OVER_RECEIPT,470.31
INV2025001272,V001,Apex Industrial Supplies Pvt Ltd,PO2025001272,GRN2025001272,85.0,85,85,1193.42,1193.42,0.0,0.0,101440.7,106512.73,PASS,CLEAN,0.0
INV2025001273,V002,BluePeak Office Systems Pvt Ltd,PO2025001273,GRN2025001273,130.0,84,84,1960.58,1960.58,0.0,0.0,164688.72,184451.37,PASS,CLEAN,0.0
INV2025001274,V011,Kaveri Industrial Traders,PO2025001274,GRN2025001274,54.0,54,54,1616.69,1616.69,0.0,0.0,87301.26,103015.49,PASS,CLEAN,0.0
INV2025001275,V039,Omkar Facility Products,PO2025001275,GRN2025001275,167.0,167,167,701.79,701.79,0.0,0.0,117198.93,123058.88,PASS,CLEAN,0.0
INV2025001276,V031,Ganga Hardware Traders,PO2025001276,GRN2025001276,33.0,33,33,1334.82,1334.82,0.0,0.0,44049.06,46251.51,PASS,CLEAN,0.0
INV2025001277,V025,Arun Safety & PPE,PO2025001277,GRN2025001277,216.0,216,216,1213.91,1213.91,0.0,0.0,262204.56,293669.11,PASS,CLEAN,0.0
INV2025001278,V003,Crown Packaging Solutions,PO2025001278,GRN2025001278,10.0,10,9,612.58,612.58,0.0,-10.0,5513.22,5788.88,PASS,CLEAN,0.0
INV2025001279,V010,Jupiter Office Products,PO2025001279,GRN2025001279,173.0,173,173,215.42,215.42,0.0,0.0,37267.66,43975.84,PASS,CLEAN,0.0
INV2025001280,V038,NexGen Components,PO2025001280,GRN2025001280,140.0,140,140,635.36,635.36,0.0,0.0,88950.4,104961.47,PASS,CLEAN,0.0
INV2025001281,V008,Horizon IT Distribution,PO2025001281,GRN2025001281,177.0,177,177,155.82,155.82,0.0,0.0,27580.14,32544.57,PASS,CLEAN,0.0
INV2025001282,V011,Kaveri Industrial Traders,PO2025001282,GRN2025001282,88.0,88,88,129.78,129.78,0.0,0.0,11420.64,13476.36,PASS,CLEAN,0.0
INV2025001283,V003,Crown Packaging Solutions,PO2025001283,GRN2025001283,52.0,52,52,157.17,168.34,7.11,0.0,8753.68,9191.36,HOLD,PRICE_VARIANCE,580.84
INV2025001284,V008,Horizon IT Distribution,PO2025001284,GRN2025001284,244.0,244,244,1398.95,1398.95,0.0,0.0,341343.8,402785.68,PASS,CLEAN,0.0
INV2025001287,V022,Vertex Automation,PO2025001287,GRN2025001287,250.0,250,250,1803.94,1803.94,0.0,0.0,450985.0,532162.3,PASS,CLEAN,0.0
INV2025001288,V006,Falcon Electricals India Pvt Ltd,PO2025001288,GRN2025001288,227.0,205,205,1166.71,1166.71,0.0,0.0,239175.55,251134.33,PASS,CLEAN,0.0
INV2026001288,V006,Falcon Electricals India Pvt Ltd,PO2025001288,GRN2025001288,227.0,205,205,1166.71,1166.71,0.0,0.0,239175.55,251134.33,HOLD,DUPLICATE_AMOUNT_VENDOR,0.0
INV2025001289,V004,Delta Engineering Components,PO2025001289,GRN2025001289,193.0,193,193,1074.02,1074.02,0.0,0.0,207285.86,232160.16,PASS,CLEAN,0.0
INV2025001290,V026,Bharat Industrial Stores,PO2025001290,GRN2025001290,216.0,216,216,346.95,346.95,0.0,0.0,74941.2,88430.62,PASS,CLEAN,0.0
INV2025001291,V003,Crown Packaging Solutions,PO2025001291,GRN2025001291,35.0,35,35,125.99,125.99,0.0,0.0,4409.65,4630.13,PASS,CLEAN,0.0
INV2025001292,V036,Lumina Office Technologies,PO2025001292,GRN2025001292,231.0,231,245,17366.56,17366.56,0.0,6.06,4254807.2,5020672.5,HOLD,QTY_OVER_RECEIPT,243131.84
INV2025001293,V038,NexGen Components,PO2025001293,GRN2025001293,128.0,84,84,774.49,774.49,0.0,0.0,65057.16,76767.45,PASS,CLEAN,0.0
INV2025001294,V013,Metro Fasteners,PO2025001294,GRN2025001294,230.0,148,148,1228.77,1228.77,0.0,0.0,181857.96,214592.39,PASS,CLEAN,0.0
INV2025001295,V035,Keystone Industrial Products,PO2025001295,GRN2025001295,112.0,112,112,1203.25,1203.25,0.0,0.0,134764.0,150935.68,PASS,CLEAN,0.0
INV2025001296,V018,Ridgeway Bearings,PO2025001296,GRN2025001296,38.0,38,38,261.05,261.05,0.0,0.0,9919.9,10415.9,PASS,CLEAN,0.0
INV2026001296,V018,Ridgeway Bearings,PO2025001296,GRN2025001296,38.0,38,38,261.05,261.05,0.0,0.0,9919.9,10415.9,HOLD,DUPLICATE_AMOUNT_VENDOR,0.0
INV2025001297,V001,Apex Industrial Supplies Pvt Ltd,PO2025001297,GRN2025001297,72.0,72,72,754.89,848.35,12.38,0.0,61081.2,64135.26,HOLD,PRICE_VARIANCE,6729.12
INV2025001298,V006,Falcon Electricals India Pvt Ltd,PO2025001298,GRN2025001298,249.0,144,144,24824.2,24824.2,0.0,0.0,3574684.8,3753419.04,PASS,CLEAN,0.0
INV2025001299,V005,Evergreen Facility Products,PO2025001299,GRN2025001299,67.0,67,63,706.18,706.18,0.0,-5.97,44489.34,49828.06,PASS,CLEAN,0.0
INV2025001300,V025,Arun Safety & PPE,PO2025001300,GRN2025001300,179.0,179,179,388.64,388.64,0.0,0.0,69566.56,77914.55,PASS,CLEAN,0.0
INV2025001301,V001,Apex Industrial Supplies Pvt Ltd,PO2025001301,GRN2025001301,133.0,133,133,433.28,433.28,0.0,0.0,57626.24,60507.55,PASS,CLEAN,0.0
INV2025001302,V012,Lotus Packaging India Pvt Ltd,PO2025001302,GRN2025001302,124.0,124,124,363.12,363.12,0.0,0.0,45026.88,50430.11,PASS,CLEAN,0.0
INV2025001303,V008,Horizon IT Distribution,PO2025001303,GRN2025001303,50.0,50,50,248.03,248.03,0.0,0.0,12401.5,14633.77,PASS,CLEAN,0.0
INV2025001304,V007,Gamma Safety Solutions,PO2025001304,GRN2025001304,246.0,204,204,229.59,251.55,9.56,0.0,51316.2,53882.01,HOLD,PRICE_VARIANCE,4479.84
INV2025001305,V006,Falcon Electricals India Pvt Ltd,PO2025001305,GRN2025001305,19.0,19,19,997.22,997.22,0.0,0.0,18947.18,19894.54,PASS,CLEAN,0.0
INV2025001306,V036,Lumina Office Technologies,PO2025001306,GRN2025001306,197.0,197,197,194.47,194.47,0.0,0.0,38310.59,45206.5,PASS,CLEAN,0.0
INV2025001307,V040,Pioneer Electrical Traders,PO2025001307,GRN2025001307,243.0,243,243,1157.05,1157.05,0.0,0.0,281163.15,331772.52,PASS,CLEAN,0.0
INV2025001308,V027,Crest Chemicals,PO2025001308,GRN2025001308,154.0,154,170,1113.14,1113.14,0.0,10.39,189233.8,211941.86,HOLD,QTY_OVER_RECEIPT,17810.24
INV2025001309,V035,Keystone Industrial Products,PO2025001309,GRN2025001309,128.0,128,128,670.99,670.99,0.0,0.0,85886.72,96193.13,PASS,CLEAN,0.0
INV2025001310,V034,Jade Logistics Supplies,PO2025001310,GRN2025001310,127.0,91,91,761.02,761.02,0.0,0.0,69252.82,81718.33,PASS,CLEAN,0.0
INV2025001311,V038,NexGen Components,PO2025001311,GRN2025001311,91.0,53,53,343.81,343.81,0.0,0.0,18221.93,21501.88,PASS,CLEAN,0.0
INV2025001312,V039,Omkar Facility Products,PO2025001312,GRN2025001312,202.0,216,216,6454.15,6454.15,0.0,0.0,1394096.4,1463801.22,PASS,CLEAN,0.0
INV2025001313,V023,Westline Consumables,PO2025001313,GRN2025001313,149.0,149,149,884.2,1037.77,17.37,0.0,154627.73,173183.06,HOLD,PRICE_VARIANCE,22881.93
INV2025001314,V037,Magnus Tools,PO2025001314,GRN2025001314,37.0,33,33,781.01,781.01,0.0,0.0,25773.33,30412.53,PASS,CLEAN,0.0
INV2025001315,V003,Crown Packaging Solutions,PO2025001315,GRN2025001315,185.0,185,185,2868.42,2868.42,0.0,0.0,530657.7,557190.58,PASS,CLEAN,0.0
INV2025001316,V003,Crown Packaging Solutions,PO2025001316,GRN2025001316,56.0,56,56,1337.72,1337.72,0.0,0.0,74912.32,78657.94,PASS,CLEAN,0.0
INV2025001317,V013,Metro Fasteners,PO2025001317,GRN2025001317,190.0,151,151,523.74,523.74,0.0,0.0,79084.74,93319.99,PASS,CLEAN,0.0
INV2025001318,V018,Ridgeway Bearings,PO2025001318,GRN2025001318,2.0,2,2,1233.15,1405.2,13.95,0.0,2810.4,2950.92,HOLD,PRICE_VARIANCE,344.1
INV2025001319,V034,Jade Logistics Supplies,PO2025001319,GRN2025001319,122.0,122,122,801.01,801.01,0.0,0.0,97723.22,115313.4,PASS,CLEAN,0.0
INV2025001320,V015,Orbit Maintenance Supplies,PO2025001320,GRN2025001320,236.0,236,254,1097.91,1097.91,0.0,7.63,278869.14,329065.59,HOLD,QTY_OVER_RECEIPT,19762.38
INV2025001321,V024,Zenith Engineering Supplies,PO2025001321,GRN2025001321,110.0,110,110,164.1,164.1,0.0,0.0,18051.0,20217.12,PASS,CLEAN,0.0
INV2025001322,V016,Prime Tools & Components,PO2025001322,GRN2025001322,187.0,187,172,884.62,884.62,0.0,-8.02,152154.64,170413.2,PASS,CLEAN,0.0
INV2025001323,V010,Jupiter Office Products,PO2025001323,GRN2025001323,224.0,224,224,1144.96,1144.96,0.0,0.0,256471.04,302635.83,PASS,CLEAN,0.0
INV2025001324,V003,Crown Packaging Solutions,PO2025001324,GRN2025001324,21.0,12,12,22174.82,22174.82,0.0,0.0,266097.84,279402.73,PASS,CLEAN,0.0
INV2025001325,V003,Crown Packaging Solutions,PO2025001325,GRN2025001325,64.0,64,64,245.84,245.84,0.0,0.0,15733.76,16520.45,PASS,CLEAN,0.0
INV2025001326,V004,Delta Engineering Components,PO2025001326,GRN2025001326,137.0,137,137,38667.89,38667.89,0.0,0.0,5297500.93,5933201.04,PASS,CLEAN,0.0
INV2025001327,V013,Metro Fasteners,PO2025001327,GRN2025001327,47.0,47,47,26543.75,26543.75,0.0,0.0,1247556.25,1472116.37,PASS,CLEAN,0.0
INV2025001328,V018,Ridgeway Bearings,PO2025001328,GRN2025001328,95.0,61,61,11198.35,11856.12,5.87,0.0,723223.32,759384.49,HOLD,PRICE_VARIANCE,40123.97
INV2025001329,V009,Indus Mechanical Works,PO2025001329,GRN2025001329,6.0,6,6,1094.67,1094.67,0.0,0.0,6568.02,7356.18,PASS,CLEAN,0.0
INV2025001330,V008,Horizon IT Distribution,PO2025001330,GRN2025001330,184.0,152,152,665.48,665.48,0.0,0.0,101152.96,119360.49,PASS,CLEAN,0.0
INV2025001331,V032,Helios Controls,PO2025001331,GRN2025001331,97.0,97,97,722.79,745.05,3.08,0.0,72269.85,85278.42,HOLD,PRICE_VARIANCE,2159.22
INV2025001332,V024,Zenith Engineering Supplies,PO2025001332,GRN2025001332,222.0,169,169,851.94,993.73,16.64,0.0,167940.37,188093.21,HOLD,PRICE_VARIANCE,23962.51
INV2025001333,V017,Quantum Electricals,PO2025001333,GRN2025001333,115.0,74,74,1277.75,1277.75,0.0,0.0,94553.5,111573.13,PASS,CLEAN,0.0
INV2025001334,V017,Quantum Electricals,PO2025001334,,44.0,41,44,968.15,968.15,0.0,7.32,42598.6,50266.35,HOLD,MISSING_GRN;QTY_OVER_RECEIPT,2904.45
INV2025001335,V040,Pioneer Electrical Traders,PO2025001335,GRN2025001335,54.0,38,38,161.45,161.45,0.0,0.0,6135.1,7239.42,PASS,CLEAN,0.0
INV2025001336,V017,Quantum Electricals,PO2025001336,GRN2025001336,91.0,91,91,654.19,654.19,0.0,0.0,59531.29,70246.92,PASS,CLEAN,0.0
INV2025001337,V014,Nova Tech Systems,PO2025001337,GRN2025001337,126.0,126,126,21655.79,23681.25,9.35,0.0,2983837.5,3133029.38,HOLD,PRICE_VARIANCE,255207.96
INV2025001338,V024,Zenith Engineering Supplies,PO2025001338,GRN2025001338,197.0,112,112,896.81,896.81,0.0,0.0,100442.72,112495.85,PASS,CLEAN,0.0
INV2025001339,V029,Eagle Stationery Solutions,PO2025001339,GRN2025001339,91.0,56,48,1082.51,1082.51,0.0,-14.29,51960.48,61313.37,PASS,CLEAN,0.0
INV2025001340,V026,Bharat Industrial Stores,PO2025001340,GRN2025001340,90.0,90,90,459.3,459.3,0.0,0.0,41337.0,48777.66,PASS,CLEAN,0.0
INV2025001341,V002,BluePeak Office Systems Pvt Ltd,PO2025001341,GRN2025001341,189.0,145,145,1318.28,1318.28,0.0,0.0,191150.6,214088.67,PASS,CLEAN,0.0
INV2025001342,V027,Crest Chemicals,PO2025001342,GRN2025001342,83.0,83,83,11982.16,11982.16,0.0,0.0,994519.28,1113861.59,PASS,CLEAN,0.0
INV2025001343,V021,United Process Equipment,PO2025001343,GRN2025001343,7.0,7,7,1042.23,1042.23,0.0,0.0,7295.61,8608.82,PASS,CLEAN,0.0
INV2025001344,V005,Evergreen Facility Products,PO2025001344,GRN2025001344,59.0,59,62,327.0,327.0,0.0,5.08,20274.0,22706.88,HOLD,QTY_OVER_RECEIPT,981.0
INV2025001345,V032,Helios Controls,PO2025001345,GRN2025001345,52.0,52,52,575.15,575.15,0.0,0.0,29907.8,35291.2,PASS,CLEAN,0.0
INV2025001346,V030,Frontier Components,PO2025001346,GRN2025001346,10.0,10,10,723.18,723.18,0.0,0.0,7231.8,8533.52,PASS,CLEAN,0.0
INV2025001347,V003,Crown Packaging Solutions,PO2025001347,GRN2025001347,220.0,220,220,953.18,953.18,0.0,0.0,209699.6,220184.58,PASS,CLEAN,0.0
INV2025001348,V025,Arun Safety & PPE,PO2025001348,GRN2025001348,59.0,59,59,600.61,600.61,0.0,0.0,35435.99,39688.31,PASS,CLEAN,0.0
INV2025001349,V027,Crest Chemicals,PO2025001349,GRN2025001349,159.0,159,159,118.71,118.71,0.0,0.0,18874.89,21139.88,PASS,CLEAN,0.0
INV2025001350,V013,Metro Fasteners,PO2025001350,GRN2025001350,120.0,120,120,2227.52,2227.52,0.0,0.0,267302.4,315416.83,PASS,CLEAN,0.0
INV2025001351,V032,Helios Controls,PO2025001351,GRN2025001351,37.0,37,37,1535.05,1535.05,0.0,0.0,56796.85,67020.28,PASS,CLEAN,0.0
INV2025001352,V032,Helios Controls,PO2025001352,GRN2025001352,134.0,134,134,3380.34,3380.34,0.0,0.0,452965.56,534499.36,PASS,CLEAN,0.0
INV2025001353,V038,NexGen Components,PO2025001353,GRN2025001353,178.0,178,178,912.53,1074.88,17.79,0.0,191328.64,225767.8,HOLD,PRICE_VARIANCE,28898.3
INV2025001354,V015,Orbit Maintenance Supplies,PO2025001354,GRN2025001354,153.0,134,134,1166.28,1166.28,0.0,0.0,156281.52,184412.19,PASS,CLEAN,0.0
INV2025001355,V020,Trident Facility Services,PO2025001355,GRN2025001355,94.0,94,94,129.23,129.23,0.0,0.0,12147.62,13605.33,PASS,CLEAN,0.0
INV2026001355,V020,Trident Facility Services,PO2025001355,GRN2025001355,94.0,94,94,129.23,129.23,0.0,0.0,12147.62,13605.33,HOLD,DUPLICATE_AMOUNT_VENDOR,0.0
INV2025001356,V015,Orbit Maintenance Supplies,PO2025001356,GRN2025001356,10.0,10,10,1834.45,1834.45,0.0,0.0,18344.5,21646.51,PASS,CLEAN,0.0
INV2026001356,V015,Orbit Maintenance Supplies,PO2025001356,GRN2025001356,10.0,10,10,1834.45,1834.45,0.0,0.0,18344.5,21646.51,HOLD,DUPLICATE_AMOUNT_VENDOR,0.0
INV2025001357,V015,Orbit Maintenance Supplies,PO2025001357,GRN2025001357,245.0,245,245,730.66,770.3,5.43,0.0,188723.5,222693.73,HOLD,PRICE_VARIANCE,9711.8
INV2025001358,V014,Nova Tech Systems,PO2025001358,GRN2025001358,27.0,18,18,352.24,352.24,0.0,0.0,6340.32,6657.34,PASS,CLEAN,0.0
INV2025001359,V033,Innovatech Solutions,PO2025001359,GRN2025001359,250.0,250,250,652.97,652.97,0.0,0.0,163242.5,171404.62,PASS,CLEAN,0.0
INV2025001361,V005,Evergreen Facility Products,PO2025001361,GRN2025001361,88.0,88,88,244.15,244.15,0.0,0.0,21485.2,24063.42,PASS,CLEAN,0.0
INV2025001362,V001,Apex Industrial Supplies Pvt Ltd,PO2025001362,GRN2025001362,91.0,91,91,135.75,135.75,0.0,0.0,12353.25,12970.91,PASS,CLEAN,0.0
INV2025001363,V018,Ridgeway Bearings,PO2025001363,,124.0,124,124,397.23,397.23,0.0,0.0,49256.52,51719.35,HOLD,MISSING_GRN,0.0
INV2025001364,V034,Jade Logistics Supplies,PO2025001364,GRN2025001364,224.0,231,231,795.29,795.29,0.0,0.0,183711.99,216780.15,PASS,CLEAN,0.0
INV2025001365,V019,Sigma Industrial Products,PO2025001365,GRN2025001365,144.0,144,155,478.33,478.33,0.0,7.64,74141.15,83038.09,HOLD,QTY_OVER_RECEIPT,5261.63
INV2025001366,V021,United Process Equipment,PO2025001366,,109.0,109,109,1638.26,1638.26,0.0,0.0,178570.34,210713.0,HOLD,MISSING_GRN,0.0
INV2025001367,V023,Westline Consumables,PO2025001367,GRN2025001367,155.0,155,155,978.53,978.53,0.0,0.0,151672.15,169872.81,PASS,CLEAN,0.0
INV2025001368,V039,Omkar Facility Products,PO2025001368,GRN2025001368,138.0,138,149,25490.18,25490.18,0.0,7.97,3798036.82,3987938.66,HOLD,QTY_OVER_RECEIPT,280391.98
INV2025001370,V002,BluePeak Office Systems Pvt Ltd,PO2025001370,GRN2025001370,99.0,99,99,1332.76,1332.76,0.0,0.0,131943.24,147776.43,PASS,CLEAN,0.0
INV2025001371,V033,Innovatech Solutions,PO2025001371,GRN2025001371,193.0,134,134,912.44,912.44,0.0,0.0,122266.96,128380.31,PASS,CLEAN,0.0
INV2025001372,V012,Lotus Packaging India Pvt Ltd,PO2025001372,GRN2025001372,110.0,84,88,196.38,196.38,0.0,4.76,17281.44,19355.21,HOLD,QTY_OVER_RECEIPT,785.52
INV2025001373,V021,United Process Equipment,PO2025001373,GRN2025001373,24.0,24,24,10939.83,10939.83,0.0,0.0,262555.92,309815.99,PASS,CLEAN,0.0
INV2025001374,V027,Crest Chemicals,PO2025001374,GRN2025001374,97.0,97,97,13750.5,13750.5,0.0,0.0,1333798.5,1493854.32,PASS,CLEAN,0.0
INV2025001375,V011,Kaveri Industrial Traders,PO2025001375,GRN2025001375,185.0,185,185,1047.09,1047.09,0.0,0.0,193711.65,228579.75,PASS,CLEAN,0.0
INV2025001376,V028,Dynamo Power Systems,PO2025001376,GRN2025001376,36.0,20,20,15859.25,15859.25,0.0,0.0,317185.0,333044.25,PASS,CLEAN,0.0
INV2025001377,V001,Apex Industrial Supplies Pvt Ltd,PO2025001377,GRN2025001377,225.0,225,225,1597.77,1597.77,0.0,0.0,359498.25,377473.16,PASS,CLEAN,0.0
INV2025001378,V004,Delta Engineering Components,PO2025001378,GRN2025001378,81.0,81,81,1309.34,1309.34,0.0,0.0,106056.54,118783.32,PASS,CLEAN,0.0
INV2025001379,V001,Apex Industrial Supplies Pvt Ltd,PO2025001379,GRN2025001379,239.0,217,217,925.84,925.84,0.0,0.0,200907.28,210952.64,PASS,CLEAN,0.0
INV2025001380,V034,Jade Logistics Supplies,PO2025001380,GRN2025001380,49.0,49,49,1365.98,1365.98,0.0,0.0,66933.02,78980.96,PASS,CLEAN,0.0
INV2025001381,V024,Zenith Engineering Supplies,PO2025001381,GRN2025001381,219.0,219,237,772.45,772.45,0.0,8.22,183070.65,205039.13,HOLD,QTY_OVER_RECEIPT,13904.1
INV2025001382,V024,Zenith Engineering Supplies,PO2025001382,GRN2025001382,87.0,52,52,770.87,900.49,16.81,0.0,46825.48,52444.54,HOLD,PRICE_VARIANCE,6740.24
INV2025001383,V019,Sigma Industrial Products,PO2025001383,GRN2025001383,108.0,88,88,815.69,815.69,0.0,0.0,71780.72,80394.41,PASS,CLEAN,0.0
INV2025001384,V017,Quantum Electricals,PO2025001384,GRN2025001384,27.0,27,27,159.86,174.66,9.26,0.0,4715.82,5564.67,HOLD,PRICE_VARIANCE,399.6
INV2025001385,V015,Orbit Maintenance Supplies,PO2025001385,GRN2025001385,6.0,6,6,750.7,851.87,13.48,0.0,5111.22,6031.24,HOLD,PRICE_VARIANCE,607.02
INV2025001386,V001,Apex Industrial Supplies Pvt Ltd,PO2025001386,GRN2025001386,66.0,66,66,438.73,438.73,0.0,0.0,28956.18,30403.99,PASS,CLEAN,0.0
INV2025001387,V029,Eagle Stationery Solutions,PO2025001387,GRN2025001387,110.0,110,110,1115.27,1115.27,0.0,0.0,122679.7,144762.05,PASS,CLEAN,0.0
INV2025001388,V014,Nova Tech Systems,PO2025001388,GRN2025001388,171.0,171,171,1577.17,1577.17,0.0,0.0,269696.07,283180.87,PASS,CLEAN,0.0
INV2025001389,V017,Quantum Electricals,PO2025001389,GRN2025001389,63.0,63,63,1677.91,1677.91,0.0,0.0,105708.33,124735.83,PASS,CLEAN,0.0
INV2025001390,V002,BluePeak Office Systems Pvt Ltd,PO2025001390,GRN2025001390,157.0,168,168,1252.15,1252.15,0.0,0.0,210361.2,235604.54,PASS,CLEAN,0.0
INV2025001391,V007,Gamma Safety Solutions,PO2025001391,GRN2025001391,223.0,223,223,685.98,685.98,0.0,0.0,152973.54,160622.22,PASS,CLEAN,0.0
INV2025001392,V005,Evergreen Facility Products,PO2025001392,GRN2025001392,62.0,62,62,413.37,413.37,0.0,0.0,25628.94,28704.41,PASS,CLEAN,0.0
INV2025001393,V024,Zenith Engineering Supplies,PO2025001393,GRN2025001393,175.0,175,172,13030.89,13030.89,0.0,-1.71,2241313.08,2510270.65,PASS,CLEAN,0.0
INV2025001394,V030,Frontier Components,PO2025001394,GRN2025001394,108.0,108,108,530.55,530.55,0.0,0.0,57299.4,67613.29,PASS,CLEAN,0.0
INV2025001395,V018,Ridgeway Bearings,PO2025001395,GRN2025001395,84.0,63,63,1261.8,1261.8,0.0,0.0,79493.4,83468.07,PASS,CLEAN,0.0
INV2025001396,V013,Metro Fasteners,PO2025001396,GRN2025001396,216.0,216,216,119.18,119.18,0.0,0.0,25742.88,30376.6,PASS,CLEAN,0.0
INV2025001397,V017,Quantum Electricals,PO2025001397,GRN2025001397,205.0,205,205,728.19,728.19,0.0,0.0,149278.95,176149.16,PASS,CLEAN,0.0
INV2025001398,V035,Keystone Industrial Products,PO2025001398,GRN2025001398,108.0,108,108,498.53,498.53,0.0,0.0,53841.24,60302.19,PASS,CLEAN,0.0
INV2025001399,V020,Trident Facility Services,PO2025001399,GRN2025001399,64.0,64,64,257.03,257.03,0.0,0.0,16449.92,18423.91,PASS,CLEAN,0.0
INV2025001400,V039,Omkar Facility Products,PO2025001400,GRN2025001400,192.0,192,192,524.76,524.76,0.0,0.0,100753.92,105791.62,PASS,CLEAN,0.0
INV2025001401,V001,Apex Industrial Supplies Pvt Ltd,PO2025001401,GRN2025001401,117.0,117,117,865.01,915.45,5.83,0.0,107107.65,112463.03,HOLD,PRICE_VARIANCE,5901.48
INV2025001402,V023,Westline Consumables,PO2025001402,GRN2025001402,134.0,134,134,830.24,830.24,0.0,0.0,111252.16,124602.42,PASS,CLEAN,0.0
INV2025001403,V031,Ganga Hardware Traders,PO2025001403,GRN2025001403,248.0,190,190,653.42,653.42,0.0,0.0,124149.8,130357.29,PASS,CLEAN,0.0
INV2025001404,V015,Orbit Maintenance Supplies,PO2025001404,GRN2025001404,95.0,95,95,202.32,202.32,0.0,0.0,19220.4,22680.07,PASS,CLEAN,0.0
INV2025001405,V028,Dynamo Power Systems,PO2025001405,GRN2025001405,33.0,25,27,16582.6,16582.6,0.0,8.0,447730.2,470116.71,HOLD,QTY_OVER_RECEIPT,33165.2
INV2025001406,V031,Ganga Hardware Traders,PO2025001406,GRN2025001406,199.0,199,199,11829.16,12381.65,4.67,0.0,2463948.35,2587145.77,HOLD,PRICE_VARIANCE,109945.51
INV2025001407,V003,Crown Packaging Solutions,PO2025001407,GRN2025001407,182.0,182,182,125.1,141.65,13.23,0.0,25780.3,27069.32,HOLD,PRICE_VARIANCE,3012.1
INV2025001408,V020,Trident Facility Services,PO2025001408,GRN2025001408,7.0,7,7,20522.23,20522.23,0.0,0.0,143655.61,160894.28,PASS,CLEAN,0.0
INV2025001409,V029,Eagle Stationery Solutions,PO2025001409,GRN2025001409,50.0,39,39,177.78,177.78,0.0,0.0,6933.42,8181.44,PASS,CLEAN,0.0
INV2025001410,V008,Horizon IT Distribution,PO2025001410,GRN2025001410,100.0,92,92,660.55,660.55,0.0,0.0,60770.6,71709.31,PASS,CLEAN,0.0
INV2025001411,V001,Apex Industrial Supplies Pvt Ltd,PO2025001411,GRN2025001411,52.0,52,52,1071.34,1071.34,0.0,0.0,55709.68,58495.16,PASS,CLEAN,0.0
INV2025001412,V031,Ganga Hardware Traders,PO2025001412,GRN2025001412,34.0,34,37,11636.52,11636.52,0.0,8.82,430551.24,452078.8,HOLD,QTY_OVER_RECEIPT,34909.56
INV2025001413,V001,Apex Industrial Supplies Pvt Ltd,PO2025001413,GRN2025001413,243.0,243,243,130.85,130.85,0.0,0.0,31796.55,33386.38,PASS,CLEAN,0.0
INV2025001414,V025,Arun Safety & PPE,PO2025001414,GRN2025001414,152.0,152,152,524.93,524.93,0.0,0.0,79789.36,89364.08,PASS,CLEAN,0.0
INV2025001415,V026,Bharat Industrial Stores,PO2025001415,GRN2025001415,190.0,190,190,3590.95,3590.95,0.0,0.0,682280.5,805090.99,PASS,CLEAN,0.0
INV2025001416,V037,Magnus Tools,PO2025001416,GRN2025001416,137.0,137,137,673.44,673.44,0.0,0.0,92261.28,108868.31,PASS,CLEAN,0.0
INV2025001417,V002,BluePeak Office Systems Pvt Ltd,,GRN2025001417,,0,58,,21888.13,,,1269511.54,1421852.92,HOLD,MISSING_PO,1269511.54
INV2025001418,V032,Helios Controls,PO2025001418,GRN2025001418,141.0,141,141,849.09,849.09,0.0,0.0,119721.69,141271.59,PASS,CLEAN,0.0
INV2025001419,V026,Bharat Industrial Stores,,GRN2025001419,,0,36,,787.96,,,28366.56,33472.54,HOLD,MISSING_PO,28366.56
INV2025001420,V016,Prime Tools & Components,PO2025001420,GRN2025001420,173.0,173,173,14787.89,14787.89,0.0,0.0,2558304.97,2865301.57,PASS,CLEAN,0.0
INV2025001421,V034,Jade Logistics Supplies,PO2025001421,GRN2025001421,124.0,124,124,561.41,645.26,14.94,0.0,80012.24,94414.44,HOLD,PRICE_VARIANCE,10397.4
INV2025001422,V039,Omkar Facility Products,PO2025001422,GRN2025001422,203.0,203,203,100.62,100.62,0.0,0.0,20425.86,21447.15,PASS,CLEAN,0.0
INV2025001423,V040,Pioneer Electrical Traders,PO2025001423,GRN2025001423,175.0,175,175,3817.53,3817.53,0.0,0.0,668067.75,788319.95,PASS,CLEAN,0.0
INV2025001424,V035,Keystone Industrial Products,PO2025001424,GRN2025001424,201.0,201,201,506.08,506.08,0.0,0.0,101722.08,113928.73,PASS,CLEAN,0.0
INV2025001425,V007,Gamma Safety Solutions,PO2025001425,GRN2025001425,130.0,130,130,99.42,99.42,0.0,0.0,12924.6,13570.83,PASS,CLEAN,0.0
INV2025001426,V032,Helios Controls,PO2025001426,GRN2025001426,56.0,35,35,12542.27,12542.27,0.0,0.0,438979.45,517995.75,PASS,CLEAN,0.0
INV2025001427,V027,Crest Chemicals,PO2025001427,GRN2025001427,73.0,73,73,1459.98,1459.98,0.0,0.0,106578.54,119367.96,PASS,CLEAN,0.0
INV2025001428,V036,Lumina Office Technologies,PO2025001428,GRN2025001428,225.0,225,225,32854.08,32854.08,0.0,0.0,7392168.0,8722758.24,PASS,CLEAN,0.0
INV2025001429,V003,Crown Packaging Solutions,PO2025001429,GRN2025001429,63.0,63,63,762.42,762.42,0.0,0.0,48032.46,50434.08,PASS,CLEAN,0.0
INV2025001430,V021,United Process Equipment,PO2025001430,GRN2025001430,63.0,63,63,21696.26,21696.26,0.0,0.0,1366864.38,1612899.97,PASS,CLEAN,0.0
INV2025001431,V034,Jade Logistics Supplies,PO2025001431,GRN2025001431,39.0,25,25,607.41,607.41,0.0,0.0,15185.25,17918.59,PASS,CLEAN,0.0
INV2025001432,V002,BluePeak Office Systems Pvt Ltd,PO2025001432,GRN2025001432,52.0,46,46,3454.07,3454.07,0.0,0.0,158887.22,177953.69,PASS,CLEAN,0.0
INV2025001433,V021,United Process Equipment,PO2025001433,GRN2025001433,170.0,170,170,35648.44,35648.44,0.0,0.0,6060234.8,7151077.06,PASS,CLEAN,0.0
INV2025001434,V013,Metro Fasteners,PO2025001434,GRN2025001434,129.0,129,129,524.6,524.6,0.0,0.0,67673.4,79854.61,PASS,CLEAN,0.0
INV2025001435,V028,Dynamo Power Systems,PO2025001435,GRN2025001435,15.0,15,15,712.77,712.77,0.0,0.0,10691.55,11226.13,PASS,CLEAN,0.0
INV2025001436,V021,United Process Equipment,PO2025001436,GRN2025001436,65.0,68,68,1329.17,1530.12,15.12,0.0,104048.16,122776.83,HOLD,PRICE_VARIANCE,13664.6
INV2025001437,V019,Sigma Industrial Products,PO2025001437,GRN2025001437,108.0,108,111,20454.6,20454.6,0.0,2.78,2270460.6,2542915.87,HOLD,QTY_OVER_RECEIPT,61363.8
INV2025001438,V036,Lumina Office Technologies,PO2025001438,GRN2025001438,108.0,78,78,13096.43,13096.43,0.0,0.0,1021521.54,1205395.42,PASS,CLEAN,0.0
INV2025001439,V015,Orbit Maintenance Supplies,PO2025001439,GRN2025001439,245.0,245,245,2599.12,2599.12,0.0,0.0,636784.4,751405.59,PASS,CLEAN,0.0
INV2025001440,V006,Falcon Electricals India Pvt Ltd,PO2025001440,GRN2025001440,58.0,50,50,191.03,191.03,0.0,0.0,9551.5,10029.07,PASS,CLEAN,0.0
INV2025001441,V018,Ridgeway Bearings,PO2025001441,GRN2025001441,247.0,247,247,247.6,247.6,0.0,0.0,61157.2,64215.06,PASS,CLEAN,0.0
INV2025001442,V035,Keystone Industrial Products,PO2025001442,GRN2025001442,241.0,241,241,21313.71,21313.71,0.0,0.0,5136604.11,5752996.6,PASS,CLEAN,0.0
INV2025001443,V003,Crown Packaging Solutions,PO2025001443,GRN2025001443,212.0,212,212,2627.98,2627.98,0.0,0.0,557131.76,584988.35,PASS,CLEAN,0.0
INV2025001444,V032,Helios Controls,PO2025001444,GRN2025001444,49.0,32,32,1527.41,1527.41,0.0,0.0,48877.12,57675.0,PASS,CLEAN,0.0
INV2025001445,V029,Eagle Stationery Solutions,PO2025001445,GRN2025001445,132.0,132,132,11542.57,11542.57,0.0,0.0,1523619.24,1797870.7,PASS,CLEAN,0.0
INV2025001446,V031,Ganga Hardware Traders,PO2025001446,GRN2025001446,153.0,155,155,1566.08,1566.08,0.0,0.0,242742.4,254879.52,PASS,CLEAN,0.0
INV2025001447,V022,Vertex Automation,PO2025001447,GRN2025001447,9.0,9,9,818.08,818.08,0.0,0.0,7362.72,8688.01,PASS,CLEAN,0.0
INV2025001448,V003,Crown Packaging Solutions,PO2025001448,GRN2025001448,238.0,238,238,692.08,692.08,0.0,0.0,164715.04,172950.79,PASS,CLEAN,0.0
INV2025001449,V027,Crest Chemicals,PO2025001449,GRN2025001449,208.0,172,172,1369.13,1369.13,0.0,0.0,235490.36,263749.2,PASS,CLEAN,0.0
INV2025001450,V029,Eagle Stationery Solutions,PO2025001450,GRN2025001450,247.0,247,247,1955.47,1955.47,0.0,0.0,483001.09,569941.29,PASS,CLEAN,0.0
INV2025001451,V025,Arun Safety & PPE,PO2025001451,GRN2025001451,118.0,105,101,864.83,864.83,0.0,-3.81,87347.83,97829.57,PASS,CLEAN,0.0
INV2025001452,V027,Crest Chemicals,PO2025001452,GRN2025001452,4.0,4,4,40434.12,40434.12,0.0,0.0,161736.48,181144.86,PASS,CLEAN,0.0
INV2025001453,V028,Dynamo Power Systems,PO2025001453,GRN2025001453,115.0,115,115,1967.36,1967.36,0.0,0.0,226246.4,237558.72,PASS,CLEAN,0.0
INV2025001454,V021,United Process Equipment,PO2025001454,GRN2025001454,98.0,98,98,898.51,898.51,0.0,0.0,88053.98,103903.7,PASS,CLEAN,0.0
INV2025001455,V007,Gamma Safety Solutions,PO2025001455,GRN2025001455,6.0,6,6,693.62,788.24,13.64,0.0,4729.44,4965.91,HOLD,PRICE_VARIANCE,567.72
INV2025001456,V021,United Process Equipment,PO2025001456,GRN2025001456,135.0,135,135,1185.89,1185.89,0.0,0.0,160095.15,188912.28,PASS,CLEAN,0.0
INV2025001457,V029,Eagle Stationery Solutions,PO2025001457,GRN2025001457,232.0,199,199,323.14,323.14,0.0,0.0,64304.86,75879.73,PASS,CLEAN,0.0
INV2025001458,V020,Trident Facility Services,PO2025001458,GRN2025001458,98.0,98,98,2671.95,2671.95,0.0,0.0,261851.1,293273.23,PASS,CLEAN,0.0
INV2025001459,V008,Horizon IT Distribution,PO2025001459,GRN2025001459,139.0,127,127,23537.23,23537.23,0.0,0.0,2989228.21,3527289.29,PASS,CLEAN,0.0
INV2025001460,V028,Dynamo Power Systems,PO2025001460,GRN2025001460,13.0,13,13,21995.08,21995.08,0.0,0.0,285936.04,300232.84,PASS,CLEAN,0.0
INV2025001461,V033,Innovatech Solutions,PO2025001461,GRN2025001461,113.0,113,113,11793.92,11793.92,0.0,0.0,1332712.96,1399348.61,PASS,CLEAN,0.0
INV2025001462,V014,Nova Tech Systems,PO2025001462,GRN2025001462,100.0,100,100,840.52,840.52,0.0,0.0,84052.0,88254.6,PASS,CLEAN,0.0
INV2025001463,V011,Kaveri Industrial Traders,PO2025001463,GRN2025001463,129.0,129,129,360.65,360.65,0.0,0.0,46523.85,54898.14,PASS,CLEAN,0.0
INV2025001464,V008,Horizon IT Distribution,PO2025001464,GRN2025001464,241.0,241,241,5014.19,5014.19,0.0,0.0,1208419.79,1425935.35,PASS,CLEAN,0.0
INV2025001465,V008,Horizon IT Distribution,PO2025001465,GRN2025001465,100.0,100,100,519.27,519.27,0.0,0.0,51927.0,61273.86,PASS,CLEAN,0.0
INV2025001466,V003,Crown Packaging Solutions,PO2025001466,GRN2025001466,7.0,7,7,225.41,225.41,0.0,0.0,1577.87,1656.76,PASS,CLEAN,0.0
INV2025001467,V016,Prime Tools & Components,PO2025001467,GRN2025001467,11.0,11,11,32784.34,32784.34,0.0,0.0,360627.74,403903.07,PASS,CLEAN,0.0
INV2025001468,V030,Frontier Components,PO2025001468,GRN2025001468,245.0,245,245,679.69,679.69,0.0,0.0,166524.05,196498.38,PASS,CLEAN,0.0
INV2025001469,V012,Lotus Packaging India Pvt Ltd,PO2025001469,GRN2025001469,79.0,79,79,19580.2,19580.2,0.0,0.0,1546835.8,1732456.1,PASS,CLEAN,0.0
INV2025001470,V002,BluePeak Office Systems Pvt Ltd,PO2025001470,GRN2025001470,154.0,154,154,580.06,580.06,0.0,0.0,89329.24,100048.75,PASS,CLEAN,0.0
INV2025001471,V005,Evergreen Facility Products,PO2025001471,GRN2025001471,106.0,67,67,1252.36,1440.08,14.99,0.0,96485.36,108063.6,HOLD,PRICE_VARIANCE,12577.24
INV2025001472,V029,Eagle Stationery Solutions,PO2025001472,GRN2025001472,60.0,60,60,195.64,195.64,0.0,0.0,11738.4,13851.31,PASS,CLEAN,0.0
INV2025001473,V036,Lumina Office Technologies,PO2025001473,GRN2025001473,28.0,28,28,122.25,122.25,0.0,0.0,3423.0,4039.14,PASS,CLEAN,0.0
INV2025001474,V031,Ganga Hardware Traders,PO2025001474,GRN2025001474,102.0,102,102,383.93,383.93,0.0,0.0,39160.86,41118.9,PASS,CLEAN,0.0
INV2025001476,V010,Jupiter Office Products,PO2025001476,GRN2025001476,59.0,59,59,859.83,859.83,0.0,0.0,50729.97,59861.36,PASS,CLEAN,0.0
INV2025001477,V036,Lumina Office Technologies,PO2025001477,GRN2025001477,216.0,216,216,734.48,734.48,0.0,0.0,158647.68,187204.26,PASS,CLEAN,0.0
INV2025001479,V028,Dynamo Power Systems,PO2025001479,GRN2025001479,79.0,79,79,1545.97,1545.97,0.0,0.0,122131.63,128238.21,PASS,CLEAN,0.0
INV2025001480,V013,Metro Fasteners,PO2025001480,GRN2025001480,243.0,243,243,848.29,848.29,0.0,0.0,206134.47,243238.67,PASS,CLEAN,0.0
INV2025001481,V033,Innovatech Solutions,PO2025001481,GRN2025001481,102.0,102,102,595.78,595.78,0.0,0.0,60769.56,63808.04,PASS,CLEAN,0.0
INV2025001482,V039,Omkar Facility Products,PO2025001482,GRN2025001482,197.0,197,197,1015.56,1015.56,0.0,0.0,200065.32,210068.59,PASS,CLEAN,0.0
INV2025001483,V029,Eagle Stationery Solutions,PO2025001483,GRN2025001483,156.0,142,142,680.19,680.19,0.0,0.0,96586.98,113972.64,PASS,CLEAN,0.0
INV2025001484,V011,Kaveri Industrial Traders,PO2025001484,GRN2025001484,27.0,27,27,1122.99,1122.99,0.0,0.0,30320.73,35778.46,PASS,CLEAN,0.0
INV2025001485,V025,Arun Safety & PPE,PO2025001485,GRN2025001485,27.0,27,27,1428.82,1428.82,0.0,0.0,38578.14,43207.52,PASS,CLEAN,0.0
INV2025001486,V038,NexGen Components,PO2025001486,GRN2025001486,154.0,154,154,745.86,745.86,0.0,0.0,114862.44,135537.68,PASS,CLEAN,0.0
INV2025001487,V038,NexGen Components,PO2025001487,GRN2025001487,2.0,2,2,26289.1,26289.1,0.0,0.0,52578.2,62042.28,PASS,CLEAN,0.0
INV2025001488,V040,Pioneer Electrical Traders,PO2025001488,GRN2025001488,227.0,227,227,171.16,171.16,0.0,0.0,38853.32,45846.92,PASS,CLEAN,0.0
INV2025001489,V021,United Process Equipment,PO2025001489,GRN2025001489,102.0,93,93,26761.58,26761.58,0.0,0.0,2488826.94,2936815.79,PASS,CLEAN,0.0
INV2025001490,V025,Arun Safety & PPE,PO2025001490,GRN2025001490,236.0,236,236,756.68,756.68,0.0,0.0,178576.48,200005.66,PASS,CLEAN,0.0
INV2026001490,V025,Arun Safety & PPE,PO2025001490,GRN2025001490,236.0,236,236,756.68,756.68,0.0,0.0,178576.48,200005.66,HOLD,DUPLICATE_AMOUNT_VENDOR,0.0
INV2025001491,V029,Eagle Stationery Solutions,PO2025001491,GRN2025001491,179.0,179,179,158.91,158.91,0.0,0.0,28444.89,33564.97,PASS,CLEAN,0.0
INV2025001492,V022,Vertex Automation,PO2025001492,GRN2025001492,180.0,180,180,1170.59,1170.59,0.0,0.0,210706.2,248633.32,PASS,CLEAN,0.0
INV2025001494,V036,Lumina Office Technologies,PO2025001494,GRN2025001494,85.0,85,85,1328.01,1328.01,0.0,0.0,112880.85,133199.4,PASS,CLEAN,0.0
INV2025001495,V036,Lumina Office Technologies,PO2025001495,GRN2025001495,193.0,203,203,816.98,816.98,0.0,0.0,165846.94,195699.39,PASS,CLEAN,0.0
INV2025001496,V009,Indus Mechanical Works,PO2025001496,GRN2025001496,172.0,161,161,467.46,467.46,0.0,0.0,75261.06,84292.39,PASS,CLEAN,0.0
INV2025001498,V011,Kaveri Industrial Traders,PO2025001498,GRN2025001498,34.0,34,34,2343.71,2343.71,0.0,0.0,79686.14,94029.65,PASS,CLEAN,0.0
INV2025001499,V023,Westline Consumables,PO2025001499,GRN2025001499,75.0,75,75,1896.83,1896.83,0.0,0.0,142262.25,159333.72,PASS,CLEAN,0.0
INV2025001500,V033,Innovatech Solutions,PO2025001500,GRN2025001500,34.0,34,34,635.52,635.52,0.0,0.0,21607.68,22688.06,PASS,CLEAN,0.0
INV2025001501,V035,Keystone Industrial Products,PO2025001501,GRN2025001501,230.0,230,230,628.93,628.93,0.0,0.0,144653.9,162012.37,PASS,CLEAN,0.0
INV2025001502,V004,Delta Engineering Components,PO2025001502,GRN2025001502,31.0,31,31,543.96,543.96,0.0,0.0,16862.76,18886.29,PASS,CLEAN,0.0
INV2025001503,V036,Lumina Office Technologies,PO2025001503,GRN2025001503,153.0,153,153,984.89,984.89,0.0,0.0,150688.17,177812.04,PASS,CLEAN,0.0
INV2025001504,V014,Nova Tech Systems,PO2025001504,GRN2025001504,216.0,216,216,12888.97,12888.97,0.0,0.0,2784017.52,2923218.4,PASS,CLEAN,0.0
INV2025001505,V027,Crest Chemicals,PO2025001505,GRN2025001505,160.0,168,168,717.0,717.0,0.0,0.0,120456.0,134910.72,PASS,CLEAN,0.0
INV2025001506,V018,Ridgeway Bearings,PO2025001506,GRN2025001506,139.0,139,139,984.33,984.33,0.0,0.0,136821.87,143662.96,PASS,CLEAN,0.0
INV2025001507,V012,Lotus Packaging India Pvt Ltd,PO2025001507,GRN2025001507,169.0,169,169,553.01,553.01,0.0,0.0,93458.69,104673.73,PASS,CLEAN,0.0
INV2025001508,V036,Lumina Office Technologies,PO2025001508,GRN2025001508,218.0,159,159,17573.32,17573.32,0.0,0.0,2794157.88,3297106.3,PASS,CLEAN,0.0
INV2025001509,V030,Frontier Components,PO2025001509,GRN2025001509,28.0,28,28,23197.45,23197.45,0.0,0.0,649528.6,766443.75,PASS,CLEAN,0.0
INV2025001510,V002,BluePeak Office Systems Pvt Ltd,PO2025001510,GRN2025001510,168.0,168,168,218.62,218.62,0.0,0.0,36728.16,41135.54,PASS,CLEAN,0.0
INV2025001511,V020,Trident Facility Services,PO2025001511,GRN2025001511,90.0,90,90,14738.7,14738.7,0.0,0.0,1326483.0,1485660.96,PASS,CLEAN,0.0
INV2025001512,V023,Westline Consumables,PO2025001512,,244.0,218,244,3425.21,3425.21,0.0,11.93,835751.24,936041.39,HOLD,MISSING_GRN;QTY_OVER_RECEIPT,89055.46
INV2025001513,V031,Ganga Hardware Traders,PO2025001513,GRN2025001513,74.0,74,69,427.8,427.8,0.0,-6.76,29518.2,30994.11,PASS,CLEAN,0.0
INV2025001514,V002,BluePeak Office Systems Pvt Ltd,,GRN2025001514,,0,129,,434.02,,,55988.58,62707.21,HOLD,MISSING_PO,55988.58
INV2025001515,V031,Ganga Hardware Traders,PO2025001515,GRN2025001515,212.0,212,212,12632.16,12632.16,0.0,0.0,2678017.92,2811918.82,PASS,CLEAN,0.0
INV2025001516,V008,Horizon IT Distribution,PO2025001516,GRN2025001516,203.0,203,203,756.11,756.11,0.0,0.0,153490.33,181118.59,PASS,CLEAN,0.0
INV2025001517,V036,Lumina Office Technologies,PO2025001517,GRN2025001517,167.0,156,156,13469.33,13469.33,0.0,0.0,2101215.48,2479434.27,PASS,CLEAN,0.0
INV2025001518,V021,United Process Equipment,PO2025001518,GRN2025001518,54.0,54,54,280.08,280.08,0.0,0.0,15124.32,17846.7,PASS,CLEAN,0.0
INV2025001519,V025,Arun Safety & PPE,PO2025001519,GRN2025001519,81.0,81,81,26117.06,26117.06,0.0,0.0,2115481.86,2369339.68,PASS,CLEAN,0.0
INV2025001520,V015,Orbit Maintenance Supplies,PO2025001520,,196.0,196,196,3933.51,3933.51,0.0,0.0,770967.96,909742.19,HOLD,MISSING_GRN,0.0
INV2025001521,V001,Apex Industrial Supplies Pvt Ltd,PO2025001521,GRN2025001521,62.0,62,61,1345.07,1345.07,0.0,-1.61,82049.27,86151.73,PASS,CLEAN,0.0
INV2025001522,V017,Quantum Electricals,PO2025001522,GRN2025001522,128.0,77,77,1340.6,1340.6,0.0,0.0,103226.2,121806.92,PASS,CLEAN,0.0
INV2025001523,V015,Orbit Maintenance Supplies,PO2025001523,GRN2025001523,40.0,28,28,2484.0,2484.0,0.0,0.0,69552.0,82071.36,PASS,CLEAN,0.0
INV2025001524,V015,Orbit Maintenance Supplies,PO2025001524,GRN2025001524,21.0,21,21,158.69,158.69,0.0,0.0,3332.49,3932.34,PASS,CLEAN,0.0
INV2025001525,V009,Indus Mechanical Works,PO2025001525,GRN2025001525,188.0,196,196,604.44,604.44,0.0,0.0,118470.24,132686.67,PASS,CLEAN,0.0
INV2025001526,V030,Frontier Components,PO2025001526,GRN2025001526,11.0,11,11,24470.37,24470.37,0.0,0.0,269174.07,317625.4,PASS,CLEAN,0.0
INV2025001527,V004,Delta Engineering Components,PO2025001527,GRN2025001527,229.0,229,229,1730.48,1730.48,0.0,0.0,396279.92,443833.51,PASS,CLEAN,0.0
INV2025001528,V011,Kaveri Industrial Traders,PO2025001528,GRN2025001528,24.0,24,24,806.97,806.97,0.0,0.0,19367.28,22853.39,PASS,CLEAN,0.0
INV2025001529,V003,Crown Packaging Solutions,PO2025001529,GRN2025001529,3.0,3,3,676.06,676.06,0.0,0.0,2028.18,2129.59,PASS,CLEAN,0.0
INV2025001530,V022,Vertex Automation,PO2025001530,GRN2025001530,91.0,91,91,36784.61,36784.61,0.0,0.0,3347399.51,3949931.42,PASS,CLEAN,0.0
INV2025001531,V008,Horizon IT Distribution,PO2025001531,GRN2025001531,39.0,39,38,2598.68,2598.68,0.0,-2.56,98749.84,116524.81,PASS,CLEAN,0.0
INV2025001532,V010,Jupiter Office Products,PO2025001532,GRN2025001532,78.0,78,78,608.87,608.87,0.0,0.0,47491.86,56040.39,PASS,CLEAN,0.0
INV2025001533,V031,Ganga Hardware Traders,PO2025001533,GRN2025001533,241.0,241,241,4973.91,4973.91,0.0,0.0,1198712.31,1258647.93,PASS,CLEAN,0.0
INV2025001534,V035,Keystone Industrial Products,PO2025001534,GRN2025001534,139.0,117,117,1292.08,1292.08,0.0,0.0,151173.36,169314.16,PASS,CLEAN,0.0
INV2025001535,V010,Jupiter Office Products,PO2025001535,GRN2025001535,247.0,212,212,1318.48,1318.48,0.0,0.0,279517.76,329830.96,PASS,CLEAN,0.0
INV2025001536,V023,Westline Consumables,PO2025001536,GRN2025001536,58.0,58,63,952.4,952.4,0.0,8.62,60001.2,67201.34,HOLD,QTY_OVER_RECEIPT,4762.0
INV2025001537,V009,Indus Mechanical Works,PO2025001537,GRN2025001537,3.0,3,3,178.16,178.16,0.0,0.0,534.48,598.62,PASS,CLEAN,0.0
INV2025001538,V014,Nova Tech Systems,PO2025001538,GRN2025001538,165.0,165,165,1142.21,1142.21,0.0,0.0,188464.65,197887.88,PASS,CLEAN,0.0
INV2025001539,V034,Jade Logistics Supplies,PO2025001539,GRN2025001539,232.0,232,232,22655.6,22655.6,0.0,0.0,5256099.2,6202197.06,PASS,CLEAN,0.0
INV2025001540,V002,BluePeak Office Systems Pvt Ltd,,GRN2025001540,,0,129,,221.11,,,28523.19,31945.97,HOLD,MISSING_PO,28523.19
INV2025001541,V014,Nova Tech Systems,PO2025001541,GRN2025001541,208.0,208,208,606.67,662.94,9.28,0.0,137891.52,144786.1,HOLD,PRICE_VARIANCE,11704.16
INV2025001542,V039,Omkar Facility Products,,GRN2025001542,,0,106,,1160.09,,,122969.54,129118.02,HOLD,MISSING_PO,122969.54
INV2025001543,V037,Magnus Tools,PO2025001543,,219.0,147,219,2770.89,2770.89,0.0,48.98,606824.91,716053.39,HOLD,MISSING_GRN;QTY_OVER_RECEIPT,199504.08
INV2025001544,V037,Magnus Tools,PO2025001544,GRN2025001544,116.0,116,116,693.81,693.81,0.0,0.0,80481.96,94968.71,PASS,CLEAN,0.0
INV2025001545,V006,Falcon Electricals India Pvt Ltd,PO2025001545,GRN2025001545,205.0,205,205,106.77,106.77,0.0,0.0,21887.85,22982.24,PASS,CLEAN,0.0
INV2025001546,V012,Lotus Packaging India Pvt Ltd,PO2025001546,GRN2025001546,117.0,117,117,1283.35,1283.35,0.0,0.0,150151.95,168170.18,PASS,CLEAN,0.0
INV2025001547,V006,Falcon Electricals India Pvt Ltd,PO2025001547,GRN2025001547,114.0,114,114,2021.66,2021.66,0.0,0.0,230469.24,241992.7,PASS,CLEAN,0.0
INV2025001549,V039,Omkar Facility Products,PO2025001549,GRN2025001549,144.0,144,144,2572.8,2572.8,0.0,0.0,370483.2,389007.36,PASS,CLEAN,0.0
INV2025001550,V023,Westline Consumables,PO2025001550,GRN2025001550,129.0,129,129,875.96,875.96,0.0,0.0,112998.84,126558.7,PASS,CLEAN,0.0
INV2025001551,V004,Delta Engineering Components,PO2025001551,GRN2025001551,188.0,188,188,174.29,174.29,0.0,0.0,32766.52,36698.5,PASS,CLEAN,0.0
INV2025001552,V038,NexGen Components,PO2025001552,GRN2025001552,164.0,164,164,766.75,766.75,0.0,0.0,125747.0,148381.46,PASS,CLEAN,0.0
INV2026001552,V038,NexGen Components,PO2025001552,GRN2025001552,164.0,164,164,766.75,766.75,0.0,0.0,125747.0,148381.46,HOLD,DUPLICATE_AMOUNT_VENDOR,0.0
INV2025001553,V003,Crown Packaging Solutions,PO2025001553,GRN2025001553,151.0,151,151,667.21,667.21,0.0,0.0,100748.71,105786.15,PASS,CLEAN,0.0
INV2025001554,V021,United Process Equipment,PO2025001554,GRN2025001554,109.0,74,74,1903.98,2041.37,7.22,0.0,151061.38,178252.43,HOLD,PRICE_VARIANCE,10166.86
INV2025001555,V011,Kaveri Industrial Traders,PO2025001555,GRN2025001555,106.0,106,106,1198.54,1198.54,0.0,0.0,127045.24,149913.38,PASS,CLEAN,0.0
INV2025001556,V034,Jade Logistics Supplies,PO2025001556,GRN2025001556,83.0,83,83,2965.19,2965.19,0.0,0.0,246110.77,290410.71,PASS,CLEAN,0.0
INV2025001557,V003,Crown Packaging Solutions,PO2025001557,GRN2025001557,27.0,27,27,663.17,663.17,0.0,0.0,17905.59,18800.87,PASS,CLEAN,0.0
INV2025001558,V035,Keystone Industrial Products,PO2025001558,GRN2025001558,192.0,192,192,1575.43,1642.0,4.23,0.0,315264.0,353095.68,HOLD,PRICE_VARIANCE,12781.44
INV2025001559,V014,Nova Tech Systems,PO2025001559,GRN2025001559,96.0,83,83,1223.1,1223.1,0.0,0.0,101517.3,106593.16,PASS,CLEAN,0.0
INV2025001560,V025,Arun Safety & PPE,PO2025001560,GRN2025001560,233.0,233,233,6456.03,6456.03,0.0,0.0,1504254.99,1684765.59,PASS,CLEAN,0.0
INV2025001561,V035,Keystone Industrial Products,PO2025001561,GRN2025001561,223.0,223,223,864.19,864.19,0.0,0.0,192714.37,215840.09,PASS,CLEAN,0.0
INV2025001562,V028,Dynamo Power Systems,PO2025001562,GRN2025001562,119.0,119,119,3472.96,3472.96,0.0,0.0,413282.24,433946.35,PASS,CLEAN,0.0
INV2025001563,V021,United Process Equipment,PO2025001563,GRN2025001563,201.0,201,201,1177.91,1177.91,0.0,0.0,236759.91,279376.69,PASS,CLEAN,0.0
INV2025001564,V035,Keystone Industrial Products,PO2025001564,GRN2025001564,78.0,78,78,279.07,279.07,0.0,0.0,21767.46,24379.56,PASS,CLEAN,0.0
INV2025001565,V015,Orbit Maintenance Supplies,PO2025001565,GRN2025001565,105.0,105,105,1068.14,1244.14,16.48,0.0,130634.7,154148.95,HOLD,PRICE_VARIANCE,18480.0
INV2025001566,V035,Keystone Industrial Products,PO2025001566,GRN2025001566,211.0,211,211,12207.54,12682.71,3.89,0.0,2676051.81,2997178.03,HOLD,PRICE_VARIANCE,100260.87
INV2025001567,V024,Zenith Engineering Supplies,PO2025001567,GRN2025001567,15.0,15,15,1160.14,1160.14,0.0,0.0,17402.1,19490.35,PASS,CLEAN,0.0
INV2025001568,V032,Helios Controls,PO2025001568,GRN2025001568,164.0,114,114,22737.85,22737.85,0.0,0.0,2592114.9,3058695.58,PASS,CLEAN,0.0
INV2025001569,V024,Zenith Engineering Supplies,PO2025001569,GRN2025001569,65.0,51,51,721.65,721.65,0.0,0.0,36804.15,41220.65,PASS,CLEAN,0.0
INV2025001570,V029,Eagle Stationery Solutions,PO2025001570,GRN2025001570,77.0,77,77,790.6,790.6,0.0,0.0,60876.2,71833.92,PASS,CLEAN,0.0
INV2025001571,V022,Vertex Automation,PO2025001571,GRN2025001571,102.0,102,102,415.32,415.32,0.0,0.0,42362.64,49987.92,PASS,CLEAN,0.0
INV2025001572,V018,Ridgeway Bearings,PO2025001572,GRN2025001572,51.0,44,44,11504.58,11504.58,0.0,0.0,506201.52,531511.6,PASS,CLEAN,0.0
INV2025001573,V014,Nova Tech Systems,PO2025001573,GRN2025001573,139.0,139,139,448.0,448.0,0.0,0.0,62272.0,65385.6,PASS,CLEAN,0.0
INV2025001574,V016,Prime Tools & Components,PO2025001574,GRN2025001574,153.0,153,153,1207.41,1207.41,0.0,0.0,184733.73,206901.78,PASS,CLEAN,0.0
INV2025001575,V017,Quantum Electricals,PO2025001575,GRN2025001575,193.0,193,193,15473.41,15473.41,0.0,0.0,2986368.13,3523914.39,PASS,CLEAN,0.0
INV2025001577,V026,Bharat Industrial Stores,PO2025001577,GRN2025001577,27.0,27,28,666.78,666.78,0.0,3.7,18669.84,22030.41,HOLD,QTY_OVER_RECEIPT,666.78
INV2025001578,V021,United Process Equipment,PO2025001578,GRN2025001578,209.0,209,209,13047.44,13047.44,0.0,0.0,2726914.96,3217759.65,PASS,CLEAN,0.0
INV2025001579,V006,Falcon Electricals India Pvt Ltd,PO2025001579,GRN2025001579,224.0,224,224,1011.6,1011.6,0.0,0.0,226598.4,237928.32,PASS,CLEAN,0.0
INV2025001580,V033,Innovatech Solutions,PO2025001580,GRN2025001580,236.0,236,236,403.99,403.99,0.0,0.0,95341.64,100108.72,PASS,CLEAN,0.0
INV2025001581,V021,United Process Equipment,PO2025001581,GRN2025001581,9.0,9,9,672.64,672.64,0.0,0.0,6053.76,7143.44,PASS,CLEAN,0.0
INV2025001582,V037,Magnus Tools,PO2025001582,GRN2025001582,127.0,127,127,6660.65,6660.65,0.0,0.0,845902.55,998165.01,PASS,CLEAN,0.0
INV2025001583,V008,Horizon IT Distribution,PO2025001583,GRN2025001583,86.0,86,86,854.65,854.65,0.0,0.0,73499.9,86729.88,PASS,CLEAN,0.0
INV2025001584,V023,Westline Consumables,PO2025001584,GRN2025001584,52.0,52,52,644.25,644.25,0.0,0.0,33501.0,37521.12,PASS,CLEAN,0.0
INV2025001585,V040,Pioneer Electrical Traders,PO2025001585,GRN2025001585,14.0,14,14,11273.79,11273.79,0.0,0.0,157833.06,186243.01,PASS,CLEAN,0.0
INV2025001586,V029,Eagle Stationery Solutions,PO2025001586,GRN2025001586,142.0,142,142,15567.3,16538.02,6.24,0.0,2348398.84,2771110.63,HOLD,PRICE_VARIANCE,137842.24
INV2025001587,V032,Helios Controls,PO2025001587,GRN2025001587,43.0,43,43,6827.39,6827.39,0.0,0.0,293577.77,346421.77,PASS,CLEAN,0.0
INV2025001588,V019,Sigma Industrial Products,PO2025001588,GRN2025001588,32.0,32,32,774.34,774.34,0.0,0.0,24778.88,27752.35,PASS,CLEAN,0.0
INV2025001589,V024,Zenith Engineering Supplies,PO2025001589,GRN2025001589,12.0,12,12,626.85,626.85,0.0,0.0,7522.2,8424.86,PASS,CLEAN,0.0
INV2025001590,V034,Jade Logistics Supplies,PO2025001590,GRN2025001590,103.0,103,103,613.32,613.32,0.0,0.0,63171.96,74542.91,PASS,CLEAN,0.0
INV2025001591,V009,Indus Mechanical Works,PO2025001591,GRN2025001591,183.0,183,183,184.13,184.13,0.0,0.0,33695.79,37739.28,PASS,CLEAN,0.0
INV2025001592,V027,Crest Chemicals,PO2025001592,GRN2025001592,247.0,222,222,541.94,541.94,0.0,0.0,120310.68,134747.96,PASS,CLEAN,0.0
INV2025001593,V029,Eagle Stationery Solutions,PO2025001593,GRN2025001593,14.0,14,14,239.92,263.44,9.8,0.0,3688.16,4352.03,HOLD,PRICE_VARIANCE,329.28
INV2025001595,V023,Westline Consumables,PO2025001595,GRN2025001595,210.0,183,183,13837.64,13837.64,0.0,0.0,2532288.12,2836162.69,PASS,CLEAN,0.0
INV2025001596,V014,Nova Tech Systems,PO2025001596,GRN2025001596,249.0,249,249,12182.18,12182.18,0.0,0.0,3033362.82,3185030.96,PASS,CLEAN,0.0
INV2026001596,V014,Nova Tech Systems,PO2025001596,GRN2025001596,249.0,249,249,12182.18,12182.18,0.0,0.0,3033362.82,3185030.96,HOLD,DUPLICATE_AMOUNT_VENDOR,0.0
INV2025001597,V013,Metro Fasteners,PO2025001597,GRN2025001597,3.0,3,3,17306.52,17306.52,0.0,0.0,51919.56,61265.08,PASS,CLEAN,0.0
INV2025001598,V027,Crest Chemicals,PO2025001598,GRN2025001598,77.0,77,81,901.37,901.37,0.0,5.19,73010.97,81772.29,HOLD,QTY_OVER_RECEIPT,3605.48
INV2025001599,V037,Magnus Tools,PO2025001599,GRN2025001599,234.0,234,234,152.65,152.65,0.0,0.0,35720.1,42149.72,PASS,CLEAN,0.0
INV2025001600,V030,Frontier Components,PO2025001600,GRN2025001600,128.0,128,128,6556.74,7093.26,8.18,0.0,907937.28,1071365.99,HOLD,PRICE_VARIANCE,68674.56
INV2025001601,V029,Eagle Stationery Solutions,PO2025001601,GRN2025001601,238.0,238,238,1555.19,1555.19,0.0,0.0,370135.22,436759.56,PASS,CLEAN,0.0
INV2025001602,V015,Orbit Maintenance Supplies,PO2025001602,GRN2025001602,159.0,159,159,933.36,933.36,0.0,0.0,148404.24,175117.0,PASS,CLEAN,0.0
INV2025001603,V039,Omkar Facility Products,PO2025001603,GRN2025001603,45.0,45,45,783.21,783.21,0.0,0.0,35244.45,37006.67,PASS,CLEAN,0.0
INV2026001603,V039,Omkar Facility Products,PO2025001603,GRN2025001603,45.0,45,45,783.21,783.21,0.0,0.0,35244.45,37006.67,HOLD,DUPLICATE_AMOUNT_VENDOR,0.0
INV2025001604,V012,Lotus Packaging India Pvt Ltd,PO2025001604,GRN2025001604,222.0,222,222,1335.06,1335.06,0.0,0.0,296383.32,331949.32,PASS,CLEAN,0.0
INV2025001605,V027,Crest Chemicals,PO2025001605,GRN2025001605,179.0,182,182,913.01,913.01,0.0,0.0,166167.82,186107.96,PASS,CLEAN,0.0
INV2025001606,V001,Apex Industrial Supplies Pvt Ltd,PO2025001606,GRN2025001606,182.0,182,182,1855.99,1855.99,0.0,0.0,337790.18,354679.69,PASS,CLEAN,0.0
INV2025001607,V002,BluePeak Office Systems Pvt Ltd,PO2025001607,,197.0,197,197,421.72,421.72,0.0,0.0,83078.84,93048.3,HOLD,MISSING_GRN,0.0
INV2025001608,V038,NexGen Components,PO2025001608,GRN2025001608,24.0,24,24,106.82,106.82,0.0,0.0,2563.68,3025.14,PASS,CLEAN,0.0
INV2025001609,V025,Arun Safety & PPE,PO2025001609,GRN2025001609,132.0,132,132,2349.88,2349.88,0.0,0.0,310184.16,347406.26,PASS,CLEAN,0.0
INV2025001610,V038,NexGen Components,PO2025001610,,135.0,135,135,360.34,360.34,0.0,0.0,48645.9,57402.16,HOLD,MISSING_GRN,0.0
INV2025001611,V015,Orbit Maintenance Supplies,PO2025001611,GRN2025001611,33.0,33,33,566.71,566.71,0.0,0.0,18701.43,22067.69,PASS,CLEAN,0.0
INV2025001613,V039,Omkar Facility Products,PO2025001613,,225.0,225,225,11213.32,11213.32,0.0,0.0,2522997.0,2649146.85,HOLD,MISSING_GRN,0.0
INV2025001614,V032,Helios Controls,PO2025001614,GRN2025001614,235.0,235,235,734.37,734.37,0.0,0.0,172576.95,203640.8,PASS,CLEAN,0.0
INV2025001615,V021,United Process Equipment,PO2025001615,GRN2025001615,47.0,47,47,508.67,508.67,0.0,0.0,23907.49,28210.84,PASS,CLEAN,0.0
INV2025001616,V034,Jade Logistics Supplies,PO2025001616,GRN2025001616,191.0,196,196,3754.11,4140.7,10.3,0.0,811577.2,957661.1,HOLD,PRICE_VARIANCE,75771.64
INV2025001617,V006,Falcon Electricals India Pvt Ltd,PO2025001617,GRN2025001617,151.0,151,151,1600.62,1600.62,0.0,0.0,241693.62,253778.3,PASS,CLEAN,0.0
INV2025001618,V036,Lumina Office Technologies,PO2025001618,GRN2025001618,239.0,239,239,6163.51,6163.51,0.0,0.0,1473078.89,1738233.09,PASS,CLEAN,0.0
INV2025001619,V019,Sigma Industrial Products,PO2025001619,GRN2025001619,155.0,155,155,38973.78,38973.78,0.0,0.0,6040935.9,6765848.21,PASS,CLEAN,0.0
INV2025001621,V027,Crest Chemicals,PO2025001621,GRN2025001621,164.0,164,164,4032.01,4032.01,0.0,0.0,661249.64,740599.6,PASS,CLEAN,0.0
INV2025001622,V008,Horizon IT Distribution,PO2025001622,GRN2025001622,116.0,100,100,1300.96,1300.96,0.0,0.0,130096.0,153513.28,PASS,CLEAN,0.0
INV2025001623,V006,Falcon Electricals India Pvt Ltd,PO2025001623,GRN2025001623,97.0,101,101,299.5,299.5,0.0,0.0,30249.5,31761.97,PASS,CLEAN,0.0
INV2025001624,V026,Bharat Industrial Stores,PO2025001624,GRN2025001624,61.0,61,61,1293.52,1293.52,0.0,0.0,78904.72,93107.57,PASS,CLEAN,0.0
INV2025001626,V004,Delta Engineering Components,PO2025001626,GRN2025001626,190.0,190,190,1416.34,1416.34,0.0,0.0,269104.6,301397.15,PASS,CLEAN,0.0
INV2025001627,V009,Indus Mechanical Works,PO2025001627,GRN2025001627,7.0,7,7,742.97,742.97,0.0,0.0,5200.79,5824.88,PASS,CLEAN,0.0
INV2025001628,V029,Eagle Stationery Solutions,PO2025001628,GRN2025001628,51.0,51,53,762.84,762.84,0.0,3.92,40430.52,47708.01,HOLD,QTY_OVER_RECEIPT,1525.68
INV2025001629,V040,Pioneer Electrical Traders,PO2025001629,GRN2025001629,20.0,20,20,116.45,116.45,0.0,0.0,2329.0,2748.22,PASS,CLEAN,0.0
INV2025001630,V024,Zenith Engineering Supplies,PO2025001630,GRN2025001630,50.0,50,50,1271.31,1271.31,0.0,0.0,63565.5,71193.36,PASS,CLEAN,0.0
INV2025001631,V037,Magnus Tools,PO2025001631,GRN2025001631,231.0,161,161,636.07,693.78,9.07,0.0,111698.58,131804.32,HOLD,PRICE_VARIANCE,9291.31
INV2025001633,V004,Delta Engineering Components,PO2025001633,GRN2025001633,105.0,90,90,1680.37,1956.04,16.41,0.0,176043.6,197168.83,HOLD,PRICE_VARIANCE,24810.3
INV2025001634,V039,Omkar Facility Products,PO2025001634,GRN2025001634,126.0,130,130,768.54,768.54,0.0,0.0,99910.2,104905.71,PASS,CLEAN,0.0
INV2025001635,V040,Pioneer Electrical Traders,PO2025001635,GRN2025001635,113.0,113,113,4315.41,4315.41,0.0,0.0,487641.33,575416.77,PASS,CLEAN,0.0
INV2025001636,V009,Indus Mechanical Works,PO2025001636,GRN2025001636,87.0,87,87,1799.04,1799.04,0.0,0.0,156516.48,175298.46,PASS,CLEAN,0.0
INV2026001636,V009,Indus Mechanical Works,PO2025001636,GRN2025001636,87.0,87,87,1799.04,1799.04,0.0,0.0,156516.48,175298.46,HOLD,DUPLICATE_AMOUNT_VENDOR,0.0
INV2025001637,V013,Metro Fasteners,PO2025001637,GRN2025001637,119.0,119,119,26639.33,26639.33,0.0,0.0,3170080.27,3740694.72,PASS,CLEAN,0.0
INV2025001638,V003,Crown Packaging Solutions,PO2025001638,GRN2025001638,80.0,80,80,1389.26,1389.26,0.0,0.0,111140.8,116697.84,PASS,CLEAN,0.0
INV2025001639,V016,Prime Tools & Components,PO2025001639,GRN2025001639,96.0,96,96,3516.06,3516.06,0.0,0.0,337541.76,378046.77,PASS,CLEAN,0.0
INV2025001640,V037,Magnus Tools,PO2025001640,GRN2025001640,192.0,192,192,976.6,976.6,0.0,0.0,187507.2,221258.5,PASS,CLEAN,0.0
INV2025001642,V002,BluePeak Office Systems Pvt Ltd,PO2025001642,GRN2025001642,163.0,163,163,2889.62,2889.62,0.0,0.0,471008.06,527529.03,PASS,CLEAN,0.0
INV2025001643,V039,Omkar Facility Products,PO2025001643,GRN2025001643,109.0,109,109,923.75,923.75,0.0,0.0,100688.75,105723.19,PASS,CLEAN,0.0
INV2025001644,V009,Indus Mechanical Works,PO2025001644,GRN2025001644,170.0,170,184,17252.25,17252.25,0.0,8.24,3174414.0,3555343.68,HOLD,QTY_OVER_RECEIPT,241531.5
INV2025001645,V025,Arun Safety & PPE,PO2025001645,GRN2025001645,200.0,200,200,11975.78,11975.78,0.0,0.0,2395156.0,2682574.72,PASS,CLEAN,0.0
INV2025001646,V016,Prime Tools & Components,PO2025001646,GRN2025001646,36.0,36,36,772.37,772.37,0.0,0.0,27805.32,31141.96,PASS,CLEAN,0.0
INV2025001647,V017,Quantum Electricals,PO2025001647,GRN2025001647,246.0,246,246,675.99,675.99,0.0,0.0,166293.54,196226.38,PASS,CLEAN,0.0
INV2025001648,V001,Apex Industrial Supplies Pvt Ltd,PO2025001648,GRN2025001648,174.0,174,174,593.78,593.78,0.0,0.0,103317.72,108483.61,PASS,CLEAN,0.0
INV2025001649,V016,Prime Tools & Components,PO2025001649,GRN2025001649,148.0,148,148,35306.45,35306.45,0.0,0.0,5225354.6,5852397.15,PASS,CLEAN,0.0
INV2025001650,V038,NexGen Components,PO2025001650,,248.0,248,248,3334.97,3334.97,0.0,0.0,827072.56,975945.62,HOLD,MISSING_GRN,0.0
INV2025001651,V021,United Process Equipment,PO2025001651,GRN2025001651,23.0,23,23,1953.49,1953.49,0.0,0.0,44930.27,53017.72,PASS,CLEAN,0.0
INV2025001652,V031,Ganga Hardware Traders,PO2025001652,GRN2025001652,106.0,65,65,736.9,736.9,0.0,0.0,47898.5,50293.43,PASS,CLEAN,0.0
INV2025001653,V003,Crown Packaging Solutions,PO2025001653,GRN2025001653,224.0,224,224,36616.43,36616.43,0.0,0.0,8202080.32,8612184.34,PASS,CLEAN,0.0
INV2025001654,V033,Innovatech Solutions,PO2025001654,GRN2025001654,160.0,160,160,172.63,194.08,12.43,0.0,31052.8,32605.44,HOLD,PRICE_VARIANCE,3432.0
INV2025001655,V040,Pioneer Electrical Traders,PO2025001655,GRN2025001655,200.0,200,200,306.0,306.0,0.0,0.0,61200.0,72216.0,PASS,CLEAN,0.0
INV2025001656,V040,Pioneer Electrical Traders,PO2025001656,GRN2025001656,45.0,45,45,440.0,440.0,0.0,0.0,19800.0,23364.0,PASS,CLEAN,0.0
INV2025001657,V039,Omkar Facility Products,PO2025001657,GRN2025001657,12.0,12,12,647.87,647.87,0.0,0.0,7774.44,8163.16,PASS,CLEAN,0.0
INV2025001658,V033,Innovatech Solutions,PO2025001658,GRN2025001658,141.0,141,139,949.18,949.18,0.0,-1.42,131936.02,138532.82,PASS,CLEAN,0.0
INV2025001659,V020,Trident Facility Services,PO2025001659,GRN2025001659,35.0,35,35,677.8,677.8,0.0,0.0,23723.0,26569.76,PASS,CLEAN,0.0
INV2026001659,V020,Trident Facility Services,PO2025001659,GRN2025001659,35.0,35,35,677.8,677.8,0.0,0.0,23723.0,26569.76,HOLD,DUPLICATE_AMOUNT_VENDOR,0.0
INV2025001660,V011,Kaveri Industrial Traders,PO2025001660,GRN2025001660,159.0,159,159,933.53,933.53,0.0,0.0,148431.27,175148.9,PASS,CLEAN,0.0
INV2025001661,V037,Magnus Tools,PO2025001661,GRN2025001661,11.0,11,11,1241.71,1404.63,13.12,0.0,15450.93,18232.1,HOLD,PRICE_VARIANCE,1792.12
INV2025001662,V032,Helios Controls,PO2025001662,GRN2025001662,102.0,102,102,305.99,305.99,0.0,0.0,31210.98,36828.96,PASS,CLEAN,0.0
INV2025001663,V040,Pioneer Electrical Traders,PO2025001663,GRN2025001663,86.0,86,86,830.99,919.47,10.65,0.0,79074.42,93307.82,HOLD,PRICE_VARIANCE,7609.28
INV2025001664,V009,Indus Mechanical Works,PO2025001664,GRN2025001664,162.0,100,100,1746.03,1746.03,0.0,0.0,174603.0,195555.36,PASS,CLEAN,0.0
INV2025001665,V037,Magnus Tools,PO2025001665,GRN2025001665,176.0,176,176,1942.78,1942.78,0.0,0.0,341929.28,403476.55,PASS,CLEAN,0.0
INV2025001666,V009,Indus Mechanical Works,PO2025001666,GRN2025001666,70.0,70,70,277.56,277.56,0.0,0.0,19429.2,21760.7,PASS,CLEAN,0.0
INV2025001667,V022,Vertex Automation,PO2025001667,GRN2025001667,218.0,218,218,25097.87,25097.87,0.0,0.0,5471335.66,6456176.08,PASS,CLEAN,0.0
INV2025001668,V037,Magnus Tools,,GRN2025001668,,0,198,,103.62,,,20516.76,24209.78,HOLD,MISSING_PO,20516.76
INV2025001669,V019,Sigma Industrial Products,PO2025001669,GRN2025001669,218.0,218,218,6827.72,6827.72,0.0,0.0,1488442.96,1667056.12,PASS,CLEAN,0.0
INV2025001670,V006,Falcon Electricals India Pvt Ltd,PO2025001670,GRN2025001670,231.0,231,231,1162.54,1162.54,0.0,0.0,268546.74,281974.08,PASS,CLEAN,0.0
INV2025001671,V038,NexGen Components,,GRN2025001671,,0,207,,177.44,,,36730.08,43341.49,HOLD,MISSING_PO,36730.08
INV2025001672,V026,Bharat Industrial Stores,PO2025001672,GRN2025001672,38.0,38,38,979.72,979.72,0.0,0.0,37229.36,43930.64,PASS,CLEAN,0.0
INV2025001673,V029,Eagle Stationery Solutions,PO2025001673,GRN2025001673,42.0,44,44,606.64,606.64,0.0,0.0,26692.16,31496.75,PASS,CLEAN,0.0
INV2026001673,V029,Eagle Stationery Solutions,PO2025001673,GRN2025001673,42.0,44,44,606.64,606.64,0.0,0.0,26692.16,31496.75,HOLD,DUPLICATE_AMOUNT_VENDOR,0.0
INV2025001674,V007,Gamma Safety Solutions,PO2025001674,GRN2025001674,249.0,249,249,18836.54,18836.54,0.0,0.0,4690298.46,4924813.38,PASS,CLEAN,0.0
INV2025001675,V013,Metro Fasteners,PO2025001675,GRN2025001675,160.0,160,160,375.09,375.09,0.0,0.0,60014.4,70816.99,PASS,CLEAN,0.0
INV2025001676,V020,Trident Facility Services,PO2025001676,GRN2025001676,43.0,43,43,1179.93,1179.93,0.0,0.0,50736.99,56825.43,PASS,CLEAN,0.0
INV2025001677,V019,Sigma Industrial Products,PO2025001677,GRN2025001677,190.0,190,190,11299.5,11299.5,0.0,0.0,2146905.0,2404533.6,PASS,CLEAN,0.0
INV2025001678,V006,Falcon Electricals India Pvt Ltd,PO2025001678,GRN2025001678,164.0,164,164,224.01,224.01,0.0,0.0,36737.64,38574.52,PASS,CLEAN,0.0
INV2025001679,V004,Delta Engineering Components,PO2025001679,GRN2025001679,220.0,220,244,179.54,179.54,0.0,10.91,43807.76,49064.69,HOLD,QTY_OVER_RECEIPT,4308.96
INV2025001680,V025,Arun Safety & PPE,PO2025001680,GRN2025001680,201.0,201,201,1436.2,1436.2,0.0,0.0,288676.2,323317.34,PASS,CLEAN,0.0
INV2025001681,V030,Frontier Components,PO2025001681,GRN2025001681,127.0,127,127,709.09,709.09,0.0,0.0,90054.43,106264.23,PASS,CLEAN,0.0
INV2025001682,V001,Apex Industrial Supplies Pvt Ltd,PO2025001682,GRN2025001682,231.0,231,231,131.25,131.25,0.0,0.0,30318.75,31834.69,PASS,CLEAN,0.0
INV2025001683,V025,Arun Safety & PPE,PO2025001683,GRN2025001683,225.0,225,225,910.83,910.83,0.0,0.0,204936.75,229529.16,PASS,CLEAN,0.0
INV2025001684,V031,Ganga Hardware Traders,PO2025001684,GRN2025001684,40.0,40,40,569.78,569.78,0.0,0.0,22791.2,23930.76,PASS,CLEAN,0.0
INV2025001685,V013,Metro Fasteners,PO2025001685,GRN2025001685,65.0,65,65,2987.75,2987.75,0.0,0.0,194203.75,229160.43,PASS,CLEAN,0.0
INV2025001686,V021,United Process Equipment,PO2025001686,GRN2025001686,48.0,48,48,6955.94,6955.94,0.0,0.0,333885.12,393984.44,PASS,CLEAN,0.0
INV2025001687,V013,Metro Fasteners,PO2025001687,GRN2025001687,15.0,15,16,601.95,601.95,0.0,6.67,9631.2,11364.82,HOLD,QTY_OVER_RECEIPT,601.95
INV2025001688,V029,Eagle Stationery Solutions,PO2025001688,GRN2025001688,169.0,169,169,1124.14,1124.14,0.0,0.0,189979.66,224176.0,PASS,CLEAN,0.0
INV2025001689,V022,Vertex Automation,PO2025001689,GRN2025001689,53.0,53,53,245.67,245.67,0.0,0.0,13020.51,15364.2,PASS,CLEAN,0.0
INV2025001690,V038,NexGen Components,PO2025001690,GRN2025001690,158.0,87,87,182.04,182.04,0.0,0.0,15837.48,18688.23,PASS,CLEAN,0.0
INV2025001691,V017,Quantum Electricals,PO2025001691,GRN2025001691,122.0,122,122,782.15,782.15,0.0,0.0,95422.3,112598.31,PASS,CLEAN,0.0
INV2025001692,V012,Lotus Packaging India Pvt Ltd,PO2025001692,GRN2025001692,113.0,67,67,778.97,778.97,0.0,0.0,52190.99,58453.91,PASS,CLEAN,0.0
INV2025001693,V038,NexGen Components,PO2025001693,GRN2025001693,6.0,6,6,832.8,832.8,0.0,0.0,4996.8,5896.22,PASS,CLEAN,0.0
INV2025001694,V032,Helios Controls,PO2025001694,GRN2025001694,121.0,121,121,436.72,436.72,0.0,0.0,52843.12,62354.88,PASS,CLEAN,0.0
INV2025001695,V018,Ridgeway Bearings,PO2025001695,GRN2025001695,210.0,210,210,4713.71,4713.71,0.0,0.0,989879.1,1039373.06,PASS,CLEAN,0.0
INV2025001696,V039,Omkar Facility Products,PO2025001696,GRN2025001696,200.0,138,138,615.55,615.55,0.0,0.0,84945.9,89193.2,PASS,CLEAN,0.0
INV2025001697,V025,Arun Safety & PPE,PO2025001697,GRN2025001697,73.0,73,73,2539.99,2539.99,0.0,0.0,185419.27,207669.58,PASS,CLEAN,0.0
INV2025001698,V029,Eagle Stationery Solutions,PO2025001698,GRN2025001698,10.0,10,10,12295.75,12295.75,0.0,0.0,122957.5,145089.85,PASS,CLEAN,0.0
INV2025001699,V015,Orbit Maintenance Supplies,PO2025001699,GRN2025001699,216.0,216,216,553.17,553.17,0.0,0.0,119484.72,140991.97,PASS,CLEAN,0.0
INV2025001700,V034,Jade Logistics Supplies,PO2025001700,GRN2025001700,110.0,110,110,3501.87,3501.87,0.0,0.0,385205.7,454542.73,PASS,CLEAN,0.0
INV2025001701,V037,Magnus Tools,PO2025001701,GRN2025001701,162.0,162,162,29096.27,29096.27,0.0,0.0,4713595.74,5562042.97,PASS,CLEAN,0.0
INV2025001702,V037,Magnus Tools,PO2025001702,GRN2025001702,22.0,17,17,203.36,203.36,0.0,0.0,3457.12,4079.4,PASS,CLEAN,0.0
INV2025001703,V014,Nova Tech Systems,PO2025001703,GRN2025001703,171.0,171,171,1879.55,1879.55,0.0,0.0,321403.05,337473.2,PASS,CLEAN,0.0
INV2025001704,V020,Trident Facility Services,PO2025001704,GRN2025001704,129.0,129,129,177.84,177.84,0.0,0.0,22941.36,25694.32,PASS,CLEAN,0.0
INV2025001705,V021,United Process Equipment,PO2025001705,GRN2025001705,61.0,61,61,170.26,170.26,0.0,0.0,10385.86,12255.31,PASS,CLEAN,0.0
INV2025001706,V029,Eagle Stationery Solutions,PO2025001706,GRN2025001706,46.0,46,46,1313.68,1313.68,0.0,0.0,60429.28,71306.55,PASS,CLEAN,0.0
INV2025001707,V010,Jupiter Office Products,PO2025001707,GRN2025001707,136.0,136,144,961.55,961.55,0.0,5.88,138463.2,163386.58,HOLD,QTY_OVER_RECEIPT,7692.4
INV2025001708,V022,Vertex Automation,PO2025001708,GRN2025001708,105.0,105,105,440.56,440.56,0.0,0.0,46258.8,54585.38,PASS,CLEAN,0.0
INV2025001709,V016,Prime Tools & Components,PO2025001709,GRN2025001709,244.0,174,174,2757.7,2757.7,0.0,0.0,479839.8,537420.58,PASS,CLEAN,0.0
INV2025001710,V013,Metro Fasteners,,GRN2025001710,,0,128,,513.86,,,65774.08,77613.41,HOLD,MISSING_PO,65774.08
INV2025001711,V015,Orbit Maintenance Supplies,PO2025001711,GRN2025001711,196.0,196,196,204.78,204.78,0.0,0.0,40136.88,47361.52,PASS,CLEAN,0.0
INV2025001713,V014,Nova Tech Systems,PO2025001713,GRN2025001713,118.0,118,118,4139.19,4139.19,0.0,0.0,488424.42,512845.64,PASS,CLEAN,0.0
INV2025001714,V004,Delta Engineering Components,PO2025001714,GRN2025001714,16.0,16,16,403.71,403.71,0.0,0.0,6459.36,7234.48,PASS,CLEAN,0.0
INV2025001715,V013,Metro Fasteners,PO2025001715,GRN2025001715,93.0,93,93,2886.35,2886.35,0.0,0.0,268430.55,316748.05,PASS,CLEAN,0.0
INV2025001716,V035,Keystone Industrial Products,PO2025001716,GRN2025001716,185.0,113,113,869.45,869.45,0.0,0.0,98247.85,110037.59,PASS,CLEAN,0.0
INV2025001717,V017,Quantum Electricals,PO2025001717,GRN2025001717,80.0,80,80,608.93,608.93,0.0,0.0,48714.4,57482.99,PASS,CLEAN,0.0
INV2025001719,V012,Lotus Packaging India Pvt Ltd,PO2025001719,GRN2025001719,196.0,196,196,1228.12,1228.12,0.0,0.0,240711.52,269596.9,PASS,CLEAN,0.0
INV2025001720,V024,Zenith Engineering Supplies,PO2025001720,GRN2025001720,208.0,208,208,2956.62,2956.62,0.0,0.0,614976.96,688774.2,PASS,CLEAN,0.0
INV2025001721,V039,Omkar Facility Products,PO2025001721,GRN2025001721,144.0,109,109,419.22,419.22,0.0,0.0,45694.98,47979.73,PASS,CLEAN,0.0
INV2025001722,V023,Westline Consumables,PO2025001722,GRN2025001722,152.0,92,92,1497.1,1497.1,0.0,0.0,137733.2,154261.18,PASS,CLEAN,0.0
INV2025001723,V008,Horizon IT Distribution,,GRN2025001723,,0,163,,907.93,,,147992.59,174631.26,HOLD,MISSING_PO,147992.59
INV2025001724,V019,Sigma Industrial Products,,GRN2025001724,,0,84,,11760.96,,,987920.64,1106471.12,HOLD,MISSING_PO,987920.64
INV2025001725,V029,Eagle Stationery Solutions,PO2025001725,GRN2025001725,57.0,57,57,37966.45,37966.45,0.0,0.0,2164087.65,2553623.43,PASS,CLEAN,0.0
INV2025001726,V011,Kaveri Industrial Traders,PO2025001726,GRN2025001726,76.0,76,76,134.93,134.93,0.0,0.0,10254.68,12100.52,PASS,CLEAN,0.0
INV2025001727,V027,Crest Chemicals,PO2025001727,GRN2025001727,168.0,168,168,22578.9,22578.9,0.0,0.0,3793255.2,4248445.82,PASS,CLEAN,0.0
INV2025001728,V005,Evergreen Facility Products,PO2025001728,GRN2025001728,5.0,5,5,145.87,145.87,0.0,0.0,729.35,816.87,PASS,CLEAN,0.0
INV2025001729,V024,Zenith Engineering Supplies,PO2025001729,GRN2025001729,174.0,174,174,692.86,692.86,0.0,0.0,120557.64,135024.56,PASS,CLEAN,0.0
INV2025001730,V031,Ganga Hardware Traders,PO2025001730,GRN2025001730,116.0,116,116,454.71,454.71,0.0,0.0,52746.36,55383.68,PASS,CLEAN,0.0
INV2025001731,V034,Jade Logistics Supplies,PO2025001731,GRN2025001731,230.0,230,230,397.27,397.27,0.0,0.0,91372.1,107819.08,PASS,CLEAN,0.0
INV2025001732,V027,Crest Chemicals,PO2025001732,GRN2025001732,203.0,203,203,756.57,756.57,0.0,0.0,153583.71,172013.76,PASS,CLEAN,0.0
INV2025001733,V010,Jupiter Office Products,PO2025001733,GRN2025001733,174.0,174,174,13380.89,13380.89,0.0,0.0,2328274.86,2747364.33,PASS,CLEAN,0.0
INV2025001734,V035,Keystone Industrial Products,PO2025001734,GRN2025001734,233.0,233,233,7527.41,7527.41,0.0,0.0,1753886.53,1964352.91,PASS,CLEAN,0.0
INV2025001735,V035,Keystone Industrial Products,PO2025001735,,166.0,166,166,25608.94,25608.94,0.0,0.0,4251084.04,4761214.12,HOLD,MISSING_GRN,0.0
INV2025001736,V036,Lumina Office Technologies,PO2025001736,GRN2025001736,158.0,158,158,1402.26,1402.26,0.0,0.0,221557.08,261437.35,PASS,CLEAN,0.0
INV2025001737,V014,Nova Tech Systems,PO2025001737,GRN2025001737,64.0,64,64,1361.37,1361.37,0.0,0.0,87127.68,91484.06,PASS,CLEAN,0.0
INV2025001738,V038,NexGen Components,PO2025001738,GRN2025001738,225.0,225,225,461.83,461.83,0.0,0.0,103911.75,122615.87,PASS,CLEAN,0.0
INV2025001739,V023,Westline Consumables,PO2025001739,GRN2025001739,222.0,222,209,24078.53,24078.53,0.0,-5.86,5032412.77,5636302.3,PASS,CLEAN,0.0
INV2025001740,V023,Westline Consumables,PO2025001740,GRN2025001740,69.0,69,69,1599.84,1599.84,0.0,0.0,110388.96,123635.64,PASS,CLEAN,0.0
INV2025001741,V014,Nova Tech Systems,PO2025001741,GRN2025001741,118.0,118,118,12328.23,12328.23,0.0,0.0,1454731.14,1527467.7,PASS,CLEAN,0.0
INV2025001742,V040,Pioneer Electrical Traders,PO2025001742,GRN2025001742,85.0,85,85,1103.59,1103.59,0.0,0.0,93805.15,110690.08,PASS,CLEAN,0.0
INV2025001743,V031,Ganga Hardware Traders,PO2025001743,GRN2025001743,125.0,125,125,149.96,167.02,11.38,0.0,20877.5,21921.38,HOLD,PRICE_VARIANCE,2132.5
INV2025001744,V011,Kaveri Industrial Traders,PO2025001744,GRN2025001744,234.0,234,234,378.03,378.03,0.0,0.0,88459.02,104381.64,PASS,CLEAN,0.0
INV2025001745,V012,Lotus Packaging India Pvt Ltd,PO2025001745,GRN2025001745,231.0,231,231,377.92,404.31,6.98,0.0,93395.61,104603.08,HOLD,PRICE_VARIANCE,6096.09
INV2025001746,V035,Keystone Industrial Products,PO2025001746,GRN2025001746,94.0,63,63,1112.52,1112.52,0.0,0.0,70088.76,78499.41,PASS,CLEAN,0.0
INV2025001747,V027,Crest Chemicals,PO2025001747,GRN2025001747,162.0,146,138,450.47,450.47,0.0,-5.48,62164.86,69624.64,PASS,CLEAN,0.0
INV2025001748,V015,Orbit Maintenance Supplies,PO2025001748,GRN2025001748,36.0,36,36,170.25,170.25,0.0,0.0,6129.0,7232.22,PASS,CLEAN,0.0
INV2025001749,V038,NexGen Components,PO2025001749,,60.0,60,60,188.5,188.5,0.0,0.0,11310.0,13345.8,HOLD,MISSING_GRN,0.0
INV2025001750,V009,Indus Mechanical Works,PO2025001750,GRN2025001750,128.0,128,128,572.53,572.53,0.0,0.0,73283.84,82077.9,PASS,CLEAN,0.0
INV2025001751,V029,Eagle Stationery Solutions,PO2025001751,GRN2025001751,56.0,56,56,912.33,912.33,0.0,0.0,51090.48,60286.77,PASS,CLEAN,0.0
INV2025001752,V004,Delta Engineering Components,PO2025001752,GRN2025001752,53.0,53,53,3501.32,3501.32,0.0,0.0,185569.96,207838.36,PASS,CLEAN,0.0
INV2025001753,V025,Arun Safety & PPE,PO2025001753,GRN2025001753,183.0,183,183,755.25,865.7,14.62,0.0,158423.1,177433.87,HOLD,PRICE_VARIANCE,20212.35
INV2025001754,V005,Evergreen Facility Products,PO2025001754,GRN2025001754,98.0,98,102,723.59,723.59,0.0,4.08,73806.18,82662.92,HOLD,QTY_OVER_RECEIPT,2894.36
INV2025001755,V019,Sigma Industrial Products,PO2025001755,GRN2025001755,81.0,72,72,2289.13,2289.13,0.0,0.0,164817.36,184595.44,PASS,CLEAN,0.0
INV2025001756,V023,Westline Consumables,PO2025001756,GRN2025001756,178.0,178,178,1485.68,1485.68,0.0,0.0,264451.04,296185.16,PASS,CLEAN,0.0
INV2025001757,V018,Ridgeway Bearings,PO2025001757,GRN2025001757,147.0,147,147,614.15,614.15,0.0,0.0,90280.05,94794.05,PASS,CLEAN,0.0
INV2025001758,V023,Westline Consumables,PO2025001758,GRN2025001758,38.0,38,38,1308.15,1446.99,10.61,0.0,54985.62,61583.89,HOLD,PRICE_VARIANCE,5275.92
INV2025001759,V009,Indus Mechanical Works,PO2025001759,GRN2025001759,74.0,74,74,4969.15,4969.15,0.0,0.0,367717.1,411843.15,PASS,CLEAN,0.0
INV2025001760,V036,Lumina Office Technologies,PO2025001760,GRN2025001760,159.0,99,115,4568.32,4568.32,0.0,16.16,525356.8,619921.02,HOLD,QTY_OVER_RECEIPT,73093.12
INV2025001761,V026,Bharat Industrial Stores,PO2025001761,GRN2025001761,243.0,243,243,880.73,880.73,0.0,0.0,214017.39,252540.52,PASS,CLEAN,0.0
INV2025001762,V019,Sigma Industrial Products,PO2025001762,GRN2025001762,26.0,26,26,1430.43,1430.43,0.0,0.0,37191.18,41654.12,PASS,CLEAN,0.0
INV2025001763,V014,Nova Tech Systems,PO2025001763,GRN2025001763,56.0,56,56,650.25,650.25,0.0,0.0,36414.0,38234.7,PASS,CLEAN,0.0
INV2025001764,V011,Kaveri Industrial Traders,PO2025001764,GRN2025001764,111.0,111,111,11695.9,11695.9,0.0,0.0,1298244.9,1531928.98,PASS,CLEAN,0.0
INV2025001765,V022,Vertex Automation,PO2025001765,GRN2025001765,31.0,32,32,25844.46,25844.46,0.0,0.0,827022.72,975886.81,PASS,CLEAN,0.0
INV2025001766,V006,Falcon Electricals India Pvt Ltd,PO2025001766,GRN2025001766,45.0,45,45,473.88,514.36,8.54,0.0,23146.2,24303.51,HOLD,PRICE_VARIANCE,1821.6
INV2025001767,V009,Indus Mechanical Works,PO2025001767,GRN2025001767,82.0,46,46,810.29,810.29,0.0,0.0,37273.34,41746.14,PASS,CLEAN,0.0
INV2025001768,V027,Crest Chemicals,PO2025001768,GRN2025001768,31.0,31,31,1392.1,1392.1,0.0,0.0,43155.1,48333.71,PASS,CLEAN,0.0
INV2025001769,V025,Arun Safety & PPE,PO2025001769,GRN2025001769,35.0,35,35,361.15,361.15,0.0,0.0,12640.25,14157.08,PASS,CLEAN,0.0
INV2025001770,V019,Sigma Industrial Products,PO2025001770,GRN2025001770,41.0,41,41,1477.58,1477.58,0.0,0.0,60580.78,67850.47,PASS,CLEAN,0.0
INV2025001771,V015,Orbit Maintenance Supplies,PO2025001771,GRN2025001771,60.0,45,45,708.57,708.57,0.0,0.0,31885.65,37625.07,PASS,CLEAN,0.0
INV2025001772,V024,Zenith Engineering Supplies,PO2025001772,GRN2025001772,77.0,77,77,11727.21,11727.21,0.0,0.0,902995.17,1011354.59,PASS,CLEAN,0.0
INV2025001773,V040,Pioneer Electrical Traders,PO2025001773,GRN2025001773,189.0,189,189,285.97,285.97,0.0,0.0,54048.33,63777.03,PASS,CLEAN,0.0
INV2025001774,V009,Indus Mechanical Works,PO2025001774,GRN2025001774,209.0,209,209,168.28,168.28,0.0,0.0,35170.52,39390.98,PASS,CLEAN,0.0
INV2025001775,V015,Orbit Maintenance Supplies,PO2025001775,GRN2025001775,223.0,223,223,884.52,1003.45,13.45,0.0,223769.35,264047.83,HOLD,PRICE_VARIANCE,26521.39
INV2025001776,V006,Falcon Electricals India Pvt Ltd,PO2025001776,GRN2025001776,209.0,219,241,88.02,88.02,0.0,10.05,21212.82,22273.46,HOLD,QTY_OVER_RECEIPT,1936.44
INV2025001778,V014,Nova Tech Systems,PO2025001778,GRN2025001778,39.0,39,39,468.59,468.59,0.0,0.0,18275.01,19188.76,PASS,CLEAN,0.0
INV2025001779,V033,Innovatech Solutions,PO2025001779,GRN2025001779,142.0,142,142,437.92,437.92,0.0,0.0,62184.64,65293.87,PASS,CLEAN,0.0
INV2025001780,V022,Vertex Automation,PO2025001780,GRN2025001780,89.0,78,78,1053.47,1053.47,0.0,0.0,82170.66,96961.38,PASS,CLEAN,0.0
INV2025001781,V036,Lumina Office Technologies,PO2025001781,GRN2025001781,139.0,139,139,159.79,159.79,0.0,0.0,22210.81,26208.76,PASS,CLEAN,0.0
INV2025001782,V038,NexGen Components,PO2025001782,GRN2025001782,249.0,249,249,35712.15,35712.15,0.0,0.0,8892325.35,10492943.91,PASS,CLEAN,0.0
INV2025001783,V008,Horizon IT Distribution,PO2025001783,GRN2025001783,90.0,79,79,197.54,197.54,0.0,0.0,15605.66,18414.68,PASS,CLEAN,0.0
INV2025001784,V014,Nova Tech Systems,PO2025001784,GRN2025001784,99.0,99,99,685.78,685.78,0.0,0.0,67892.22,71286.83,PASS,CLEAN,0.0
INV2025001785,V040,Pioneer Electrical Traders,PO2025001785,GRN2025001785,43.0,43,43,439.03,439.03,0.0,0.0,18878.29,22276.38,PASS,CLEAN,0.0
INV2025001786,V020,Trident Facility Services,PO2025001786,GRN2025001786,201.0,201,201,128.78,134.67,4.57,0.0,27068.67,30316.91,HOLD,PRICE_VARIANCE,1183.89
INV2025001787,V020,Trident Facility Services,PO2025001787,GRN2025001787,137.0,137,137,302.9,302.9,0.0,0.0,41497.3,46476.98,PASS,CLEAN,0.0
INV2025001788,V008,Horizon IT Distribution,PO2025001788,GRN2025001788,233.0,233,233,7525.67,7525.67,0.0,0.0,1753481.11,2069107.71,PASS,CLEAN,0.0
INV2025001789,V031,Ganga Hardware Traders,PO2025001789,GRN2025001789,164.0,164,164,13507.19,13507.19,0.0,0.0,2215179.16,2325938.12,PASS,CLEAN,0.0
INV2025001790,V002,BluePeak Office Systems Pvt Ltd,PO2025001790,GRN2025001790,53.0,44,44,802.8,802.8,0.0,0.0,35323.2,39561.98,PASS,CLEAN,0.0
INV2025001791,V034,Jade Logistics Supplies,PO2025001791,GRN2025001791,8.0,8,8,750.17,750.17,0.0,0.0,6001.36,7081.6,PASS,CLEAN,0.0
INV2025001792,V015,Orbit Maintenance Supplies,PO2025001792,GRN2025001792,100.0,88,88,2903.96,2903.96,0.0,0.0,255548.48,301547.21,PASS,CLEAN,0.0
INV2025001793,V029,Eagle Stationery Solutions,PO2025001793,,7.0,4,7,416.88,416.88,0.0,75.0,2918.16,3443.43,HOLD,MISSING_GRN;QTY_OVER_RECEIPT,1250.64
INV2025001794,V021,United Process Equipment,PO2025001794,GRN2025001794,118.0,119,114,655.25,655.25,0.0,-4.2,74698.5,88144.23,PASS,CLEAN,0.0
INV2025001795,V002,BluePeak Office Systems Pvt Ltd,PO2025001795,GRN2025001795,126.0,126,126,12159.52,12159.52,0.0,0.0,1532099.52,1715951.46,PASS,CLEAN,0.0
INV2025001796,V001,Apex Industrial Supplies Pvt Ltd,PO2025001796,GRN2025001796,47.0,47,50,1325.22,1325.22,0.0,6.38,66261.0,69574.05,HOLD,QTY_OVER_RECEIPT,3975.66
INV2025001797,V031,Ganga Hardware Traders,PO2025001797,GRN2025001797,60.0,60,60,1142.71,1142.71,0.0,0.0,68562.6,71990.73,PASS,CLEAN,0.0
INV2025001798,V021,United Process Equipment,PO2025001798,GRN2025001798,113.0,62,62,522.8,522.8,0.0,0.0,32413.6,38248.05,PASS,CLEAN,0.0
INV2025001799,V011,Kaveri Industrial Traders,PO2025001799,GRN2025001799,237.0,237,237,444.86,444.86,0.0,0.0,105431.82,124409.55,PASS,CLEAN,0.0
INV2025001800,V030,Frontier Components,PO2025001800,GRN2025001800,165.0,165,165,200.16,200.16,0.0,0.0,33026.4,38971.15,PASS,CLEAN,0.0
INV2025001801,V024,Zenith Engineering Supplies,PO2025001801,GRN2025001801,165.0,165,165,1200.15,1200.15,0.0,0.0,198024.75,221787.72,PASS,CLEAN,0.0
INV2025001802,V024,Zenith Engineering Supplies,PO2025001802,GRN2025001802,218.0,218,218,3180.49,3180.49,0.0,0.0,693346.82,776548.44,PASS,CLEAN,0.0
INV2025001803,V023,Westline Consumables,PO2025001803,GRN2025001803,81.0,81,83,1280.57,1280.57,0.0,2.47,106287.31,119041.79,HOLD,QTY_OVER_RECEIPT,2561.14
INV2025001804,V026,Bharat Industrial Stores,PO2025001804,GRN2025001804,79.0,79,79,531.46,531.46,0.0,0.0,41985.34,49542.7,PASS,CLEAN,0.0
INV2025001805,V003,Crown Packaging Solutions,PO2025001805,GRN2025001805,221.0,221,221,433.97,433.97,0.0,0.0,95907.37,100702.74,PASS,CLEAN,0.0
INV2025001806,V038,NexGen Components,PO2025001806,GRN2025001806,5.0,5,5,744.68,744.68,0.0,0.0,3723.4,4393.61,PASS,CLEAN,0.0
INV2025001807,V026,Bharat Industrial Stores,PO2025001807,GRN2025001807,58.0,58,58,1245.29,1245.29,0.0,0.0,72226.82,85227.65,PASS,CLEAN,0.0
INV2025001808,V006,Falcon Electricals India Pvt Ltd,PO2025001808,GRN2025001808,196.0,196,196,402.05,402.05,0.0,0.0,78801.8,82741.89,PASS,CLEAN,0.0
INV2025001809,V035,Keystone Industrial Products,PO2025001809,GRN2025001809,133.0,133,133,182.47,215.24,17.96,0.0,28626.92,32062.15,HOLD,PRICE_VARIANCE,4358.41
INV2025001811,V023,Westline Consumables,PO2025001811,GRN2025001811,149.0,149,149,3991.5,3991.5,0.0,0.0,594733.5,666101.52,PASS,CLEAN,0.0
INV2025001812,V011,Kaveri Industrial Traders,PO2025001812,GRN2025001812,206.0,206,206,146.81,146.81,0.0,0.0,30242.86,35686.57,PASS,CLEAN,0.0
INV2025001813,V039,Omkar Facility Products,PO2025001813,GRN2025001813,165.0,165,165,714.02,714.02,0.0,0.0,117813.3,123703.96,PASS,CLEAN,0.0
INV2025001814,V013,Metro Fasteners,PO2025001814,GRN2025001814,120.0,120,120,1358.07,1358.07,0.0,0.0,162968.4,192302.71,PASS,CLEAN,0.0
INV2025001815,V013,Metro Fasteners,PO2025001815,GRN2025001815,154.0,154,154,391.46,391.46,0.0,0.0,60284.84,71136.11,PASS,CLEAN,0.0
INV2025001816,V040,Pioneer Electrical Traders,PO2025001816,GRN2025001816,28.0,28,28,447.39,447.39,0.0,0.0,12526.92,14781.77,PASS,CLEAN,0.0
INV2025001817,V011,Kaveri Industrial Traders,PO2025001817,GRN2025001817,75.0,75,75,12785.17,12785.17,0.0,0.0,958887.75,1131487.55,PASS,CLEAN,0.0
INV2025001818,V035,Keystone Industrial Products,PO2025001818,GRN2025001818,216.0,216,216,906.25,906.25,0.0,0.0,195750.0,219240.0,PASS,CLEAN,0.0
INV2025001819,V007,Gamma Safety Solutions,PO2025001819,GRN2025001819,76.0,76,76,374.49,374.49,0.0,0.0,28461.24,29884.3,PASS,CLEAN,0.0
INV2025001820,V036,Lumina Office Technologies,PO2025001820,GRN2025001820,35.0,35,37,2835.41,2835.41,0.0,5.71,104910.17,123794.0,HOLD,QTY_OVER_RECEIPT,5670.82
INV2025001821,V025,Arun Safety & PPE,PO2025001821,GRN2025001821,7.0,8,8,1233.26,1233.26,0.0,0.0,9866.08,11050.01,PASS,CLEAN,0.0
INV2025001822,V013,Metro Fasteners,PO2025001822,GRN2025001822,169.0,169,169,723.61,723.61,0.0,0.0,122290.09,144302.31,PASS,CLEAN,0.0
INV2025001823,V015,Orbit Maintenance Supplies,PO2025001823,GRN2025001823,227.0,227,227,317.08,317.08,0.0,0.0,71977.16,84933.05,PASS,CLEAN,0.0
INV2025001824,V014,Nova Tech Systems,PO2025001824,GRN2025001824,57.0,57,57,1220.25,1220.25,0.0,0.0,69554.25,73031.96,PASS,CLEAN,0.0
INV2025001825,V039,Omkar Facility Products,PO2025001825,GRN2025001825,249.0,214,214,1362.76,1362.76,0.0,0.0,291630.64,306212.17,PASS,CLEAN,0.0
INV2025001826,V002,BluePeak Office Systems Pvt Ltd,PO2025001826,GRN2025001826,99.0,99,99,174.78,174.78,0.0,0.0,17303.22,19379.61,PASS,CLEAN,0.0
INV2025001827,V005,Evergreen Facility Products,,GRN2025001827,,0,20,,2098.33,,,41966.6,47002.59,HOLD,MISSING_PO,41966.6
INV2025001828,V038,NexGen Components,PO2025001828,GRN2025001828,60.0,60,60,1237.22,1237.22,0.0,0.0,74233.2,87595.18,PASS,CLEAN,0.0
INV2025001830,V032,Helios Controls,PO2025001830,GRN2025001830,107.0,111,111,1437.46,1437.46,0.0,0.0,159558.06,188278.51,PASS,CLEAN,0.0
INV2025001831,V020,Trident Facility Services,PO2025001831,GRN2025001831,110.0,110,110,1152.79,1152.79,0.0,0.0,126806.9,142023.73,PASS,CLEAN,0.0
INV2025001832,V035,Keystone Industrial Products,PO2025001832,GRN2025001832,83.0,83,83,636.73,636.73,0.0,0.0,52848.59,59190.42,PASS,CLEAN,0.0
INV2025001833,V005,Evergreen Facility Products,PO2025001833,GRN2025001833,75.0,75,75,747.63,747.63,0.0,0.0,56072.25,62800.92,PASS,CLEAN,0.0
INV2025001834,V023,Westline Consumables,PO2025001834,GRN2025001834,94.0,94,94,367.49,367.49,0.0,0.0,34544.06,38689.35,PASS,CLEAN,0.0
INV2025001835,V039,Omkar Facility Products,PO2025001835,GRN2025001835,122.0,122,122,3437.07,3437.07,0.0,0.0,419322.54,440288.67,PASS,CLEAN,0.0
INV2025001836,V008,Horizon IT Distribution,PO2025001836,GRN2025001836,53.0,53,53,2910.97,2910.97,0.0,0.0,154281.41,182052.06,PASS,CLEAN,0.0
INV2025001837,V029,Eagle Stationery Solutions,PO2025001837,GRN2025001837,33.0,33,33,594.87,594.87,0.0,0.0,19630.71,23164.24,PASS,CLEAN,0.0
INV2025001838,V007,Gamma Safety Solutions,PO2025001838,GRN2025001838,89.0,89,89,150.49,150.49,0.0,0.0,13393.61,14063.29,PASS,CLEAN,0.0
INV2025001839,V006,Falcon Electricals India Pvt Ltd,PO2025001839,GRN2025001839,39.0,41,41,142.22,142.22,0.0,0.0,5831.02,6122.57,PASS,CLEAN,0.0
INV2025001840,V033,Innovatech Solutions,PO2025001840,GRN2025001840,160.0,160,160,1258.15,1258.15,0.0,0.0,201304.0,211369.2,PASS,CLEAN,0.0
INV2025001841,V029,Eagle Stationery Solutions,PO2025001841,GRN2025001841,164.0,164,164,17845.26,17845.26,0.0,0.0,2926622.64,3453414.72,PASS,CLEAN,0.0
INV2025001842,V006,Falcon Electricals India Pvt Ltd,,GRN2025001842,,0,72,,12422.46,,,894417.12,939137.98,HOLD,MISSING_PO,894417.12
INV2025001843,V021,United Process Equipment,PO2025001843,GRN2025001843,75.0,75,75,430.03,430.03,0.0,0.0,32252.25,38057.65,PASS,CLEAN,0.0
INV2025001844,V025,Arun Safety & PPE,PO2025001844,GRN2025001844,138.0,138,138,10923.06,10923.06,0.0,0.0,1507382.28,1688268.15,PASS,CLEAN,0.0
INV2025001845,V005,Evergreen Facility Products,PO2025001845,GRN2025001845,27.0,27,27,642.6,642.6,0.0,0.0,17350.2,19432.22,PASS,CLEAN,0.0
INV2025001847,V020,Trident Facility Services,PO2025001847,GRN2025001847,68.0,64,64,1169.96,1169.96,0.0,0.0,74877.44,83862.73,PASS,CLEAN,0.0
INV2025001848,V037,Magnus Tools,PO2025001848,GRN2025001848,198.0,210,210,1336.25,1336.25,0.0,0.0,280612.5,331122.75,PASS,CLEAN,0.0
INV2025001849,V022,Vertex Automation,PO2025001849,GRN2025001849,66.0,66,66,1021.49,1021.49,0.0,0.0,67418.34,79553.64,PASS,CLEAN,0.0
INV2025001850,V016,Prime Tools & Components,PO2025001850,GRN2025001850,91.0,91,91,1093.98,1284.19,17.39,0.0,116861.29,130884.64,HOLD,PRICE_VARIANCE,17309.11
INV2025001852,V040,Pioneer Electrical Traders,PO2025001852,GRN2025001852,71.0,71,71,2067.24,2067.24,0.0,0.0,146774.04,173193.37,PASS,CLEAN,0.0
INV2025001853,V038,NexGen Components,PO2025001853,GRN2025001853,119.0,119,119,894.72,894.72,0.0,0.0,106471.68,125636.58,PASS,CLEAN,0.0
INV2025001854,V022,Vertex Automation,PO2025001854,GRN2025001854,33.0,33,33,170.74,170.74,0.0,0.0,5634.42,6648.62,PASS,CLEAN,0.0
INV2025001855,V023,Westline Consumables,PO2025001855,GRN2025001855,155.0,155,155,17024.39,17024.39,0.0,0.0,2638780.45,2955434.1,PASS,CLEAN,0.0
INV2025001856,V024,Zenith Engineering Supplies,PO2025001856,GRN2025001856,243.0,243,243,950.44,950.44,0.0,0.0,230956.92,258671.75,PASS,CLEAN,0.0
INV2025001857,V012,Lotus Packaging India Pvt Ltd,PO2025001857,GRN2025001857,218.0,218,218,649.3,649.3,0.0,0.0,141547.4,158533.09,PASS,CLEAN,0.0
INV2025001858,V014,Nova Tech Systems,PO2025001858,GRN2025001858,139.0,149,149,1232.86,1232.86,0.0,0.0,183696.14,192880.95,PASS,CLEAN,0.0
INV2025001859,V029,Eagle Stationery Solutions,PO2025001859,GRN2025001859,134.0,124,124,757.64,757.64,0.0,0.0,93947.36,110857.88,PASS,CLEAN,0.0
INV2025001860,V031,Ganga Hardware Traders,PO2025001860,GRN2025001860,46.0,46,46,198.84,198.84,0.0,0.0,9146.64,9603.97,PASS,CLEAN,0.0
INV2025001861,V030,Frontier Components,PO2025001861,GRN2025001861,16.0,16,16,213.54,213.54,0.0,0.0,3416.64,4031.64,PASS,CLEAN,0.0
INV2025001862,V004,Delta Engineering Components,PO2025001862,GRN2025001862,124.0,124,124,122.63,122.63,0.0,0.0,15206.12,17030.85,PASS,CLEAN,0.0
INV2025001863,V008,Horizon IT Distribution,PO2025001863,GRN2025001863,241.0,241,241,14353.19,14353.19,0.0,0.0,3459118.79,4081760.17,PASS,CLEAN,0.0
INV2025001864,V038,NexGen Components,PO2025001864,GRN2025001864,141.0,113,113,3510.63,3510.63,0.0,0.0,396701.19,468107.4,PASS,CLEAN,0.0
INV2025001865,V036,Lumina Office Technologies,PO2025001865,GRN2025001865,41.0,42,42,3895.01,3895.01,0.0,0.0,163590.42,193036.7,PASS,CLEAN,0.0
INV2025001866,V034,Jade Logistics Supplies,PO2025001866,GRN2025001866,46.0,46,46,397.54,397.54,0.0,0.0,18286.84,21578.47,PASS,CLEAN,0.0
INV2026001866,V034,Jade Logistics Supplies,PO2025001866,GRN2025001866,46.0,46,46,397.54,397.54,0.0,0.0,18286.84,21578.47,HOLD,DUPLICATE_AMOUNT_VENDOR,0.0
INV2025001867,V021,United Process Equipment,PO2025001867,GRN2025001867,82.0,82,82,34647.03,34647.03,0.0,0.0,2841056.46,3352446.62,PASS,CLEAN,0.0
INV2025001868,V005,Evergreen Facility Products,PO2025001868,GRN2025001868,34.0,34,34,3164.38,3164.38,0.0,0.0,107588.92,120499.59,PASS,CLEAN,0.0
INV2025001869,V003,Crown Packaging Solutions,PO2025001869,GRN2025001869,146.0,146,146,577.11,577.11,0.0,0.0,84258.06,88470.96,PASS,CLEAN,0.0
INV2025001871,V021,United Process Equipment,PO2025001871,GRN2025001871,163.0,163,175,6247.12,6247.12,0.0,7.36,1093246.0,1290030.28,HOLD,QTY_OVER_RECEIPT,74965.44
INV2025001872,V021,United Process Equipment,PO2025001872,GRN2025001872,51.0,48,48,475.21,553.98,16.58,0.0,26591.04,31377.43,HOLD,PRICE_VARIANCE,3780.96
INV2025001873,V027,Crest Chemicals,PO2025001873,GRN2025001873,79.0,79,79,2753.47,2753.47,0.0,0.0,217524.13,243627.03,PASS,CLEAN,0.0
INV2025001874,V033,Innovatech Solutions,PO2025001874,GRN2025001874,91.0,91,91,7035.38,7035.38,0.0,0.0,640219.58,672230.56,PASS,CLEAN,0.0
INV2025001875,V026,Bharat Industrial Stores,PO2025001875,GRN2025001875,194.0,194,194,105.87,105.87,0.0,0.0,20538.78,24235.76,PASS,CLEAN,0.0
INV2025001876,V024,Zenith Engineering Supplies,PO2025001876,GRN2025001876,140.0,140,140,214.02,214.02,0.0,0.0,29962.8,33558.34,PASS,CLEAN,0.0
INV2025001877,V038,NexGen Components,PO2025001877,GRN2025001877,15.0,15,15,2768.14,2768.14,0.0,0.0,41522.1,48996.08,PASS,CLEAN,0.0
INV2025001878,V013,Metro Fasteners,PO2025001878,GRN2025001878,6.0,6,6,918.98,918.98,0.0,0.0,5513.88,6506.38,PASS,CLEAN,0.0
INV2025001879,V039,Omkar Facility Products,PO2025001879,GRN2025001879,205.0,205,205,17214.59,17214.59,0.0,0.0,3528990.95,3705440.5,PASS,CLEAN,0.0
INV2026001879,V039,Omkar Facility Products,PO2025001879,GRN2025001879,205.0,205,205,17214.59,17214.59,0.0,0.0,3528990.95,3705440.5,HOLD,DUPLICATE_AMOUNT_VENDOR,0.0
INV2025001880,V013,Metro Fasteners,PO2025001880,GRN2025001880,101.0,101,101,1173.04,1173.04,0.0,0.0,118477.04,139802.91,PASS,CLEAN,0.0
INV2025001881,V031,Ganga Hardware Traders,PO2025001881,GRN2025001881,60.0,60,60,1399.55,1399.55,0.0,0.0,83973.0,88171.65,PASS,CLEAN,0.0
INV2025001882,V012,Lotus Packaging India Pvt Ltd,PO2025001882,GRN2025001882,63.0,63,63,164.64,164.64,0.0,0.0,10372.32,11617.0,PASS,CLEAN,0.0
INV2025001883,V005,Evergreen Facility Products,PO2025001883,GRN2025001883,194.0,194,194,14328.51,15420.86,7.62,0.0,2991646.84,3350644.46,HOLD,PRICE_VARIANCE,211915.9
INV2025001884,V003,Crown Packaging Solutions,PO2025001884,GRN2025001884,241.0,241,241,1040.41,1040.41,0.0,0.0,250738.81,263275.75,PASS,CLEAN,0.0
INV2025001886,V033,Innovatech Solutions,PO2025001886,GRN2025001886,170.0,170,170,485.81,485.81,0.0,0.0,82587.7,86717.09,PASS,CLEAN,0.0
INV2025001887,V014,Nova Tech Systems,PO2025001887,GRN2025001887,21.0,21,21,1633.34,1633.34,0.0,0.0,34300.14,36015.15,PASS,CLEAN,0.0
INV2025001888,V034,Jade Logistics Supplies,PO2025001888,GRN2025001888,240.0,240,240,394.11,394.11,0.0,0.0,94586.4,111611.95,PASS,CLEAN,0.0
INV2025001889,V005,Evergreen Facility Products,PO2025001889,GRN2025001889,2.0,2,2,194.05,194.05,0.0,0.0,388.1,434.67,PASS,CLEAN,0.0
INV2025001890,V009,Indus Mechanical Works,PO2025001890,GRN2025001890,209.0,209,209,15740.7,15740.7,0.0,0.0,3289806.3,3684583.06,PASS,CLEAN,0.0
INV2025001891,V008,Horizon IT Distribution,PO2025001891,GRN2025001891,240.0,175,175,170.62,170.62,0.0,0.0,29858.5,35233.03,PASS,CLEAN,0.0
INV2025001892,V018,Ridgeway Bearings,PO2025001892,GRN2025001892,152.0,92,92,3294.64,3294.64,0.0,0.0,303106.88,318262.22,PASS,CLEAN,0.0
INV2025001893,V015,Orbit Maintenance Supplies,PO2025001893,GRN2025001893,164.0,164,164,537.63,537.63,0.0,0.0,88171.32,104042.16,PASS,CLEAN,0.0
INV2025001894,V011,Kaveri Industrial Traders,PO2025001894,GRN2025001894,51.0,51,51,763.71,763.71,0.0,0.0,38949.21,45960.07,PASS,CLEAN,0.0
INV2025001895,V021,United Process Equipment,PO2025001895,GRN2025001895,128.0,128,128,901.12,901.12,0.0,0.0,115343.36,136105.16,PASS,CLEAN,0.0
INV2025001896,V036,Lumina Office Technologies,PO2025001896,GRN2025001896,55.0,55,55,386.71,386.71,0.0,0.0,21269.05,25097.48,PASS,CLEAN,0.0
INV2025001897,V016,Prime Tools & Components,PO2025001897,GRN2025001897,20.0,20,20,165.07,165.07,0.0,0.0,3301.4,3697.57,PASS,CLEAN,0.0
INV2025001898,V038,NexGen Components,PO2025001898,GRN2025001898,250.0,250,276,128.89,128.89,0.0,10.4,35573.64,41976.9,HOLD,QTY_OVER_RECEIPT,3351.14
INV2025001899,V038,NexGen Components,PO2025001899,GRN2025001899,158.0,158,158,740.51,740.51,0.0,0.0,117000.58,138060.68,PASS,CLEAN,0.0
INV2025001900,V018,Ridgeway Bearings,PO2025001900,GRN2025001900,109.0,109,109,1328.95,1328.95,0.0,0.0,144855.55,152098.33,PASS,CLEAN,0.0
INV2025001901,V008,Horizon IT Distribution,PO2025001901,GRN2025001901,148.0,148,148,813.77,813.77,0.0,0.0,120437.96,142116.79,PASS,CLEAN,0.0
INV2025001902,V018,Ridgeway Bearings,PO2025001902,GRN2025001902,214.0,214,214,12294.82,12294.82,0.0,0.0,2631091.48,2762646.05,PASS,CLEAN,0.0
INV2025001903,V023,Westline Consumables,PO2025001903,GRN2025001903,53.0,46,46,671.37,671.37,0.0,0.0,30883.02,34588.98,PASS,CLEAN,0.0
INV2025001904,V009,Indus Mechanical Works,PO2025001904,GRN2025001904,198.0,186,186,616.03,616.03,0.0,0.0,114581.58,128331.37,PASS,CLEAN,0.0
INV2025001905,V015,Orbit Maintenance Supplies,PO2025001905,GRN2025001905,41.0,41,41,750.11,750.11,0.0,0.0,30754.51,36290.32,PASS,CLEAN,0.0
INV2025001906,V023,Westline Consumables,PO2025001906,GRN2025001906,107.0,107,107,1252.83,1252.83,0.0,0.0,134052.81,150139.15,PASS,CLEAN,0.0
INV2025001909,V031,Ganga Hardware Traders,PO2025001909,GRN2025001909,16.0,10,10,7631.12,7631.12,0.0,0.0,76311.2,80126.76,PASS,CLEAN,0.0
INV2025001910,V034,Jade Logistics Supplies,PO2025001910,GRN2025001910,96.0,96,96,888.81,888.81,0.0,0.0,85325.76,100684.4,PASS,CLEAN,0.0
INV2025001911,V011,Kaveri Industrial Traders,PO2025001911,GRN2025001911,179.0,179,179,4012.0,4012.0,0.0,0.0,718148.0,847414.64,PASS,CLEAN,0.0
INV2025001912,V027,Crest Chemicals,PO2025001912,GRN2025001912,240.0,175,175,3556.01,3556.01,0.0,0.0,622301.75,696977.96,PASS,CLEAN,0.0
INV2025001913,V023,Westline Consumables,PO2025001913,GRN2025001913,96.0,96,96,12185.53,12185.53,0.0,0.0,1169810.88,1310188.19,PASS,CLEAN,0.0
INV2025001914,V009,Indus Mechanical Works,PO2025001914,GRN2025001914,96.0,96,96,761.42,761.42,0.0,0.0,73096.32,81867.88,PASS,CLEAN,0.0
INV2025001915,V001,Apex Industrial Supplies Pvt Ltd,PO2025001915,GRN2025001915,99.0,99,99,711.05,711.05,0.0,0.0,70393.95,73913.65,PASS,CLEAN,0.0
INV2025001916,V027,Crest Chemicals,PO2025001916,GRN2025001916,77.0,77,77,608.56,608.56,0.0,0.0,46859.12,52482.21,PASS,CLEAN,0.0
INV2025001917,V022,Vertex Automation,PO2025001917,GRN2025001917,204.0,215,215,677.25,677.25,0.0,0.0,145608.75,171818.33,PASS,CLEAN,0.0
INV2025001918,V002,BluePeak Office Systems Pvt Ltd,PO2025001918,GRN2025001918,121.0,121,121,7358.41,7358.41,0.0,0.0,890367.61,997211.72,PASS,CLEAN,0.0
INV2025001919,V021,United Process Equipment,PO2025001919,GRN2025001919,229.0,229,229,107.56,107.56,0.0,0.0,24631.24,29064.86,PASS,CLEAN,0.0
INV2025001920,V016,Prime Tools & Components,PO2025001920,GRN2025001920,92.0,92,92,940.73,940.73,0.0,0.0,86547.16,96932.82,PASS,CLEAN,0.0
INV2025001921,V029,Eagle Stationery Solutions,PO2025001921,GRN2025001921,10.0,10,10,673.68,673.68,0.0,0.0,6736.8,7949.42,PASS,CLEAN,0.0
INV2025001922,V015,Orbit Maintenance Supplies,PO2025001922,GRN2025001922,144.0,144,144,6174.54,6174.54,0.0,0.0,889133.76,1049177.84,PASS,CLEAN,0.0
INV2025001923,V029,Eagle Stationery Solutions,PO2025001923,GRN2025001923,16.0,16,16,185.4,185.4,0.0,0.0,2966.4,3500.35,PASS,CLEAN,0.0
INV2025001924,V023,Westline Consumables,PO2025001924,GRN2025001924,140.0,92,100,802.89,802.89,0.0,8.7,80289.0,89923.68,HOLD,QTY_OVER_RECEIPT,6423.12
INV2025001925,V020,Trident Facility Services,PO2025001925,GRN2025001925,227.0,154,154,131.17,131.17,0.0,0.0,20200.18,22624.2,PASS,CLEAN,0.0
INV2025001926,V007,Gamma Safety Solutions,PO2025001926,GRN2025001926,243.0,243,243,702.23,813.74,15.88,0.0,197738.82,207625.76,HOLD,PRICE_VARIANCE,27096.93
INV2025001927,V022,Vertex Automation,PO2025001927,GRN2025001927,172.0,172,172,10955.19,10955.19,0.0,0.0,1884292.68,2223465.36,PASS,CLEAN,0.0
INV2025001928,V013,Metro Fasteners,PO2025001928,GRN2025001928,236.0,236,236,153.0,153.0,0.0,0.0,36108.0,42607.44,PASS,CLEAN,0.0
INV2025001929,V005,Evergreen Facility Products,PO2025001929,GRN2025001929,213.0,213,213,1216.44,1216.44,0.0,0.0,259101.72,290193.93,PASS,CLEAN,0.0
INV2025001930,V002,BluePeak Office Systems Pvt Ltd,PO2025001930,GRN2025001930,199.0,199,199,1336.26,1336.26,0.0,0.0,265915.74,297825.63,PASS,CLEAN,0.0
INV2025001931,V035,Keystone Industrial Products,PO2025001931,GRN2025001931,93.0,93,93,300.69,300.69,0.0,0.0,27964.17,31319.87,PASS,CLEAN,0.0
INV2025001932,V012,Lotus Packaging India Pvt Ltd,PO2025001932,GRN2025001932,14.0,12,12,549.04,549.04,0.0,0.0,6588.48,7379.1,PASS,CLEAN,0.0
INV2025001933,V006,Falcon Electricals India Pvt Ltd,PO2025001933,GRN2025001933,157.0,157,157,1379.36,1379.36,0.0,0.0,216559.52,227387.5,PASS,CLEAN,0.0
INV2025001934,V025,Arun Safety & PPE,PO2025001934,GRN2025001934,137.0,90,90,725.25,725.25,0.0,0.0,65272.5,73105.2,PASS,CLEAN,0.0
INV2025001935,V012,Lotus Packaging India Pvt Ltd,PO2025001935,GRN2025001935,138.0,138,138,1370.08,1370.08,0.0,0.0,189071.04,211759.56,PASS,CLEAN,0.0
INV2025001936,V017,Quantum Electricals,PO2025001936,GRN2025001936,81.0,81,81,947.62,947.62,0.0,0.0,76757.22,90573.52,PASS,CLEAN,0.0
INV2025001937,V037,Magnus Tools,PO2025001937,GRN2025001937,16.0,16,16,292.7,292.7,0.0,0.0,4683.2,5526.18,PASS,CLEAN,0.0
INV2025001938,V021,United Process Equipment,PO2025001938,GRN2025001938,80.0,80,80,712.92,712.92,0.0,0.0,57033.6,67299.65,PASS,CLEAN,0.0
INV2025001939,V019,Sigma Industrial Products,PO2025001939,GRN2025001939,221.0,221,221,196.65,196.65,0.0,0.0,43459.65,48674.81,PASS,CLEAN,0.0
INV2025001940,V010,Jupiter Office Products,PO2025001940,GRN2025001940,131.0,131,131,1114.07,1114.07,0.0,0.0,145943.17,172212.94,PASS,CLEAN,0.0
INV2025001941,V005,Evergreen Facility Products,PO2025001941,GRN2025001941,184.0,184,184,664.78,664.78,0.0,0.0,122319.52,136997.86,PASS,CLEAN,0.0
INV2025001942,V002,BluePeak Office Systems Pvt Ltd,PO2025001942,GRN2025001942,244.0,244,244,11332.2,11332.2,0.0,0.0,2765056.8,3096863.62,PASS,CLEAN,0.0
INV2025001943,V025,Arun Safety & PPE,PO2025001943,GRN2025001943,200.0,200,200,11156.14,11156.14,0.0,0.0,2231228.0,2498975.36,PASS,CLEAN,0.0
INV2025001944,V015,Orbit Maintenance Supplies,PO2025001944,GRN2025001944,4.0,4,4,325.68,325.68,0.0,0.0,1302.72,1537.21,PASS,CLEAN,0.0
INV2025001945,V013,Metro Fasteners,PO2025001945,GRN2025001945,147.0,147,147,1128.95,1128.95,0.0,0.0,165955.65,195827.67,PASS,CLEAN,0.0
INV2025001946,V040,Pioneer Electrical Traders,PO2025001946,GRN2025001946,5.0,3,3,824.55,824.55,0.0,0.0,2473.65,2918.91,PASS,CLEAN,0.0
INV2025001947,V039,Omkar Facility Products,PO2025001947,GRN2025001947,154.0,154,154,123.7,123.7,0.0,0.0,19049.8,20002.29,PASS,CLEAN,0.0
INV2025001949,V036,Lumina Office Technologies,PO2025001949,GRN2025001949,227.0,227,227,1048.71,1048.71,0.0,0.0,238057.17,280907.46,PASS,CLEAN,0.0
INV2025001950,V018,Ridgeway Bearings,PO2025001950,GRN2025001950,175.0,175,187,676.0,676.0,0.0,6.86,126412.0,132732.6,HOLD,QTY_OVER_RECEIPT,8112.0
INV2025001951,V019,Sigma Industrial Products,PO2025001951,GRN2025001951,94.0,94,94,154.47,154.47,0.0,0.0,14520.18,16262.6,PASS,CLEAN,0.0
INV2025001952,V003,Crown Packaging Solutions,PO2025001952,GRN2025001952,35.0,35,35,1416.91,1416.91,0.0,0.0,49591.85,52071.44,PASS,CLEAN,0.0
INV2025001954,V011,Kaveri Industrial Traders,PO2025001954,GRN2025001954,237.0,237,237,1039.97,1039.97,0.0,0.0,246472.89,290838.01,PASS,CLEAN,0.0
INV2025001955,V020,Trident Facility Services,PO2025001955,GRN2025001955,73.0,73,73,209.97,209.97,0.0,0.0,15327.81,17167.15,PASS,CLEAN,0.0
INV2025001956,V024,Zenith Engineering Supplies,PO2025001956,GRN2025001956,98.0,98,98,673.38,673.38,0.0,0.0,65991.24,73910.19,PASS,CLEAN,0.0
INV2025001957,V008,Horizon IT Distribution,PO2025001957,GRN2025001957,113.0,113,112,861.54,861.54,0.0,-0.88,96492.48,113861.13,PASS,CLEAN,0.0
INV2025001958,V017,Quantum Electricals,PO2025001958,GRN2025001958,208.0,208,208,406.2,406.2,0.0,0.0,84489.6,99697.73,PASS,CLEAN,0.0
INV2025001960,V036,Lumina Office Technologies,PO2025001960,GRN2025001960,68.0,68,68,638.95,638.95,0.0,0.0,43448.6,51269.35,PASS,CLEAN,0.0
INV2025001961,V038,NexGen Components,PO2025001961,GRN2025001961,132.0,132,132,21503.07,21503.07,0.0,0.0,2838405.24,3349318.18,PASS,CLEAN,0.0
INV2025001962,V007,Gamma Safety Solutions,PO2025001962,GRN2025001962,110.0,101,101,7268.0,7268.0,0.0,0.0,734068.0,770771.4,PASS,CLEAN,0.0
INV2025001963,V037,Magnus Tools,PO2025001963,GRN2025001963,209.0,209,209,518.79,518.79,0.0,0.0,108427.11,127943.99,PASS,CLEAN,0.0
INV2025001964,V012,Lotus Packaging India Pvt Ltd,PO2025001964,GRN2025001964,22.0,22,22,172.49,194.26,12.62,0.0,4273.72,4786.57,HOLD,PRICE_VARIANCE,478.94
INV2025001965,V005,Evergreen Facility Products,PO2025001965,GRN2025001965,101.0,101,101,644.15,644.15,0.0,0.0,65059.15,72866.25,PASS,CLEAN,0.0
INV2025001966,V017,Quantum Electricals,PO2025001966,GRN2025001966,169.0,169,169,979.82,979.82,0.0,0.0,165589.58,195395.7,PASS,CLEAN,0.0
INV2025001967,V008,Horizon IT Distribution,PO2025001967,GRN2025001967,170.0,170,170,628.99,628.99,0.0,0.0,106928.3,126175.39,PASS,CLEAN,0.0
INV2025001968,V036,Lumina Office Technologies,PO2025001968,GRN2025001968,168.0,168,168,27687.95,27687.95,0.0,0.0,4651575.6,5488859.21,PASS,CLEAN,0.0
INV2025001969,V004,Delta Engineering Components,PO2025001969,GRN2025001969,250.0,250,250,897.52,897.52,0.0,0.0,224380.0,251305.6,PASS,CLEAN,0.0
INV2025001970,V009,Indus Mechanical Works,PO2025001970,GRN2025001970,174.0,174,172,239.73,239.73,0.0,-1.15,41233.56,46181.59,PASS,CLEAN,0.0
INV2025001971,V033,Innovatech Solutions,PO2025001971,GRN2025001971,176.0,176,176,760.63,871.73,14.61,0.0,153424.48,161095.7,HOLD,PRICE_VARIANCE,19553.6
INV2025001972,V033,Innovatech Solutions,PO2025001972,GRN2025001972,175.0,175,161,165.04,165.04,0.0,-8.0,26571.44,27900.01,PASS,CLEAN,0.0
INV2025001973,V007,Gamma Safety Solutions,PO2025001973,GRN2025001973,216.0,216,216,12604.09,12604.09,0.0,0.0,2722483.44,2858607.61,PASS,CLEAN,0.0
INV2025001974,V030,Frontier Components,PO2025001974,GRN2025001974,110.0,110,110,456.25,456.25,0.0,0.0,50187.5,59221.25,PASS,CLEAN,0.0
INV2025001975,V011,Kaveri Industrial Traders,PO2025001975,GRN2025001975,81.0,81,81,584.39,584.39,0.0,0.0,47335.59,55856.0,PASS,CLEAN,0.0
INV2025001976,V011,Kaveri Industrial Traders,PO2025001976,GRN2025001976,123.0,123,123,316.63,332.86,5.13,0.0,40941.78,48311.3,HOLD,PRICE_VARIANCE,1996.29
INV2025001977,V014,Nova Tech Systems,PO2025001977,GRN2025001977,36.0,36,36,452.32,452.32,0.0,0.0,16283.52,17097.7,PASS,CLEAN,0.0
INV2025001978,V002,BluePeak Office Systems Pvt Ltd,PO2025001978,GRN2025001978,178.0,178,178,3034.46,3034.46,0.0,0.0,540133.88,604949.95,PASS,CLEAN,0.0
INV2026001978,V002,BluePeak Office Systems Pvt Ltd,PO2025001978,GRN2025001978,178.0,178,178,3034.46,3034.46,0.0,0.0,540133.88,604949.95,HOLD,DUPLICATE_AMOUNT_VENDOR,0.0
INV2025001979,V016,Prime Tools & Components,PO2025001979,GRN2025001979,79.0,79,79,23856.88,23856.88,0.0,0.0,1884693.52,2110856.74,PASS,CLEAN,0.0
INV2025001980,V035,Keystone Industrial Products,PO2025001980,GRN2025001980,161.0,161,171,5047.01,5047.01,0.0,6.21,863038.71,966603.36,HOLD,QTY_OVER_RECEIPT,50470.1
INV2025001981,V038,NexGen Components,PO2025001981,GRN2025001981,228.0,228,228,1003.32,1003.32,0.0,0.0,228756.96,269933.21,PASS,CLEAN,0.0
INV2025001982,V003,Crown Packaging Solutions,PO2025001982,GRN2025001982,86.0,86,86,2373.03,2373.03,0.0,0.0,204080.58,214284.61,PASS,CLEAN,0.0
INV2025001983,V023,Westline Consumables,,GRN2025001983,,0,96,,798.74,,,76679.04,85880.52,HOLD,MISSING_PO,76679.04
INV2025001984,V013,Metro Fasteners,PO2025001984,GRN2025001984,22.0,20,20,244.46,244.46,0.0,0.0,4889.2,5769.26,PASS,CLEAN,0.0
INV2025001985,V007,Gamma Safety Solutions,PO2025001985,GRN2025001985,183.0,146,146,544.19,544.19,0.0,0.0,79451.74,83424.33,PASS,CLEAN,0.0
INV2025001986,V040,Pioneer Electrical Traders,PO2025001986,GRN2025001986,198.0,198,198,29465.59,29465.59,0.0,0.0,5834186.82,6884340.45,PASS,CLEAN,0.0
INV2025001987,V003,Crown Packaging Solutions,PO2025001987,GRN2025001987,130.0,130,130,32658.28,32658.28,0.0,0.0,4245576.4,4457855.22,PASS,CLEAN,0.0
INV2025001988,V003,Crown Packaging Solutions,PO2025001988,GRN2025001988,137.0,137,137,1288.36,1288.36,0.0,0.0,176505.32,185330.59,PASS,CLEAN,0.0
INV2025001989,V006,Falcon Electricals India Pvt Ltd,PO2025001989,GRN2025001989,175.0,147,136,1329.6,1329.6,0.0,-7.48,180825.6,189866.88,PASS,CLEAN,0.0
INV2025001990,V004,Delta Engineering Components,PO2025001990,GRN2025001990,247.0,247,247,640.23,640.23,0.0,0.0,158136.81,177113.23,PASS,CLEAN,0.0
INV2025001991,V006,Falcon Electricals India Pvt Ltd,PO2025001991,GRN2025001991,163.0,163,163,10790.22,10790.22,0.0,0.0,1758805.86,1846746.15,PASS,CLEAN,0.0
INV2025001992,V013,Metro Fasteners,PO2025001992,GRN2025001992,165.0,165,165,571.45,571.45,0.0,0.0,94289.25,111261.31,PASS,CLEAN,0.0
INV2025001993,V006,Falcon Electricals India Pvt Ltd,PO2025001993,GRN2025001993,232.0,232,232,1536.9,1536.9,0.0,0.0,356560.8,374388.84,PASS,CLEAN,0.0
INV2025001994,V026,Bharat Industrial Stores,PO2025001994,GRN2025001994,70.0,70,70,648.87,648.87,0.0,0.0,45420.9,53596.66,PASS,CLEAN,0.0
INV2025001995,V008,Horizon IT Distribution,PO2025001995,GRN2025001995,223.0,223,223,369.76,369.76,0.0,0.0,82456.48,97298.65,PASS,CLEAN,0.0
INV2025001996,V032,Helios Controls,PO2025001996,GRN2025001996,83.0,83,83,938.03,938.03,0.0,0.0,77856.49,91870.66,PASS,CLEAN,0.0
INV2025001998,V021,United Process Equipment,PO2025001998,GRN2025001998,225.0,225,225,14600.43,14600.43,0.0,0.0,3285096.75,3876414.17,PASS,CLEAN,0.0
INV2025001999,V029,Eagle Stationery Solutions,PO2025001999,GRN2025001999,203.0,125,125,172.36,172.36,0.0,0.0,21545.0,25423.1,PASS,CLEAN,0.0
INV2025002000,V030,Frontier Components,PO2025002000,GRN2025002000,109.0,109,109,176.11,176.11,0.0,0.0,19195.99,22651.27,PASS,CLEAN,0.0
INV2026002000,V030,Frontier Components,PO2025002000,GRN2025002000,109.0,109,109,176.11,176.11,0.0,0.0,19195.99,22651.27,HOLD,DUPLICATE_AMOUNT_VENDOR,0.0
INV2025002001,V009,Indus Mechanical Works,PO2025002001,GRN2025002001,73.0,59,59,25007.33,25007.33,0.0,0.0,1475432.47,1652484.37,PASS,CLEAN,0.0
INV2025002002,V034,Jade Logistics Supplies,PO2025002002,GRN2025002002,22.0,23,23,1046.14,1046.14,0.0,0.0,24061.22,28392.24,PASS,CLEAN,0.0
INV2025002003,V022,Vertex Automation,PO2025002003,GRN2025002003,119.0,119,119,170.53,196.79,15.4,0.0,23418.01,27633.25,HOLD,PRICE_VARIANCE,3124.94
INV2025002004,V038,NexGen Components,PO2025002004,GRN2025002004,56.0,56,56,12481.48,12481.48,0.0,0.0,698962.88,824776.2,PASS,CLEAN,0.0
INV2025002005,V013,Metro Fasteners,PO2025002005,GRN2025002005,145.0,145,145,867.58,867.58,0.0,0.0,125799.1,148442.94,PASS,CLEAN,0.0
INV2025002006,V023,Westline Consumables,PO2025002006,GRN2025002006,181.0,116,116,332.5,332.5,0.0,0.0,38570.0,43198.4,PASS,CLEAN,0.0
INV2025002007,V019,Sigma Industrial Products,PO2025002007,,23.0,23,23,24393.74,24393.74,0.0,0.0,561056.02,628382.74,HOLD,MISSING_GRN,0.0
INV2025002008,V027,Crest Chemicals,,GRN2025002008,,0,117,,276.41,,,32339.97,36220.77,HOLD,MISSING_PO,32339.97
INV2025002009,V001,Apex Industrial Supplies Pvt Ltd,PO2025002009,GRN2025002009,201.0,201,201,18359.54,18359.54,0.0,0.0,3690267.54,3874780.92,PASS,CLEAN,0.0
INV2025002010,V008,Horizon IT Distribution,PO2025002010,GRN2025002010,178.0,178,178,727.75,786.01,8.01,0.0,139909.78,165093.54,HOLD,PRICE_VARIANCE,10370.28
INV2025002011,V030,Frontier Components,PO2025002011,GRN2025002011,218.0,218,218,1609.91,1609.91,0.0,0.0,350960.38,414133.25,PASS,CLEAN,0.0
INV2025002012,V030,Frontier Components,PO2025002012,GRN2025002012,196.0,196,196,421.4,421.4,0.0,0.0,82594.4,97461.39,PASS,CLEAN,0.0
INV2025002013,V006,Falcon Electricals India Pvt Ltd,PO2025002013,GRN2025002013,69.0,69,69,1582.02,1582.02,0.0,0.0,109159.38,114617.35,PASS,CLEAN,0.0
INV2025002014,V032,Helios Controls,PO2025002014,GRN2025002014,213.0,187,187,172.12,172.12,0.0,0.0,32186.44,37980.0,PASS,CLEAN,0.0
INV2025002015,V019,Sigma Industrial Products,PO2025002015,GRN2025002015,153.0,153,153,1385.09,1385.09,0.0,0.0,211918.77,237349.02,PASS,CLEAN,0.0
INV2025002016,V038,NexGen Components,PO2025002016,GRN2025002016,233.0,233,233,535.1,535.1,0.0,0.0,124678.3,147120.39,PASS,CLEAN,0.0
INV2025002017,V022,Vertex Automation,PO2025002017,GRN2025002017,170.0,170,170,1015.86,1015.86,0.0,0.0,172696.2,203781.52,PASS,CLEAN,0.0
INV2025002018,V008,Horizon IT Distribution,PO2025002018,GRN2025002018,234.0,234,234,743.08,743.08,0.0,0.0,173880.72,205179.25,PASS,CLEAN,0.0
INV2025002019,V004,Delta Engineering Components,PO2025002019,GRN2025002019,72.0,72,72,1538.76,1538.76,0.0,0.0,110790.72,124085.61,PASS,CLEAN,0.0
INV2025002020,V024,Zenith Engineering Supplies,PO2025002020,GRN2025002020,25.0,19,19,1291.28,1291.28,0.0,0.0,24534.32,27478.44,PASS,CLEAN,0.0
INV2025002021,V031,Ganga Hardware Traders,PO2025002021,GRN2025002021,245.0,245,245,842.98,842.98,0.0,0.0,206530.1,216856.6,PASS,CLEAN,0.0
INV2025002022,V005,Evergreen Facility Products,PO2025002022,GRN2025002022,87.0,87,87,861.64,861.64,0.0,0.0,74962.68,83958.2,PASS,CLEAN,0.0
INV2025002023,V025,Arun Safety & PPE,PO2025002023,GRN2025002023,67.0,67,67,99.26,99.26,0.0,0.0,6650.42,7448.47,PASS,CLEAN,0.0
INV2025002024,V011,Kaveri Industrial Traders,PO2025002024,GRN2025002024,50.0,50,50,3803.51,3803.51,0.0,0.0,190175.5,224407.09,PASS,CLEAN,0.0
INV2025002025,V021,United Process Equipment,PO2025002025,GRN2025002025,122.0,91,103,265.66,265.66,0.0,13.19,27362.98,32288.32,HOLD,QTY_OVER_RECEIPT,3187.92
INV2025002026,V016,Prime Tools & Components,PO2025002026,GRN2025002026,224.0,224,224,195.82,195.82,0.0,0.0,43863.68,49127.32,PASS,CLEAN,0.0
INV2025002027,V024,Zenith Engineering Supplies,PO2025002027,GRN2025002027,149.0,149,149,758.57,758.57,0.0,0.0,113026.93,126590.16,PASS,CLEAN,0.0
INV2025002028,V036,Lumina Office Technologies,PO2025002028,GRN2025002028,155.0,155,155,361.52,361.52,0.0,0.0,56035.6,66122.01,PASS,CLEAN,0.0
INV2025002029,V017,Quantum Electricals,PO2025002029,GRN2025002029,150.0,150,150,180.26,180.26,0.0,0.0,27039.0,31906.02,PASS,CLEAN,0.0
INV2025002030,V031,Ganga Hardware Traders,PO2025002030,GRN2025002030,54.0,54,54,17891.32,17891.32,0.0,0.0,966131.28,1014437.84,PASS,CLEAN,0.0
INV2025002031,V040,Pioneer Electrical Traders,PO2025002031,GRN2025002031,39.0,39,39,1360.09,1360.09,0.0,0.0,53043.51,62591.34,PASS,CLEAN,0.0
INV2025002032,V029,Eagle Stationery Solutions,PO2025002032,GRN2025002032,234.0,234,234,1663.52,1663.52,0.0,0.0,389263.68,459331.14,PASS,CLEAN,0.0
INV2025002033,V027,Crest Chemicals,PO2025002033,GRN2025002033,26.0,26,28,1354.42,1354.42,0.0,7.69,37923.76,42474.61,HOLD,QTY_OVER_RECEIPT,2708.84
INV2025002035,V019,Sigma Industrial Products,PO2025002035,GRN2025002035,44.0,44,48,1890.91,1890.91,0.0,9.09,90763.68,101655.32,HOLD,QTY_OVER_RECEIPT,7563.64
INV2025002036,V002,BluePeak Office Systems Pvt Ltd,PO2025002036,GRN2025002036,153.0,153,153,397.11,397.11,0.0,0.0,60757.83,68048.77,PASS,CLEAN,0.0
INV2025002037,V014,Nova Tech Systems,PO2025002037,GRN2025002037,78.0,78,78,35557.49,35557.49,0.0,0.0,2773484.22,2912158.43,PASS,CLEAN,0.0
INV2025002038,V017,Quantum Electricals,PO2025002038,GRN2025002038,150.0,150,150,883.83,883.83,0.0,0.0,132574.5,156437.91,PASS,CLEAN,0.0
INV2025002039,V033,Innovatech Solutions,PO2025002039,GRN2025002039,222.0,222,222,94.73,94.73,0.0,0.0,21030.06,22081.56,PASS,CLEAN,0.0
INV2025002040,V027,Crest Chemicals,PO2025002040,GRN2025002040,134.0,134,147,657.16,657.16,0.0,9.7,96602.52,108194.82,HOLD,QTY_OVER_RECEIPT,8543.08
INV2025002041,V025,Arun Safety & PPE,PO2025002041,GRN2025002041,8.0,8,8,564.99,564.99,0.0,0.0,4519.92,5062.31,PASS,CLEAN,0.0
INV2025002042,V007,Gamma Safety Solutions,PO2025002042,GRN2025002042,163.0,118,118,21352.03,21352.03,0.0,0.0,2519539.54,2645516.52,PASS,CLEAN,0.0
INV2025002043,V004,Delta Engineering Components,PO2025002043,GRN2025002043,190.0,190,190,443.04,443.04,0.0,0.0,84177.6,94278.91,PASS,CLEAN,0.0
INV2025002044,V035,Keystone Industrial Products,PO2025002044,GRN2025002044,81.0,81,81,1412.53,1661.85,17.65,0.0,134609.85,150763.03,HOLD,PRICE_VARIANCE,20194.92
INV2025002046,V032,Helios Controls,PO2025002046,GRN2025002046,125.0,73,73,987.1,987.1,0.0,0.0,72058.3,85028.79,PASS,CLEAN,0.0
INV2025002047,V015,Orbit Maintenance Supplies,PO2025002047,GRN2025002047,112.0,112,112,10648.22,10648.22,0.0,0.0,1192600.64,1407268.76,PASS,CLEAN,0.0
INV2025002048,V026,Bharat Industrial Stores,PO2025002048,GRN2025002048,179.0,179,179,34895.59,34895.59,0.0,0.0,6246310.61,7370646.52,PASS,CLEAN,0.0
INV2026002048,V026,Bharat Industrial Stores,PO2025002048,GRN2025002048,179.0,179,179,34895.59,34895.59,0.0,0.0,6246310.61,7370646.52,HOLD,DUPLICATE_AMOUNT_VENDOR,0.0
INV2025002049,V021,United Process Equipment,PO2025002049,GRN2025002049,88.0,69,69,3416.94,3416.94,0.0,0.0,235768.86,278207.25,PASS,CLEAN,0.0
INV2025002050,V010,Jupiter Office Products,PO2025002050,GRN2025002050,27.0,20,20,134.73,134.73,0.0,0.0,2694.6,3179.63,PASS,CLEAN,0.0
INV2025002051,V026,Bharat Industrial Stores,PO2025002051,GRN2025002051,111.0,111,111,387.06,387.06,0.0,0.0,42963.66,50697.12,PASS,CLEAN,0.0
INV2025002052,V039,Omkar Facility Products,PO2025002052,GRN2025002052,96.0,96,96,620.36,620.36,0.0,0.0,59554.56,62532.29,PASS,CLEAN,0.0
INV2025002053,V038,NexGen Components,PO2025002053,GRN2025002053,168.0,168,168,731.45,731.45,0.0,0.0,122883.6,145002.65,PASS,CLEAN,0.0
INV2025002054,V013,Metro Fasteners,PO2025002054,GRN2025002054,222.0,222,222,1043.97,1211.39,16.04,0.0,268928.58,317335.72,HOLD,PRICE_VARIANCE,37167.24
INV2025002055,V029,Eagle Stationery Solutions,PO2025002055,GRN2025002055,99.0,99,99,646.08,646.08,0.0,0.0,63961.92,75475.07,PASS,CLEAN,0.0
INV2025002057,V027,Crest Chemicals,PO2025002057,GRN2025002057,54.0,54,54,423.95,423.95,0.0,0.0,22893.3,25640.5,PASS,CLEAN,0.0
INV2025002059,V028,Dynamo Power Systems,PO2025002059,GRN2025002059,45.0,45,45,133.31,146.38,9.8,0.0,6587.1,6916.46,HOLD,PRICE_VARIANCE,588.15
INV2025002060,V026,Bharat Industrial Stores,PO2025002060,GRN2025002060,223.0,223,223,10679.04,10679.04,0.0,0.0,2381425.92,2810082.59,PASS,CLEAN,0.0
INV2025002061,V028,Dynamo Power Systems,PO2025002061,GRN2025002061,157.0,157,157,32687.41,32687.41,0.0,0.0,5131923.37,5388519.54,PASS,CLEAN,0.0
INV2025002062,V026,Bharat Industrial Stores,PO2025002062,GRN2025002062,208.0,208,208,14450.3,14450.3,0.0,0.0,3005662.4,3546681.63,PASS,CLEAN,0.0
INV2025002063,V006,Falcon Electricals India Pvt Ltd,PO2025002063,GRN2025002063,54.0,54,54,390.3,390.3,0.0,0.0,21076.2,22130.01,PASS,CLEAN,0.0
INV2025002064,V027,Crest Chemicals,PO2025002064,GRN2025002064,56.0,56,56,282.24,282.24,0.0,0.0,15805.44,17702.09,PASS,CLEAN,0.0
INV2025002065,V005,Evergreen Facility Products,PO2025002065,GRN2025002065,116.0,116,116,705.32,705.32,0.0,0.0,81817.12,91635.17,PASS,CLEAN,0.0
INV2025002066,V037,Magnus Tools,PO2025002066,GRN2025002066,229.0,229,229,734.1,734.1,0.0,0.0,168108.9,198368.5,PASS,CLEAN,0.0
INV2025002067,V013,Metro Fasteners,PO2025002067,GRN2025002067,69.0,69,69,13039.13,13039.13,0.0,0.0,899699.97,1061645.96,PASS,CLEAN,0.0
INV2025002068,V020,Trident Facility Services,PO2025002068,GRN2025002068,48.0,48,48,89.86,89.86,0.0,0.0,4313.28,4830.87,PASS,CLEAN,0.0
INV2025002069,V030,Frontier Components,PO2025002069,GRN2025002069,141.0,141,141,1205.96,1205.96,0.0,0.0,170040.36,200647.62,PASS,CLEAN,0.0
INV2025002070,V025,Arun Safety & PPE,PO2025002070,GRN2025002070,237.0,237,237,1361.76,1361.76,0.0,0.0,322737.12,361465.57,PASS,CLEAN,0.0
INV2025002071,V016,Prime Tools & Components,PO2025002071,GRN2025002071,79.0,79,79,1324.65,1324.65,0.0,0.0,104647.35,117205.03,PASS,CLEAN,0.0
INV2025002072,V023,Westline Consumables,PO2025002072,GRN2025002072,200.0,200,183,1005.0,1005.0,0.0,-8.5,183915.0,205984.8,PASS,CLEAN,0.0
INV2025002073,V010,Jupiter Office Products,PO2025002073,GRN2025002073,45.0,45,48,845.09,845.09,0.0,6.67,40564.32,47865.9,HOLD,QTY_OVER_RECEIPT,2535.27
INV2025002074,V014,Nova Tech Systems,PO2025002074,GRN2025002074,101.0,101,101,703.26,703.26,0.0,0.0,71029.26,74580.72,PASS,CLEAN,0.0
INV2025002075,V038,NexGen Components,PO2025002075,GRN2025002075,12.0,12,12,582.74,582.74,0.0,0.0,6992.88,8251.6,PASS,CLEAN,0.0
INV2025002076,V038,NexGen Components,PO2025002076,,245.0,245,245,1143.68,1143.68,0.0,0.0,280201.6,330637.89,HOLD,MISSING_GRN,0.0
INV2025002077,V010,Jupiter Office Products,PO2025002077,GRN2025002077,83.0,83,83,416.01,416.01,0.0,0.0,34528.83,40744.02,PASS,CLEAN,0.0
INV2025002078,V005,Evergreen Facility Products,PO2025002078,GRN2025002078,39.0,39,39,841.76,841.76,0.0,0.0,32828.64,36768.08,PASS,CLEAN,0.0
INV2025002079,V011,Kaveri Industrial Traders,PO2025002079,GRN2025002079,168.0,113,113,12437.09,12437.09,0.0,0.0,1405391.17,1658361.58,PASS,CLEAN,0.0
INV2025002080,V034,Jade Logistics Supplies,PO2025002080,GRN2025002080,170.0,170,170,18038.78,19935.63,10.52,0.0,3389057.1,3999087.38,HOLD,PRICE_VARIANCE,322464.5
INV2025002081,V023,Westline Consumables,PO2025002081,GRN2025002081,163.0,163,163,3347.68,3347.68,0.0,0.0,545671.84,611152.46,PASS,CLEAN,0.0
INV2025002082,V030,Frontier Components,PO2025002082,GRN2025002082,34.0,34,34,197.62,197.62,0.0,0.0,6719.08,7928.51,PASS,CLEAN,0.0
INV2025002083,V037,Magnus Tools,PO2025002083,GRN2025002083,229.0,229,229,190.94,190.94,0.0,0.0,43725.26,51595.81,PASS,CLEAN,0.0
INV2025002084,V034,Jade Logistics Supplies,PO2025002084,GRN2025002084,24.0,22,22,1299.52,1299.52,0.0,0.0,28589.44,33735.54,PASS,CLEAN,0.0
INV2025002085,V029,Eagle Stationery Solutions,PO2025002085,GRN2025002085,189.0,122,122,11554.96,11554.96,0.0,0.0,1409705.12,1663452.04,PASS,CLEAN,0.0
INV2025002086,V008,Horizon IT Distribution,PO2025002086,GRN2025002086,51.0,51,51,2954.41,2954.41,0.0,0.0,150674.91,177796.39,PASS,CLEAN,0.0
INV2025002087,V019,Sigma Industrial Products,PO2025002087,GRN2025002087,6.0,6,6,1253.4,1253.4,0.0,0.0,7520.4,8422.85,PASS,CLEAN,0.0
INV2025002088,V018,Ridgeway Bearings,PO2025002088,GRN2025002088,18.0,18,18,709.12,709.12,0.0,0.0,12764.16,13402.37,PASS,CLEAN,0.0
INV2025002089,V027,Crest Chemicals,PO2025002089,GRN2025002089,245.0,245,245,768.66,768.66,0.0,0.0,188321.7,210920.3,PASS,CLEAN,0.0
INV2025002090,V030,Frontier Components,PO2025002090,GRN2025002090,235.0,235,250,1188.33,1188.33,0.0,6.38,297082.5,350557.35,HOLD,QTY_OVER_RECEIPT,17824.95
INV2025002091,V030,Frontier Components,PO2025002091,GRN2025002091,15.0,15,15,415.01,415.01,0.0,0.0,6225.15,7345.68,PASS,CLEAN,0.0
INV2025002092,V004,Delta Engineering Components,PO2025002092,GRN2025002092,176.0,176,176,7322.45,7322.45,0.0,0.0,1288751.2,1443401.34,PASS,CLEAN,0.0
INV2025002093,V027,Crest Chemicals,PO2025002093,GRN2025002093,166.0,166,166,572.03,572.03,0.0,0.0,94956.98,106351.82,PASS,CLEAN,0.0
INV2025002094,V015,Orbit Maintenance Supplies,PO2025002094,GRN2025002094,197.0,197,197,16674.52,16674.52,0.0,0.0,3284880.44,3876158.92,PASS,CLEAN,0.0
INV2025002095,V004,Delta Engineering Components,PO2025002095,GRN2025002095,117.0,79,79,515.75,515.75,0.0,0.0,40744.25,45633.56,PASS,CLEAN,0.0
INV2025002096,V005,Evergreen Facility Products,PO2025002096,GRN2025002096,109.0,109,109,874.42,981.89,12.29,0.0,107026.01,119869.13,HOLD,PRICE_VARIANCE,11714.23
INV2025002098,V031,Ganga Hardware Traders,PO2025002098,GRN2025002098,43.0,31,31,133.76,133.76,0.0,0.0,4146.56,4353.89,PASS,CLEAN,0.0
INV2025002099,V003,Crown Packaging Solutions,PO2025002099,GRN2025002099,146.0,146,146,1635.05,1759.63,7.62,0.0,256905.98,269751.28,HOLD,PRICE_VARIANCE,18188.68
INV2025002100,V040,Pioneer Electrical Traders,PO2025002100,GRN2025002100,74.0,74,74,730.7,730.7,0.0,0.0,54071.8,63804.72,PASS,CLEAN,0.0
INV2025002101,V010,Jupiter Office Products,PO2025002101,GRN2025002101,203.0,203,203,579.66,678.91,17.12,0.0,137818.73,162626.1,HOLD,PRICE_VARIANCE,20147.75
INV2025002102,V027,Crest Chemicals,PO2025002102,GRN2025002102,185.0,104,104,390.02,390.02,0.0,0.0,40562.08,45429.53,PASS,CLEAN,0.0
INV2025002103,V005,Evergreen Facility Products,PO2025002103,GRN2025002103,225.0,225,225,4864.7,4864.7,0.0,0.0,1094557.5,1225904.4,PASS,CLEAN,0.0
INV2025002104,V024,Zenith Engineering Supplies,PO2025002104,GRN2025002104,32.0,32,32,18932.92,18932.92,0.0,0.0,605853.44,678555.85,PASS,CLEAN,0.0
INV2025002105,V013,Metro Fasteners,PO2025002105,GRN2025002105,206.0,221,221,321.96,321.96,0.0,0.0,71153.16,83960.73,PASS,CLEAN,0.0
INV2026002105,V013,Metro Fasteners,PO2025002105,GRN2025002105,206.0,221,221,321.96,321.96,0.0,0.0,71153.16,83960.73,HOLD,DUPLICATE_AMOUNT_VENDOR,0.0
INV2025002106,V024,Zenith Engineering Supplies,PO2025002106,GRN2025002106,140.0,140,140,2303.2,2303.2,0.0,0.0,322448.0,361141.76,PASS,CLEAN,0.0
INV2026002106,V024,Zenith Engineering Supplies,PO2025002106,GRN2025002106,140.0,140,140,2303.2,2303.2,0.0,0.0,322448.0,361141.76,HOLD,DUPLICATE_AMOUNT_VENDOR,0.0
INV2025002107,V038,NexGen Components,PO2025002107,GRN2025002107,18.0,18,18,2229.26,2229.26,0.0,0.0,40126.68,47349.48,PASS,CLEAN,0.0
INV2025002108,V018,Ridgeway Bearings,PO2025002108,GRN2025002108,32.0,32,32,1345.13,1345.13,0.0,0.0,43044.16,45196.37,PASS,CLEAN,0.0
INV2025002109,V001,Apex Industrial Supplies Pvt Ltd,PO2025002109,GRN2025002109,26.0,26,26,1302.61,1302.61,0.0,0.0,33867.86,35561.25,PASS,CLEAN,0.0
INV2025002110,V032,Helios Controls,PO2025002110,GRN2025002110,181.0,181,181,3212.92,3212.92,0.0,0.0,581538.52,686215.45,PASS,CLEAN,0.0
INV2025002111,V021,United Process Equipment,PO2025002111,GRN2025002111,213.0,213,213,1323.15,1323.15,0.0,0.0,281830.95,332560.52,PASS,CLEAN,0.0
INV2025002112,V037,Magnus Tools,PO2025002112,GRN2025002112,184.0,184,184,1517.57,1517.57,0.0,0.0,279232.88,329494.8,PASS,CLEAN,0.0
INV2025002113,V027,Crest Chemicals,PO2025002113,GRN2025002113,168.0,168,168,1477.73,1477.73,0.0,0.0,248258.64,278049.68,PASS,CLEAN,0.0
INV2025002114,V015,Orbit Maintenance Supplies,PO2025002114,GRN2025002114,49.0,49,49,1357.49,1357.49,0.0,0.0,66517.01,78490.07,PASS,CLEAN,0.0
INV2025002115,V003,Crown Packaging Solutions,PO2025002115,GRN2025002115,36.0,36,36,11094.08,11094.08,0.0,0.0,399386.88,419356.22,PASS,CLEAN,0.0
INV2025002116,V027,Crest Chemicals,PO2025002116,GRN2025002116,100.0,59,59,617.35,617.35,0.0,0.0,36423.65,40794.49,PASS,CLEAN,0.0
INV2025002117,V004,Delta Engineering Components,PO2025002117,GRN2025002117,243.0,145,145,405.56,405.56,0.0,0.0,58806.2,65862.94,PASS,CLEAN,0.0
INV2025002118,V015,Orbit Maintenance Supplies,PO2025002118,GRN2025002118,186.0,186,186,1036.74,1036.74,0.0,0.0,192833.64,227543.7,PASS,CLEAN,0.0
INV2025002119,V027,Crest Chemicals,PO2025002119,GRN2025002119,121.0,121,121,156.24,156.24,0.0,0.0,18905.04,21173.64,PASS,CLEAN,0.0
INV2025002120,V017,Quantum Electricals,PO2025002120,GRN2025002120,237.0,237,246,107.47,107.47,0.0,3.8,26437.62,31196.39,HOLD,QTY_OVER_RECEIPT,967.23
INV2025002121,V031,Ganga Hardware Traders,PO2025002121,GRN2025002121,250.0,250,250,1119.04,1119.04,0.0,0.0,279760.0,293748.0,PASS,CLEAN,0.0
INV2025002122,V017,Quantum Electricals,PO2025002122,GRN2025002122,188.0,188,188,428.17,428.17,0.0,0.0,80495.96,94985.23,PASS,CLEAN,0.0
INV2025002123,V030,Frontier Components,PO2025002123,GRN2025002123,111.0,111,111,723.8,723.8,0.0,0.0,80341.8,94803.32,PASS,CLEAN,0.0
INV2025002124,V005,Evergreen Facility Products,PO2025002124,GRN2025002124,237.0,237,237,878.47,878.47,0.0,0.0,208197.39,233181.08,PASS,CLEAN,0.0
INV2025002125,V035,Keystone Industrial Products,PO2025002125,GRN2025002125,93.0,93,93,341.89,341.89,0.0,0.0,31795.77,35611.26,PASS,CLEAN,0.0
INV2025002126,V017,Quantum Electricals,PO2025002126,GRN2025002126,90.0,90,90,1619.08,1619.08,0.0,0.0,145717.2,171946.3,PASS,CLEAN,0.0
INV2025002128,V003,Crown Packaging Solutions,PO2025002128,GRN2025002128,92.0,71,71,19585.18,19585.18,0.0,0.0,1390547.78,1460075.17,PASS,CLEAN,0.0
INV2025002129,V029,Eagle Stationery Solutions,PO2025002129,GRN2025002129,90.0,59,59,34084.75,34084.75,0.0,0.0,2011000.25,2372980.29,PASS,CLEAN,0.0
INV2025002130,V021,United Process Equipment,PO2025002130,GRN2025002130,56.0,56,56,877.61,877.61,0.0,0.0,49146.16,57992.47,PASS,CLEAN,0.0
INV2025002131,V009,Indus Mechanical Works,PO2025002131,GRN2025002131,23.0,23,23,3305.09,3305.09,0.0,0.0,76017.07,85139.12,PASS,CLEAN,0.0
INV2025002132,V006,Falcon Electricals India Pvt Ltd,PO2025002132,GRN2025002132,163.0,163,163,984.96,1066.13,8.24,0.0,173779.19,182468.15,HOLD,PRICE_VARIANCE,13230.71
INV2025002133,V002,BluePeak Office Systems Pvt Ltd,PO2025002133,GRN2025002133,139.0,139,139,411.02,411.02,0.0,0.0,57131.78,63987.59,PASS,CLEAN,0.0
INV2025002134,V002,BluePeak Office Systems Pvt Ltd,PO2025002134,GRN2025002134,235.0,235,235,2143.65,2143.65,0.0,0.0,503757.75,564208.68,PASS,CLEAN,0.0
INV2025002135,V006,Falcon Electricals India Pvt Ltd,PO2025002135,GRN2025002135,175.0,175,175,1533.42,1533.42,0.0,0.0,268348.5,281765.92,PASS,CLEAN,0.0
INV2025002136,V009,Indus Mechanical Works,PO2025002136,GRN2025002136,84.0,84,84,1431.67,1431.67,0.0,0.0,120260.28,134691.51,PASS,CLEAN,0.0
INV2025002137,V002,BluePeak Office Systems Pvt Ltd,PO2025002137,GRN2025002137,195.0,195,185,794.39,794.39,0.0,-5.13,146962.15,164597.61,PASS,CLEAN,0.0
INV2025002138,V018,Ridgeway Bearings,PO2025002138,GRN2025002138,189.0,189,189,1612.6,1612.6,0.0,0.0,304781.4,320020.47,PASS,CLEAN,0.0
INV2025002139,V006,Falcon Electricals India Pvt Ltd,PO2025002139,GRN2025002139,104.0,104,104,431.93,431.93,0.0,0.0,44920.72,47166.76,PASS,CLEAN,0.0
INV2025002140,V011,Kaveri Industrial Traders,PO2025002140,GRN2025002140,152.0,152,152,2575.57,2575.57,0.0,0.0,391486.64,461954.24,PASS,CLEAN,0.0
INV2025002142,V031,Ganga Hardware Traders,PO2025002142,GRN2025002142,86.0,86,86,13031.74,13031.74,0.0,0.0,1120729.64,1176766.12,PASS,CLEAN,0.0
INV2025002143,V028,Dynamo Power Systems,PO2025002143,GRN2025002143,226.0,226,226,755.08,755.08,0.0,0.0,170648.08,179180.48,PASS,CLEAN,0.0
INV2026002143,V028,Dynamo Power Systems,PO2025002143,GRN2025002143,226.0,226,226,755.08,755.08,0.0,0.0,170648.08,179180.48,HOLD,DUPLICATE_AMOUNT_VENDOR,0.0
INV2025002144,V006,Falcon Electricals India Pvt Ltd,PO2025002144,GRN2025002144,203.0,203,203,1144.73,1144.73,0.0,0.0,232380.19,243999.2,PASS,CLEAN,0.0
INV2025002145,V022,Vertex Automation,PO2025002145,GRN2025002145,201.0,201,201,408.26,408.26,0.0,0.0,82060.26,96831.11,PASS,CLEAN,0.0
INV2025002146,V010,Jupiter Office Products,PO2025002146,GRN2025002146,23.0,23,23,769.46,769.46,0.0,0.0,17697.58,20883.14,PASS,CLEAN,0.0
INV2025002147,V037,Magnus Tools,PO2025002147,GRN2025002147,6.0,6,6,3544.18,3544.18,0.0,0.0,21265.08,25092.79,PASS,CLEAN,0.0
INV2025002148,V010,Jupiter Office Products,PO2025002148,GRN2025002148,158.0,158,158,247.3,290.95,17.65,0.0,45970.1,54244.72,HOLD,PRICE_VARIANCE,6896.7
INV2025002149,V002,BluePeak Office Systems Pvt Ltd,PO2025002149,GRN2025002149,109.0,109,109,13481.81,13481.81,0.0,0.0,1469517.29,1645859.36,PASS,CLEAN,0.0
INV2025002150,V002,BluePeak Office Systems Pvt Ltd,PO2025002150,GRN2025002150,169.0,169,169,1949.31,1949.31,0.0,0.0,329433.39,368965.4,PASS,CLEAN,0.0
INV2025002151,V012,Lotus Packaging India Pvt Ltd,PO2025002151,,82.0,78,82,493.56,493.56,0.0,5.13,40471.92,45328.55,HOLD,MISSING_GRN;QTY_OVER_RECEIPT,1974.24
INV2025002152,V021,United Process Equipment,PO2025002152,GRN2025002152,210.0,210,210,763.71,763.71,0.0,0.0,160379.1,189247.34,PASS,CLEAN,0.0
INV2025002153,V026,Bharat Industrial Stores,PO2025002153,GRN2025002153,135.0,135,135,1622.75,1622.75,0.0,0.0,219071.25,258504.07,PASS,CLEAN,0.0
INV2025002154,V004,Delta Engineering Components,PO2025002154,GRN2025002154,130.0,130,130,687.92,687.92,0.0,0.0,89429.6,100161.15,PASS,CLEAN,0.0
INV2025002155,V026,Bharat Industrial Stores,PO2025002155,GRN2025002155,68.0,68,68,505.76,505.76,0.0,0.0,34391.68,40582.18,PASS,CLEAN,0.0
INV2025002156,V012,Lotus Packaging India Pvt Ltd,PO2025002156,GRN2025002156,98.0,98,98,828.67,828.67,0.0,0.0,81209.66,90954.82,PASS,CLEAN,0.0
INV2025002157,V040,Pioneer Electrical Traders,PO2025002157,GRN2025002157,181.0,181,181,593.27,593.27,0.0,0.0,107381.87,126710.61,PASS,CLEAN,0.0
INV2025002158,V011,Kaveri Industrial Traders,PO2025002158,GRN2025002158,19.0,19,19,108.91,108.91,0.0,0.0,2069.29,2441.76,PASS,CLEAN,0.0
INV2025002159,V001,Apex Industrial Supplies Pvt Ltd,PO2025002159,GRN2025002159,55.0,55,55,1270.2,1270.2,0.0,0.0,69861.0,73354.05,PASS,CLEAN,0.0
INV2025002160,V016,Prime Tools & Components,PO2025002160,GRN2025002160,179.0,112,112,3058.46,3479.13,13.75,0.0,389662.56,436422.07,HOLD,PRICE_VARIANCE,47115.04
INV2025002162,V018,Ridgeway Bearings,PO2025002162,GRN2025002162,204.0,204,204,615.03,615.03,0.0,0.0,125466.12,131739.43,PASS,CLEAN,0.0
INV2025002163,V008,Horizon IT Distribution,PO2025002163,GRN2025002163,184.0,184,184,204.03,204.03,0.0,0.0,37541.52,44298.99,PASS,CLEAN,0.0
INV2025002164,V020,Trident Facility Services,PO2025002164,GRN2025002164,201.0,201,201,759.08,759.08,0.0,0.0,152575.08,170884.09,PASS,CLEAN,0.0
INV2025002165,V025,Arun Safety & PPE,PO2025002165,GRN2025002165,127.0,127,127,1502.51,1502.51,0.0,0.0,190818.77,213717.02,PASS,CLEAN,0.0
INV2025002166,V032,Helios Controls,PO2025002166,GRN2025002166,249.0,249,249,1096.54,1096.54,0.0,0.0,273038.46,322185.38,PASS,CLEAN,0.0
INV2025002167,V036,Lumina Office Technologies,PO2025002167,GRN2025002167,231.0,231,231,12911.27,12911.27,0.0,0.0,2982503.37,3519353.98,PASS,CLEAN,0.0
INV2025002168,V038,NexGen Components,PO2025002168,GRN2025002168,31.0,21,21,755.32,755.32,0.0,0.0,15861.72,18716.83,PASS,CLEAN,0.0
INV2025002169,V033,Innovatech Solutions,PO2025002169,GRN2025002169,71.0,71,71,1115.98,1115.98,0.0,0.0,79234.58,83196.31,PASS,CLEAN,0.0
INV2025002170,V040,Pioneer Electrical Traders,PO2025002170,GRN2025002170,32.0,32,32,639.09,696.14,8.93,0.0,22276.48,26286.25,HOLD,PRICE_VARIANCE,1825.6
INV2025002171,V020,Trident Facility Services,PO2025002171,GRN2025002171,90.0,90,90,934.82,934.82,0.0,0.0,84133.8,94229.86,PASS,CLEAN,0.0
INV2025002172,V039,Omkar Facility Products,PO2025002172,GRN2025002172,236.0,133,133,1805.38,1805.38,0.0,0.0,240115.54,252121.32,PASS,CLEAN,0.0
INV2025002173,V012,Lotus Packaging India Pvt Ltd,PO2025002173,GRN2025002173,81.0,81,81,261.76,261.76,0.0,0.0,21202.56,23746.87,PASS,CLEAN,0.0
INV2025002174,V005,Evergreen Facility Products,PO2025002174,,244.0,244,244,285.51,285.51,0.0,0.0,69664.44,78024.17,HOLD,MISSING_GRN,0.0
INV2025002175,V008,Horizon IT Distribution,PO2025002175,GRN2025002175,73.0,73,73,2514.39,2514.39,0.0,0.0,183550.47,216589.55,PASS,CLEAN,0.0
INV2025002176,V038,NexGen Components,PO2025002176,GRN2025002176,222.0,222,222,1650.55,1650.55,0.0,0.0,366422.1,432378.08,PASS,CLEAN,0.0
INV2025002177,V038,NexGen Components,PO2025002177,GRN2025002177,140.0,140,140,793.27,793.27,0.0,0.0,111057.8,131048.2,PASS,CLEAN,0.0
INV2026002177,V038,NexGen Components,PO2025002177,GRN2025002177,140.0,140,140,793.27,793.27,0.0,0.0,111057.8,131048.2,HOLD,DUPLICATE_AMOUNT_VENDOR,0.0
INV2025002178,V007,Gamma Safety Solutions,PO2025002178,GRN2025002178,2.0,2,2,603.49,603.49,0.0,0.0,1206.98,1267.33,PASS,CLEAN,0.0
INV2025002179,V004,Delta Engineering Components,PO2025002179,GRN2025002179,172.0,172,189,25679.41,25679.41,0.0,9.88,4853408.49,5435817.51,HOLD,QTY_OVER_RECEIPT,436549.97
INV2025002180,V039,Omkar Facility Products,PO2025002180,GRN2025002180,158.0,158,158,128.64,128.64,0.0,0.0,20325.12,21341.38,PASS,CLEAN,0.0
INV2025002181,V007,Gamma Safety Solutions,PO2025002181,GRN2025002181,4.0,4,4,878.19,878.19,0.0,0.0,3512.76,3688.4,PASS,CLEAN,0.0
INV2025002182,V001,Apex Industrial Supplies Pvt Ltd,PO2025002182,GRN2025002182,107.0,107,107,1294.42,1294.42,0.0,0.0,138502.94,145428.09,PASS,CLEAN,0.0
INV2025002183,V010,Jupiter Office Products,PO2025002183,GRN2025002183,68.0,68,68,492.59,492.59,0.0,0.0,33496.12,39525.42,PASS,CLEAN,0.0
INV2025002184,V031,Ganga Hardware Traders,PO2025002184,GRN2025002184,158.0,122,122,153.62,153.62,0.0,0.0,18741.64,19678.72,PASS,CLEAN,0.0
INV2025002185,V003,Crown Packaging Solutions,PO2025002185,GRN2025002185,54.0,54,54,1244.82,1244.82,0.0,0.0,67220.28,70581.29,PASS,CLEAN,0.0
INV2025002186,V026,Bharat Industrial Stores,PO2025002186,GRN2025002186,85.0,85,92,12919.95,12919.95,0.0,8.24,1188635.4,1402589.77,HOLD,QTY_OVER_RECEIPT,90439.65
INV2025002187,V028,Dynamo Power Systems,PO2025002187,GRN2025002187,40.0,40,40,1405.85,1405.85,0.0,0.0,56234.0,59045.7,PASS,CLEAN,0.0
INV2025002188,V029,Eagle Stationery Solutions,PO2025002188,GRN2025002188,28.0,28,28,857.39,857.39,0.0,0.0,24006.92,28328.17,PASS,CLEAN,0.0
INV2025002189,V012,Lotus Packaging India Pvt Ltd,PO2025002189,GRN2025002189,113.0,113,124,192.69,192.69,0.0,9.73,23893.56,26760.79,HOLD,QTY_OVER_RECEIPT,2119.59
INV2025002190,V039,Omkar Facility Products,PO2025002190,GRN2025002190,121.0,121,121,26622.27,26622.27,0.0,0.0,3221294.67,3382359.4,PASS,CLEAN,0.0
INV2025002191,V018,Ridgeway Bearings,PO2025002191,GRN2025002191,14.0,14,14,600.44,600.44,0.0,0.0,8406.16,8826.47,PASS,CLEAN,0.0
INV2025002193,V023,Westline Consumables,PO2025002193,GRN2025002193,201.0,201,201,925.59,925.59,0.0,0.0,186043.59,208368.82,PASS,CLEAN,0.0
INV2025002194,V037,Magnus Tools,PO2025002194,GRN2025002194,77.0,50,51,795.14,795.14,0.0,2.0,40552.14,47851.53,HOLD,QTY_OVER_RECEIPT,795.14
INV2025002195,V039,Omkar Facility Products,PO2025002195,GRN2025002195,191.0,153,153,1122.29,1122.29,0.0,0.0,171710.37,180295.89,PASS,CLEAN,0.0
INV2025002196,V014,Nova Tech Systems,PO2025002196,GRN2025002196,72.0,75,75,1138.77,1138.77,0.0,0.0,85407.75,89678.14,PASS,CLEAN,0.0
INV2025002197,V013,Metro Fasteners,PO2025002197,GRN2025002197,186.0,186,186,607.04,607.04,0.0,0.0,112909.44,133233.14,PASS,CLEAN,0.0
INV2025002198,V019,Sigma Industrial Products,PO2025002198,GRN2025002198,88.0,88,88,1048.73,1086.56,3.61,0.0,95617.28,107091.35,HOLD,PRICE_VARIANCE,3329.04
INV2025002199,V034,Jade Logistics Supplies,PO2025002199,GRN2025002199,115.0,115,115,404.0,404.0,0.0,0.0,46460.0,54822.8,PASS,CLEAN,0.0
INV2025002200,V012,Lotus Packaging India Pvt Ltd,PO2025002200,GRN2025002200,17.0,17,17,784.54,784.54,0.0,0.0,13337.18,14937.64,PASS,CLEAN,0.0
INV2025002201,V038,NexGen Components,PO2025002201,GRN2025002201,79.0,79,79,209.06,209.06,0.0,0.0,16515.74,19488.57,PASS,CLEAN,0.0
INV2025002202,V002,BluePeak Office Systems Pvt Ltd,PO2025002202,GRN2025002202,10.0,10,10,1435.08,1435.08,0.0,0.0,14350.8,16072.9,PASS,CLEAN,0.0
INV2025002203,V014,Nova Tech Systems,PO2025002203,GRN2025002203,174.0,174,174,832.42,832.42,0.0,0.0,144841.08,152083.13,PASS,CLEAN,0.0
INV2025002204,V029,Eagle Stationery Solutions,PO2025002204,GRN2025002204,175.0,155,155,1626.18,1626.18,0.0,0.0,252057.9,297428.32,PASS,CLEAN,0.0
INV2025002205,V013,Metro Fasteners,PO2025002205,GRN2025002205,104.0,110,110,10763.07,10763.07,0.0,0.0,1183937.7,1397046.49,PASS,CLEAN,0.0
INV2025002206,V012,Lotus Packaging India Pvt Ltd,PO2025002206,GRN2025002206,211.0,191,191,1416.16,1416.16,0.0,0.0,270486.56,302944.95,PASS,CLEAN,0.0
INV2025002207,V016,Prime Tools & Components,PO2025002207,GRN2025002207,153.0,153,153,1323.94,1323.94,0.0,0.0,202562.82,226870.36,PASS,CLEAN,0.0
INV2025002208,V029,Eagle Stationery Solutions,PO2025002208,GRN2025002208,72.0,72,72,40113.11,40113.11,0.0,0.0,2888143.92,3408009.83,PASS,CLEAN,0.0
INV2025002209,V008,Horizon IT Distribution,PO2025002209,GRN2025002209,226.0,226,226,1923.99,1923.99,0.0,0.0,434821.74,513089.65,PASS,CLEAN,0.0
INV2025002210,V005,Evergreen Facility Products,PO2025002210,GRN2025002210,243.0,243,243,23544.02,23544.02,0.0,0.0,5721196.86,6407740.48,PASS,CLEAN,0.0
INV2025002211,V011,Kaveri Industrial Traders,PO2025002211,GRN2025002211,192.0,192,196,375.48,375.48,0.0,2.08,73594.08,86841.01,HOLD,QTY_OVER_RECEIPT,1501.92
INV2025002212,V020,Trident Facility Services,PO2025002212,GRN2025002212,152.0,152,162,465.86,465.86,0.0,6.58,75469.32,84525.64,HOLD,QTY_OVER_RECEIPT,4658.6
INV2025002213,V017,Quantum Electricals,PO2025002213,GRN2025002213,55.0,55,55,1412.01,1412.01,0.0,0.0,77660.55,91639.45,PASS,CLEAN,0.0
INV2025002214,V012,Lotus Packaging India Pvt Ltd,PO2025002214,GRN2025002214,7.0,7,7,854.24,854.24,0.0,0.0,5979.68,6697.24,PASS,CLEAN,0.0
INV2025002215,V006,Falcon Electricals India Pvt Ltd,PO2025002215,GRN2025002215,188.0,188,188,147.0,147.0,0.0,0.0,27636.0,29017.8,PASS,CLEAN,0.0
INV2025002216,V040,Pioneer Electrical Traders,PO2025002216,GRN2025002216,184.0,184,184,1066.24,1066.24,0.0,0.0,196188.16,231502.03,PASS,CLEAN,0.0
INV2025002217,V012,Lotus Packaging India Pvt Ltd,PO2025002217,GRN2025002217,155.0,155,155,907.95,907.95,0.0,0.0,140732.25,157620.12,PASS,CLEAN,0.0
INV2025002218,V039,Omkar Facility Products,PO2025002218,GRN2025002218,108.0,108,108,196.08,196.08,0.0,0.0,21176.64,22235.47,PASS,CLEAN,0.0
INV2025002219,V001,Apex Industrial Supplies Pvt Ltd,PO2025002219,GRN2025002219,202.0,202,202,2755.58,2755.58,0.0,0.0,556627.16,584458.52,PASS,CLEAN,0.0
INV2025002221,V016,Prime Tools & Components,PO2025002221,GRN2025002221,62.0,62,62,626.66,626.66,0.0,0.0,38852.92,43515.27,PASS,CLEAN,0.0
INV2025002222,V005,Evergreen Facility Products,PO2025002222,GRN2025002222,26.0,26,26,3726.33,3726.33,0.0,0.0,96884.58,108510.73,PASS,CLEAN,0.0
INV2025002223,V028,Dynamo Power Systems,PO2025002223,GRN2025002223,218.0,218,232,1293.82,1293.82,0.0,6.42,300166.24,315174.55,HOLD,QTY_OVER_RECEIPT,18113.48
INV2025002224,V016,Prime Tools & Components,PO2025002224,GRN2025002224,229.0,229,225,470.22,470.22,0.0,-1.75,105799.5,118495.44,PASS,CLEAN,0.0
INV2025002225,V028,Dynamo Power Systems,PO2025002225,GRN2025002225,23.0,13,13,20549.86,24095.73,17.25,0.0,313244.49,328906.71,HOLD,PRICE_VARIANCE,46096.31
INV2025002227,V040,Pioneer Electrical Traders,PO2025002227,GRN2025002227,113.0,113,113,173.25,173.25,0.0,0.0,19577.25,23101.16,PASS,CLEAN,0.0
INV2025002228,V038,NexGen Components,PO2025002228,GRN2025002228,95.0,95,95,510.47,510.47,0.0,0.0,48494.65,57223.69,PASS,CLEAN,0.0
INV2025002229,V030,Frontier Components,PO2025002229,GRN2025002229,77.0,77,77,1042.28,1042.28,0.0,0.0,80255.56,94701.56,PASS,CLEAN,0.0
INV2025002231,V010,Jupiter Office Products,PO2025002231,GRN2025002231,103.0,103,103,11122.98,11122.98,0.0,0.0,1145666.94,1351886.99,PASS,CLEAN,0.0
INV2025002232,V034,Jade Logistics Supplies,PO2025002232,GRN2025002232,131.0,122,122,674.83,674.83,0.0,0.0,82329.26,97148.53,PASS,CLEAN,0.0
INV2025002233,V029,Eagle Stationery Solutions,PO2025002233,GRN2025002233,22.0,22,22,937.67,937.67,0.0,0.0,20628.74,24341.91,PASS,CLEAN,0.0
INV2025002234,V029,Eagle Stationery Solutions,PO2025002234,GRN2025002234,164.0,164,164,1086.53,1086.53,0.0,0.0,178190.92,210265.29,PASS,CLEAN,0.0
INV2025002235,V018,Ridgeway Bearings,PO2025002235,GRN2025002235,38.0,38,38,329.09,329.09,0.0,0.0,12505.42,13130.69,PASS,CLEAN,0.0
INV2025002236,V036,Lumina Office Technologies,PO2025002236,GRN2025002236,84.0,63,63,168.24,168.24,0.0,0.0,10599.12,12506.96,PASS,CLEAN,0.0
INV2025002237,V006,Falcon Electricals India Pvt Ltd,PO2025002237,GRN2025002237,4.0,4,4,16249.76,16249.76,0.0,0.0,64999.04,68248.99,PASS,CLEAN,0.0
INV2025002238,V008,Horizon IT Distribution,PO2025002238,GRN2025002238,7.0,7,7,945.26,945.26,0.0,0.0,6616.82,7807.85,PASS,CLEAN,0.0
INV2025002239,V017,Quantum Electricals,PO2025002239,GRN2025002239,86.0,54,54,683.51,683.51,0.0,0.0,36909.54,43553.26,PASS,CLEAN,0.0
INV2025002240,V037,Magnus Tools,PO2025002240,GRN2025002240,11.0,11,11,15481.83,15481.83,0.0,0.0,170300.13,200954.15,PASS,CLEAN,0.0
INV2025002241,V011,Kaveri Industrial Traders,PO2025002241,GRN2025002241,223.0,223,223,165.15,165.15,0.0,0.0,36828.45,43457.57,PASS,CLEAN,0.0
INV2025002242,V014,Nova Tech Systems,PO2025002242,GRN2025002242,89.0,89,89,674.81,674.81,0.0,0.0,60058.09,63060.99,PASS,CLEAN,0.0
INV2025002243,V023,Westline Consumables,PO2025002243,GRN2025002243,52.0,52,52,1692.52,1692.52,0.0,0.0,88011.04,98572.36,PASS,CLEAN,0.0
INV2025002244,V002,BluePeak Office Systems Pvt Ltd,PO2025002244,GRN2025002244,246.0,246,246,1609.8,1609.8,0.0,0.0,396010.8,443532.1,PASS,CLEAN,0.0
INV2025002245,V014,Nova Tech Systems,PO2025002245,GRN2025002245,225.0,174,174,814.71,814.71,0.0,0.0,141759.54,148847.52,PASS,CLEAN,0.0
INV2025002246,V001,Apex Industrial Supplies Pvt Ltd,PO2025002246,GRN2025002246,192.0,192,192,786.8,786.8,0.0,0.0,151065.6,158618.88,PASS,CLEAN,0.0
INV2025002247,V020,Trident Facility Services,PO2025002247,GRN2025002247,164.0,164,164,236.01,236.01,0.0,0.0,38705.64,43350.32,PASS,CLEAN,0.0
INV2025002248,V030,Frontier Components,PO2025002248,GRN2025002248,153.0,153,149,36090.34,36090.34,0.0,-2.61,5377460.66,6345403.58,PASS,CLEAN,0.0
INV2025002249,V006,Falcon Electricals India Pvt Ltd,PO2025002249,GRN2025002249,75.0,68,68,770.06,770.06,0.0,0.0,52364.08,54982.28,PASS,CLEAN,0.0
INV2025002250,V029,Eagle Stationery Solutions,PO2025002250,GRN2025002250,250.0,250,250,1695.19,1695.19,0.0,0.0,423797.5,500081.05,PASS,CLEAN,0.0
INV2025002251,V010,Jupiter Office Products,PO2025002251,GRN2025002251,93.0,93,93,157.55,157.55,0.0,0.0,14652.15,17289.54,PASS,CLEAN,0.0
INV2025002252,V012,Lotus Packaging India Pvt Ltd,PO2025002252,GRN2025002252,136.0,136,136,1783.83,1783.83,0.0,0.0,242600.88,271712.99,PASS,CLEAN,0.0
INV2025002253,V032,Helios Controls,PO2025002253,GRN2025002253,191.0,116,116,944.31,944.31,0.0,0.0,109539.96,129257.15,PASS,CLEAN,0.0
INV2025002254,V013,Metro Fasteners,PO2025002254,GRN2025002254,192.0,192,192,623.58,623.58,0.0,0.0,119727.36,141278.28,PASS,CLEAN,0.0
INV2025002255,V032,Helios Controls,PO2025002255,GRN2025002255,201.0,149,149,689.19,689.19,0.0,0.0,102689.31,121173.39,PASS,CLEAN,0.0
INV2025002256,V015,Orbit Maintenance Supplies,PO2025002256,GRN2025002256,74.0,77,77,768.25,768.25,0.0,0.0,59155.25,69803.19,PASS,CLEAN,0.0
INV2025002257,V023,Westline Consumables,PO2025002257,GRN2025002257,95.0,95,99,1176.35,1176.35,0.0,4.21,116458.65,130433.69,HOLD,QTY_OVER_RECEIPT,4705.4
INV2025002258,V011,Kaveri Industrial Traders,PO2025002258,GRN2025002258,121.0,121,119,1120.43,1120.43,0.0,-1.65,133331.17,157330.78,PASS,CLEAN,0.0
INV2025002259,V012,Lotus Packaging India Pvt Ltd,PO2025002259,GRN2025002259,113.0,113,104,232.03,232.03,0.0,-7.96,24131.12,27026.85,PASS,CLEAN,0.0
INV2025002260,V012,Lotus Packaging India Pvt Ltd,PO2025002260,GRN2025002260,232.0,232,232,1117.5,1117.5,0.0,0.0,259260.0,290371.2,PASS,CLEAN,0.0
INV2025002261,V024,Zenith Engineering Supplies,PO2025002261,GRN2025002261,24.0,24,24,2986.49,2986.49,0.0,0.0,71675.76,80276.85,PASS,CLEAN,0.0
INV2025002262,V003,Crown Packaging Solutions,PO2025002262,GRN2025002262,235.0,235,235,1202.86,1202.86,0.0,0.0,282672.1,296805.7,PASS,CLEAN,0.0
INV2026002262,V003,Crown Packaging Solutions,PO2025002262,GRN2025002262,235.0,235,235,1202.86,1202.86,0.0,0.0,282672.1,296805.7,HOLD,DUPLICATE_AMOUNT_VENDOR,0.0
INV2025002263,V037,Magnus Tools,PO2025002263,GRN2025002263,225.0,225,225,1112.3,1112.3,0.0,0.0,250267.5,295315.65,PASS,CLEAN,0.0
INV2025002264,V014,Nova Tech Systems,PO2025002264,GRN2025002264,247.0,247,247,843.53,843.53,0.0,0.0,208351.91,218769.51,PASS,CLEAN,0.0
INV2025002265,V020,Trident Facility Services,PO2025002265,GRN2025002265,122.0,122,122,653.76,653.76,0.0,0.0,79758.72,89329.77,PASS,CLEAN,0.0
INV2025002266,V020,Trident Facility Services,PO2025002266,GRN2025002266,211.0,211,211,754.48,862.54,14.32,0.0,181995.94,203835.45,HOLD,PRICE_VARIANCE,22800.66
INV2025002267,V001,Apex Industrial Supplies Pvt Ltd,PO2025002267,GRN2025002267,18.0,19,19,1749.64,1749.64,0.0,0.0,33243.16,34905.32,PASS,CLEAN,0.0
INV2025002268,V034,Jade Logistics Supplies,PO2025002268,GRN2025002268,15.0,15,15,580.59,580.59,0.0,0.0,8708.85,10276.44,PASS,CLEAN,0.0
INV2025002269,V018,Ridgeway Bearings,PO2025002269,GRN2025002269,14.0,14,14,14209.63,14209.63,0.0,0.0,198934.82,208881.56,PASS,CLEAN,0.0
INV2025002271,V029,Eagle Stationery Solutions,PO2025002271,GRN2025002271,211.0,211,211,1415.01,1415.01,0.0,0.0,298567.11,352309.19,PASS,CLEAN,0.0
INV2025002272,V009,Indus Mechanical Works,PO2025002272,GRN2025002272,151.0,126,122,730.06,730.06,0.0,-3.17,89067.32,99755.4,PASS,CLEAN,0.0
INV2025002273,V028,Dynamo Power Systems,PO2025002273,GRN2025002273,157.0,164,164,11419.39,11419.39,0.0,0.0,1872779.96,1966418.96,PASS,CLEAN,0.0
INV2025002274,V035,Keystone Industrial Products,PO2025002274,GRN2025002274,97.0,97,97,12031.84,12031.84,0.0,0.0,1167088.48,1307139.1,PASS,CLEAN,0.0
INV2025002275,V026,Bharat Industrial Stores,PO2025002275,GRN2025002275,34.0,34,34,16533.71,18762.38,13.48,0.0,637920.92,752746.69,HOLD,PRICE_VARIANCE,75774.78
INV2025002276,V027,Crest Chemicals,PO2025002276,GRN2025002276,180.0,180,180,612.48,643.02,4.99,0.0,115743.6,129632.83,HOLD,PRICE_VARIANCE,5497.2
INV2025002277,V007,Gamma Safety Solutions,PO2025002277,GRN2025002277,22.0,13,13,1305.69,1305.69,0.0,0.0,16973.97,17822.67,PASS,CLEAN,0.0
INV2025002278,V018,Ridgeway Bearings,PO2025002278,GRN2025002278,29.0,29,29,491.22,491.22,0.0,0.0,14245.38,14957.65,PASS,CLEAN,0.0
INV2025002279,V012,Lotus Packaging India Pvt Ltd,PO2025002279,GRN2025002279,198.0,148,148,883.02,883.02,0.0,0.0,130686.96,146369.4,PASS,CLEAN,0.0
INV2025002281,V012,Lotus Packaging India Pvt Ltd,PO2025002281,GRN2025002281,129.0,129,129,122.04,122.04,0.0,0.0,15743.16,17632.34,PASS,CLEAN,0.0
INV2025002282,V029,Eagle Stationery Solutions,PO2025002282,GRN2025002282,239.0,239,239,260.58,260.58,0.0,0.0,62278.62,73488.77,PASS,CLEAN,0.0
INV2025002283,V005,Evergreen Facility Products,PO2025002283,GRN2025002283,98.0,98,98,28887.82,28887.82,0.0,0.0,2831006.36,3170727.12,PASS,CLEAN,0.0
INV2025002284,V027,Crest Chemicals,PO2025002284,GRN2025002284,104.0,68,68,20425.0,20425.0,0.0,0.0,1388900.0,1555568.0,PASS,CLEAN,0.0
INV2026002284,V027,Crest Chemicals,PO2025002284,GRN2025002284,104.0,68,68,20425.0,20425.0,0.0,0.0,1388900.0,1555568.0,HOLD,DUPLICATE_AMOUNT_VENDOR,0.0
INV2025002285,V032,Helios Controls,PO2025002285,GRN2025002285,23.0,23,23,740.05,740.05,0.0,0.0,17021.15,20084.96,PASS,CLEAN,0.0
INV2025002286,V008,Horizon IT Distribution,PO2025002286,GRN2025002286,200.0,200,200,541.74,541.74,0.0,0.0,108348.0,127850.64,PASS,CLEAN,0.0
INV2025002287,V015,Orbit Maintenance Supplies,PO2025002287,GRN2025002287,239.0,239,239,1806.09,1806.09,0.0,0.0,431655.51,509353.5,PASS,CLEAN,0.0
INV2025002288,V020,Trident Facility Services,PO2025002288,GRN2025002288,242.0,242,242,963.2,963.2,0.0,0.0,233094.4,261065.73,PASS,CLEAN,0.0
INV2025002289,V026,Bharat Industrial Stores,PO2025002289,GRN2025002289,34.0,34,34,15386.93,15386.93,0.0,0.0,523155.62,617323.63,PASS,CLEAN,0.0
INV2025002290,V018,Ridgeway Bearings,PO2025002290,GRN2025002290,120.0,120,120,889.22,889.22,0.0,0.0,106706.4,112041.72,PASS,CLEAN,0.0
INV2025002291,V027,Crest Chemicals,PO2025002291,GRN2025002291,154.0,165,165,13445.51,13445.51,0.0,0.0,2218509.15,2484730.25,PASS,CLEAN,0.0
INV2025002292,V026,Bharat Industrial Stores,PO2025002292,GRN2025002292,222.0,222,222,163.76,163.76,0.0,0.0,36354.72,42898.57,PASS,CLEAN,0.0
INV2025002293,V028,Dynamo Power Systems,PO2025002293,GRN2025002293,140.0,140,140,147.86,147.86,0.0,0.0,20700.4,21735.42,PASS,CLEAN,0.0
INV2025002294,V010,Jupiter Office Products,PO2025002294,GRN2025002294,64.0,64,64,1280.99,1280.99,0.0,0.0,81983.36,96740.36,PASS,CLEAN,0.0
INV2025002295,V006,Falcon Electricals India Pvt Ltd,PO2025002295,GRN2025002295,11.0,12,12,17400.7,17400.7,0.0,0.0,208808.4,219248.82,PASS,CLEAN,0.0
INV2025002296,V023,Westline Consumables,PO2025002296,GRN2025002296,250.0,261,261,188.0,188.0,0.0,0.0,49068.0,54956.16,PASS,CLEAN,0.0
INV2025002297,V036,Lumina Office Technologies,PO2025002297,GRN2025002297,153.0,153,153,20576.15,20576.15,0.0,0.0,3148150.95,3714818.12,PASS,CLEAN,0.0
INV2026002297,V036,Lumina Office Technologies,PO2025002297,GRN2025002297,153.0,153,153,20576.15,20576.15,0.0,0.0,3148150.95,3714818.12,HOLD,DUPLICATE_AMOUNT_VENDOR,0.0
INV2025002298,V027,Crest Chemicals,PO2025002298,GRN2025002298,141.0,141,141,22734.19,22734.19,0.0,0.0,3205520.79,3590183.28,PASS,CLEAN,0.0
INV2025002299,V024,Zenith Engineering Supplies,PO2025002299,GRN2025002299,109.0,109,109,1561.28,1561.28,0.0,0.0,170179.52,190601.06,PASS,CLEAN,0.0
INV2025002300,V007,Gamma Safety Solutions,PO2025002300,GRN2025002300,124.0,124,114,417.35,417.35,0.0,-8.06,47577.9,49956.79,PASS,CLEAN,0.0
INV2025002301,V037,Magnus Tools,PO2025002301,GRN2025002301,148.0,148,148,920.0,920.0,0.0,0.0,136160.0,160668.8,PASS,CLEAN,0.0
INV2025002302,V038,NexGen Components,PO2025002302,GRN2025002302,93.0,57,57,189.82,189.82,0.0,0.0,10819.74,12767.29,PASS,CLEAN,0.0
INV2025002303,V027,Crest Chemicals,PO2025002303,GRN2025002303,234.0,234,234,203.72,233.13,14.44,0.0,54552.42,61098.71,HOLD,PRICE_VARIANCE,6881.94
INV2025002304,V029,Eagle Stationery Solutions,PO2025002304,GRN2025002304,111.0,111,111,744.95,744.95,0.0,0.0,82689.45,97573.55,PASS,CLEAN,0.0
INV2025002305,V035,Keystone Industrial Products,PO2025002305,GRN2025002305,35.0,24,24,157.65,157.65,0.0,0.0,3783.6,4237.63,PASS,CLEAN,0.0
INV2025002306,V012,Lotus Packaging India Pvt Ltd,PO2025002306,GRN2025002306,73.0,73,73,321.1,321.1,0.0,0.0,23440.3,26253.14,PASS,CLEAN,0.0
INV2025002307,V017,Quantum Electricals,PO2025002307,GRN2025002307,46.0,33,33,19643.77,22636.28,15.23,0.0,746997.24,881456.74,HOLD,PRICE_VARIANCE,98752.83
INV2025002308,V031,Ganga Hardware Traders,PO2025002308,GRN2025002308,161.0,161,161,428.34,428.34,0.0,0.0,68962.74,72410.88,PASS,CLEAN,0.0
INV2025002309,V020,Trident Facility Services,PO2025002309,GRN2025002309,106.0,87,87,121.38,121.38,0.0,0.0,10560.06,11827.27,PASS,CLEAN,0.0
INV2025002310,V039,Omkar Facility Products,PO2025002310,GRN2025002310,234.0,234,234,119.13,133.75,12.27,0.0,31297.5,32862.38,HOLD,PRICE_VARIANCE,3421.08
INV2025002311,V009,Indus Mechanical Works,PO2025002311,GRN2025002311,120.0,120,120,660.81,660.81,0.0,0.0,79297.2,88812.86,PASS,CLEAN,0.0
INV2025002312,V004,Delta Engineering Components,PO2025002312,GRN2025002312,230.0,230,230,1130.55,1130.55,0.0,0.0,260026.5,291229.68,PASS,CLEAN,0.0
INV2025002313,V031,Ganga Hardware Traders,PO2025002313,GRN2025002313,36.0,36,36,182.62,182.62,0.0,0.0,6574.32,6903.04,PASS,CLEAN,0.0
INV2025002314,V022,Vertex Automation,PO2025002314,GRN2025002314,84.0,61,61,825.41,825.41,0.0,0.0,50350.01,59413.01,PASS,CLEAN,0.0
INV2025002315,V019,Sigma Industrial Products,PO2025002315,GRN2025002315,17.0,17,17,567.07,593.72,4.7,0.0,10093.24,11304.43,HOLD,PRICE_VARIANCE,453.05
INV2025002316,V006,Falcon Electricals India Pvt Ltd,PO2025002316,GRN2025002316,136.0,136,136,13564.14,13564.14,0.0,0.0,1844723.04,1936959.19,PASS,CLEAN,0.0
INV2025002317,V040,Pioneer Electrical Traders,PO2025002317,GRN2025002317,234.0,138,138,688.52,688.52,0.0,0.0,95015.76,112118.6,PASS,CLEAN,0.0
INV2025002318,V022,Vertex Automation,PO2025002318,GRN2025002318,229.0,134,134,875.47,875.47,0.0,0.0,117312.98,138429.32,PASS,CLEAN,0.0
INV2025002319,V024,Zenith Engineering Supplies,PO2025002319,GRN2025002319,150.0,105,105,153.19,153.19,0.0,0.0,16084.95,18015.14,PASS,CLEAN,0.0
INV2025002320,V008,Horizon IT Distribution,PO2025002320,GRN2025002320,204.0,204,204,7385.53,7385.53,0.0,0.0,1506648.12,1777844.78,PASS,CLEAN,0.0
INV2025002321,V007,Gamma Safety Solutions,PO2025002321,GRN2025002321,5.0,5,5,4956.58,4956.58,0.0,0.0,24782.9,26022.04,PASS,CLEAN,0.0
INV2025002322,V036,Lumina Office Technologies,PO2025002322,GRN2025002322,93.0,93,93,2683.6,2683.6,0.0,0.0,249574.8,294498.26,PASS,CLEAN,0.0
INV2025002323,V031,Ganga Hardware Traders,PO2025002323,GRN2025002323,102.0,102,102,5026.89,5026.89,0.0,0.0,512742.78,538379.92,PASS,CLEAN,0.0
INV2025002324,V030,Frontier Components,PO2025002324,GRN2025002324,210.0,210,210,1955.0,1955.0,0.0,0.0,410550.0,484449.0,PASS,CLEAN,0.0
INV2025002325,V024,Zenith Engineering Supplies,PO2025002325,GRN2025002325,248.0,248,248,12210.57,12210.57,0.0,0.0,3028221.36,3391607.92,PASS,CLEAN,0.0
INV2025002326,V013,Metro Fasteners,PO2025002326,GRN2025002326,201.0,171,171,396.86,396.86,0.0,0.0,67863.06,80078.41,PASS,CLEAN,0.0
INV2025002327,V023,Westline Consumables,PO2025002327,GRN2025002327,44.0,44,44,914.31,914.31,0.0,0.0,40229.64,45057.2,PASS,CLEAN,0.0
INV2025002329,V002,BluePeak Office Systems Pvt Ltd,PO2025002329,GRN2025002329,208.0,208,208,16881.19,16881.19,0.0,0.0,3511287.52,3932642.02,PASS,CLEAN,0.0
INV2025002330,V012,Lotus Packaging India Pvt Ltd,PO2025002330,GRN2025002330,10.0,6,6,16991.36,16991.36,0.0,0.0,101948.16,114181.94,PASS,CLEAN,0.0
INV2025002331,V006,Falcon Electricals India Pvt Ltd,PO2025002331,GRN2025002331,210.0,210,210,4075.51,4075.51,0.0,0.0,855857.1,898649.96,PASS,CLEAN,0.0
INV2025002332,V019,Sigma Industrial Products,PO2025002332,GRN2025002332,242.0,242,242,622.38,622.38,0.0,0.0,150615.96,168689.88,PASS,CLEAN,0.0
INV2025002333,V026,Bharat Industrial Stores,PO2025002333,GRN2025002333,11.0,12,12,178.38,178.38,0.0,0.0,2140.56,2525.86,PASS,CLEAN,0.0
INV2025002334,V038,NexGen Components,,GRN2025002334,,0,128,,10970.86,,,1404270.08,1657038.69,HOLD,MISSING_PO,1404270.08
INV2025002335,V023,Westline Consumables,PO2025002335,GRN2025002335,232.0,232,232,267.18,267.18,0.0,0.0,61985.76,69424.05,PASS,CLEAN,0.0
INV2025002336,V034,Jade Logistics Supplies,PO2025002336,GRN2025002336,221.0,221,221,817.78,817.78,0.0,0.0,180729.38,213260.67,PASS,CLEAN,0.0
INV2026002336,V034,Jade Logistics Supplies,PO2025002336,GRN2025002336,221.0,221,221,817.78,817.78,0.0,0.0,180729.38,213260.67,HOLD,DUPLICATE_AMOUNT_VENDOR,0.0
INV2025002337,V040,Pioneer Electrical Traders,PO2025002337,GRN2025002337,129.0,129,129,1171.04,1171.04,0.0,0.0,151064.16,178255.71,PASS,CLEAN,0.0
INV2025002338,V003,Crown Packaging Solutions,PO2025002338,GRN2025002338,14.0,14,14,38848.37,38848.37,0.0,0.0,543877.18,571071.04,PASS,CLEAN,0.0
INV2025002339,V038,NexGen Components,PO2025002339,GRN2025002339,230.0,230,230,225.04,225.04,0.0,0.0,51759.2,61075.86,PASS,CLEAN,0.0
INV2025002340,V004,Delta Engineering Components,PO2025002340,GRN2025002340,245.0,245,245,517.45,517.45,0.0,0.0,126775.25,141988.28,PASS,CLEAN,0.0
INV2025002341,V021,United Process Equipment,PO2025002341,GRN2025002341,61.0,58,58,1088.52,1088.52,0.0,0.0,63134.16,74498.31,PASS,CLEAN,0.0
INV2025002342,V021,United Process Equipment,PO2025002342,GRN2025002342,217.0,217,217,3926.16,3926.16,0.0,0.0,851976.72,1005332.53,PASS,CLEAN,0.0
INV2025002344,V025,Arun Safety & PPE,PO2025002344,GRN2025002344,88.0,88,88,2643.16,2643.16,0.0,0.0,232598.08,260509.85,PASS,CLEAN,0.0
INV2025002345,V032,Helios Controls,PO2025002345,GRN2025002345,177.0,177,177,395.07,395.07,0.0,0.0,69927.39,82514.32,PASS,CLEAN,0.0
INV2025002346,V033,Innovatech Solutions,PO2025002346,,68.0,68,68,928.82,928.82,0.0,0.0,63159.76,66317.75,HOLD,MISSING_GRN,0.0
INV2025002347,V036,Lumina Office Technologies,PO2025002347,GRN2025002347,14.0,14,14,720.77,720.77,0.0,0.0,10090.78,11907.12,PASS,CLEAN,0.0
INV2025002348,V002,BluePeak Office Systems Pvt Ltd,PO2025002348,GRN2025002348,60.0,35,35,860.75,860.75,0.0,0.0,30126.25,33741.4,PASS,CLEAN,0.0
INV2025002349,V001,Apex Industrial Supplies Pvt Ltd,PO2025002349,GRN2025002349,138.0,140,140,1306.72,1306.72,0.0,0.0,182940.8,192087.84,PASS,CLEAN,0.0
INV2025002350,V026,Bharat Industrial Stores,PO2025002350,GRN2025002350,192.0,192,192,631.63,631.63,0.0,0.0,121272.96,143102.09,PASS,CLEAN,0.0
INV2026002350,V026,Bharat Industrial Stores,PO2025002350,GRN2025002350,192.0,192,192,631.63,631.63,0.0,0.0,121272.96,143102.09,HOLD,DUPLICATE_AMOUNT_VENDOR,0.0
INV2025002351,V022,Vertex Automation,PO2025002351,GRN2025002351,180.0,180,180,687.55,687.55,0.0,0.0,123759.0,146035.62,PASS,CLEAN,0.0
INV2025002352,V020,Trident Facility Services,PO2025002352,GRN2025002352,216.0,216,230,164.6,164.6,0.0,6.48,37858.0,42400.96,HOLD,QTY_OVER_RECEIPT,2304.4
INV2025002353,V023,Westline Consumables,PO2025002353,GRN2025002353,204.0,204,204,1441.58,1441.58,0.0,0.0,294082.32,329372.2,PASS,CLEAN,0.0
INV2025002354,V026,Bharat Industrial Stores,PO2025002354,GRN2025002354,221.0,172,172,758.51,758.51,0.0,0.0,130463.72,153947.19,PASS,CLEAN,0.0
INV2025002355,V016,Prime Tools & Components,PO2025002355,GRN2025002355,68.0,68,68,190.01,190.01,0.0,0.0,12920.68,14471.16,PASS,CLEAN,0.0
INV2025002356,V035,Keystone Industrial Products,PO2025002356,GRN2025002356,82.0,82,82,712.03,712.03,0.0,0.0,58386.46,65392.84,PASS,CLEAN,0.0
INV2025002357,V021,United Process Equipment,PO2025002357,GRN2025002357,103.0,60,60,226.86,226.86,0.0,0.0,13611.6,16061.69,PASS,CLEAN,0.0
INV2025002358,V031,Ganga Hardware Traders,PO2025002358,GRN2025002358,110.0,110,110,709.61,709.61,0.0,0.0,78057.1,81959.96,PASS,CLEAN,0.0
INV2025002359,V022,Vertex Automation,PO2025002359,GRN2025002359,99.0,84,84,1033.93,1033.93,0.0,0.0,86850.12,102483.14,PASS,CLEAN,0.0
INV2025002360,V003,Crown Packaging Solutions,PO2025002360,GRN2025002360,128.0,128,128,744.38,744.38,0.0,0.0,95280.64,100044.67,PASS,CLEAN,0.0
INV2025002361,V005,Evergreen Facility Products,PO2025002361,GRN2025002361,190.0,190,190,306.95,306.95,0.0,0.0,58320.5,65318.96,PASS,CLEAN,0.0
INV2025002362,V033,Innovatech Solutions,PO2025002362,GRN2025002362,3.0,3,3,2979.72,2979.72,0.0,0.0,8939.16,9386.12,PASS,CLEAN,0.0
INV2025002363,V020,Trident Facility Services,PO2025002363,GRN2025002363,62.0,62,62,578.28,578.28,0.0,0.0,35853.36,40155.76,PASS,CLEAN,0.0
INV2025002364,V024,Zenith Engineering Supplies,PO2025002364,GRN2025002364,28.0,28,28,1109.46,1109.46,0.0,0.0,31064.88,34792.67,PASS,CLEAN,0.0
INV2025002365,V001,Apex Industrial Supplies Pvt Ltd,PO2025002365,GRN2025002365,240.0,240,240,1632.6,1632.6,0.0,0.0,391824.0,411415.2,PASS,CLEAN,0.0
INV2025002366,V015,Orbit Maintenance Supplies,PO2025002366,,43.0,44,43,949.8,949.8,0.0,-2.27,40841.4,48192.85,HOLD,MISSING_GRN,0.0
INV2025002367,V039,Omkar Facility Products,PO2025002367,GRN2025002367,170.0,170,170,1476.48,1476.48,0.0,0.0,251001.6,263551.68,PASS,CLEAN,0.0
INV2025002368,V004,Delta Engineering Components,PO2025002368,GRN2025002368,4.0,4,4,1110.41,1187.79,6.97,0.0,4751.16,5321.3,HOLD,PRICE_VARIANCE,309.52
INV2025002369,V034,Jade Logistics Supplies,PO2025002369,GRN2025002369,131.0,120,120,783.18,783.18,0.0,0.0,93981.6,110898.29,PASS,CLEAN,0.0
INV2025002370,V026,Bharat Industrial Stores,PO2025002370,GRN2025002370,177.0,177,177,316.47,316.47,0.0,0.0,56015.19,66097.92,PASS,CLEAN,0.0
INV2025002371,V013,Metro Fasteners,PO2025002371,GRN2025002371,54.0,57,62,35249.35,35249.35,0.0,8.77,2185459.7,2578842.45,HOLD,QTY_OVER_RECEIPT,176246.75
INV2025002372,V030,Frontier Components,PO2025002372,GRN2025002372,138.0,138,138,621.51,621.51,0.0,0.0,85768.38,101206.69,PASS,CLEAN,0.0
INV2025002373,V018,Ridgeway Bearings,PO2025002373,GRN2025002373,56.0,56,56,17077.82,17077.82,0.0,0.0,956357.92,1004175.82,PASS,CLEAN,0.0
INV2025002374,V020,Trident Facility Services,PO2025002374,GRN2025002374,39.0,39,39,370.44,396.91,7.15,0.0,15479.49,17337.03,HOLD,PRICE_VARIANCE,1032.33
INV2025002375,V005,Evergreen Facility Products,PO2025002375,GRN2025002375,115.0,115,115,688.64,688.64,0.0,0.0,79193.6,88696.83,PASS,CLEAN,0.0
INV2025002376,V010,Jupiter Office Products,PO2025002376,GRN2025002376,154.0,154,154,532.27,532.27,0.0,0.0,81969.58,96724.1,PASS,CLEAN,0.0
INV2025002377,V021,United Process Equipment,PO2025002377,GRN2025002377,12.0,12,12,152.14,152.14,0.0,0.0,1825.68,2154.3,PASS,CLEAN,0.0
INV2025002378,V001,Apex Industrial Supplies Pvt Ltd,PO2025002378,GRN2025002378,152.0,152,152,10961.74,10961.74,0.0,0.0,1666184.48,1749493.7,PASS,CLEAN,0.0
INV2025002379,V032,Helios Controls,PO2025002379,GRN2025002379,183.0,155,155,14138.14,14138.14,0.0,0.0,2191411.7,2585865.81,PASS,CLEAN,0.0
INV2025002380,V035,Keystone Industrial Products,PO2025002380,GRN2025002380,201.0,201,201,312.54,312.54,0.0,0.0,62820.54,70359.0,PASS,CLEAN,0.0
INV2025002381,V030,Frontier Components,PO2025002381,GRN2025002381,137.0,137,137,3319.59,3319.59,0.0,0.0,454783.83,536644.92,PASS,CLEAN,0.0
INV2025002382,V027,Crest Chemicals,PO2025002382,GRN2025002382,212.0,212,212,1045.57,1045.57,0.0,0.0,221660.84,248260.14,PASS,CLEAN,0.0
INV2025002383,V039,Omkar Facility Products,PO2025002383,GRN2025002383,73.0,73,73,120.49,120.49,0.0,0.0,8795.77,9235.56,PASS,CLEAN,0.0
INV2025002384,V039,Omkar Facility Products,PO2025002384,GRN2025002384,240.0,240,246,191.03,191.03,0.0,2.5,46993.38,49343.05,HOLD,QTY_OVER_RECEIPT,1146.18
INV2025002385,V032,Helios Controls,PO2025002385,GRN2025002385,188.0,188,188,13019.57,13019.57,0.0,0.0,2447679.16,2888261.41,PASS,CLEAN,0.0
INV2025002386,V001,Apex Industrial Supplies Pvt Ltd,PO2025002386,GRN2025002386,25.0,25,25,384.18,384.18,0.0,0.0,9604.5,10084.73,PASS,CLEAN,0.0
INV2026002386,V001,Apex Industrial Supplies Pvt Ltd,PO2025002386,GRN2025002386,25.0,25,25,384.18,384.18,0.0,0.0,9604.5,10084.73,HOLD,DUPLICATE_AMOUNT_VENDOR,0.0
INV2025002387,V035,Keystone Industrial Products,PO2025002387,GRN2025002387,84.0,63,63,3039.83,3039.83,0.0,0.0,191509.29,214490.4,PASS,CLEAN,0.0
INV2025002388,V040,Pioneer Electrical Traders,PO2025002388,GRN2025002388,61.0,61,61,620.23,620.23,0.0,0.0,37834.03,44644.16,PASS,CLEAN,0.0
INV2025002389,V015,Orbit Maintenance Supplies,PO2025002389,GRN2025002389,143.0,143,143,853.99,914.31,7.06,0.0,130746.33,154280.67,HOLD,PRICE_VARIANCE,8625.76
INV2025002390,V013,Metro Fasteners,PO2025002390,GRN2025002390,185.0,185,185,23572.32,23572.32,0.0,0.0,4360879.2,5145837.46,PASS,CLEAN,0.0
INV2025002391,V039,Omkar Facility Products,PO2025002391,GRN2025002391,59.0,59,59,1232.38,1232.38,0.0,0.0,72710.42,76345.94,PASS,CLEAN,0.0
INV2025002392,V014,Nova Tech Systems,PO2025002392,GRN2025002392,241.0,241,241,11426.6,11426.6,0.0,0.0,2753810.6,2891501.13,PASS,CLEAN,0.0
INV2025002393,V032,Helios Controls,PO2025002393,GRN2025002393,156.0,156,156,188.2,188.2,0.0,0.0,29359.2,34643.86,PASS,CLEAN,0.0
INV2026002393,V032,Helios Controls,PO2025002393,GRN2025002393,156.0,156,156,188.2,188.2,0.0,0.0,29359.2,34643.86,HOLD,DUPLICATE_AMOUNT_VENDOR,0.0
INV2025002394,V025,Arun Safety & PPE,PO2025002394,GRN2025002394,75.0,75,75,161.1,161.1,0.0,0.0,12082.5,13532.4,PASS,CLEAN,0.0
INV2025002395,V030,Frontier Components,PO2025002395,GRN2025002395,75.0,75,75,751.76,751.76,0.0,0.0,56382.0,66530.76,PASS,CLEAN,0.0
INV2025002396,V037,Magnus Tools,PO2025002396,GRN2025002396,17.0,18,18,1319.92,1319.92,0.0,0.0,23758.56,28035.1,PASS,CLEAN,0.0
INV2025002397,V023,Westline Consumables,PO2025002397,GRN2025002397,66.0,39,39,256.5,256.5,0.0,0.0,10003.5,11203.92,PASS,CLEAN,0.0
INV2025002398,V009,Indus Mechanical Works,PO2025002398,GRN2025002398,27.0,27,27,344.12,344.12,0.0,0.0,9291.24,10406.19,PASS,CLEAN,0.0
INV2025002399,V015,Orbit Maintenance Supplies,PO2025002399,GRN2025002399,83.0,83,83,736.54,736.54,0.0,0.0,61132.82,72136.73,PASS,CLEAN,0.0
INV2025002400,V017,Quantum Electricals,PO2025002400,GRN2025002400,68.0,68,68,1196.94,1196.94,0.0,0.0,81391.92,96042.47,PASS,CLEAN,0.0
INV2025002401,V008,Horizon IT Distribution,PO2025002401,GRN2025002401,39.0,39,39,880.78,880.78,0.0,0.0,34350.42,40533.5,PASS,CLEAN,0.0
INV2025002402,V031,Ganga Hardware Traders,PO2025002402,GRN2025002402,207.0,207,207,794.0,794.0,0.0,0.0,164358.0,172575.9,PASS,CLEAN,0.0
INV2025002403,V008,Horizon IT Distribution,PO2025002403,GRN2025002403,37.0,37,39,230.84,230.84,0.0,5.41,9002.76,10623.26,HOLD,QTY_OVER_RECEIPT,461.68
INV2025002404,V028,Dynamo Power Systems,PO2025002404,GRN2025002404,221.0,221,221,658.73,658.73,0.0,0.0,145579.33,152858.3,PASS,CLEAN,0.0
INV2025002405,V004,Delta Engineering Components,PO2025002405,GRN2025002405,155.0,155,141,1504.18,1504.18,0.0,-9.03,212089.38,237540.11,PASS,CLEAN,0.0
INV2025002406,V027,Crest Chemicals,PO2025002406,GRN2025002406,32.0,25,25,348.41,391.09,12.25,0.0,9777.25,10950.52,HOLD,PRICE_VARIANCE,1067.0
INV2025002407,V034,Jade Logistics Supplies,PO2025002407,GRN2025002407,26.0,26,26,130.83,130.83,0.0,0.0,3401.58,4013.86,PASS,CLEAN,0.0
INV2025002408,V007,Gamma Safety Solutions,PO2025002408,GRN2025002408,208.0,208,220,99.0,99.0,0.0,5.77,21780.0,22869.0,HOLD,QTY_OVER_RECEIPT,1188.0
INV2025002409,V024,Zenith Engineering Supplies,PO2025002409,GRN2025002409,228.0,228,228,1469.93,1469.93,0.0,0.0,335144.04,375361.32,PASS,CLEAN,0.0
INV2025002410,V040,Pioneer Electrical Traders,PO2025002410,GRN2025002410,61.0,61,61,122.9,122.9,0.0,0.0,7496.9,8846.34,PASS,CLEAN,0.0
INV2025002411,V021,United Process Equipment,PO2025002411,GRN2025002411,176.0,176,176,465.38,465.38,0.0,0.0,81906.88,96650.12,PASS,CLEAN,0.0
INV2025002412,V012,Lotus Packaging India Pvt Ltd,PO2025002412,GRN2025002412,167.0,167,182,155.66,155.66,0.0,8.98,28330.12,31729.73,HOLD,QTY_OVER_RECEIPT,2334.9
INV2025002413,V008,Horizon IT Distribution,PO2025002413,GRN2025002413,154.0,154,154,7586.05,7586.05,0.0,0.0,1168251.7,1378537.01,PASS,CLEAN,0.0
INV2025002414,V036,Lumina Office Technologies,PO2025002414,GRN2025002414,206.0,206,206,126.5,126.5,0.0,0.0,26059.0,30749.62,PASS,CLEAN,0.0
INV2025002415,V040,Pioneer Electrical Traders,PO2025002415,GRN2025002415,119.0,101,101,177.0,177.0,0.0,0.0,17877.0,21094.86,PASS,CLEAN,0.0
INV2025002416,V021,United Process Equipment,PO2025002416,GRN2025002416,166.0,166,166,753.23,857.27,13.81,0.0,142306.82,167922.05,HOLD,PRICE_VARIANCE,17270.64
INV2025002417,V032,Helios Controls,PO2025002417,GRN2025002417,71.0,71,71,1418.84,1418.84,0.0,0.0,100737.64,118870.42,PASS,CLEAN,0.0
INV2025002418,V016,Prime Tools & Components,PO2025002418,GRN2025002418,187.0,187,187,11152.75,11152.75,0.0,0.0,2085564.25,2335831.96,PASS,CLEAN,0.0
INV2025002419,V009,Indus Mechanical Works,PO2025002419,GRN2025002419,242.0,242,242,3219.34,3219.34,0.0,0.0,779080.28,872569.91,PASS,CLEAN,0.0
INV2025002420,V020,Trident Facility Services,PO2025002420,GRN2025002420,202.0,158,158,800.99,800.99,0.0,0.0,126556.42,141743.19,PASS,CLEAN,0.0
INV2025002421,V021,United Process Equipment,PO2025002421,GRN2025002421,215.0,215,215,1910.62,1910.62,0.0,0.0,410783.3,484724.29,PASS,CLEAN,0.0
INV2025002423,V035,Keystone Industrial Products,PO2025002423,GRN2025002423,123.0,123,123,1681.43,1681.43,0.0,0.0,206815.89,231633.8,PASS,CLEAN,0.0
INV2025002424,V001,Apex Industrial Supplies Pvt Ltd,PO2025002424,GRN2025002424,242.0,242,242,622.67,622.67,0.0,0.0,150686.14,158220.45,PASS,CLEAN,0.0
INV2025002425,V006,Falcon Electricals India Pvt Ltd,PO2025002425,GRN2025002425,211.0,156,156,12654.36,12654.36,0.0,0.0,1974080.16,2072784.17,PASS,CLEAN,0.0
INV2025002426,V015,Orbit Maintenance Supplies,PO2025002426,GRN2025002426,123.0,123,123,685.67,778.28,13.51,0.0,95728.44,112959.56,HOLD,PRICE_VARIANCE,11391.03
INV2025002428,V039,Omkar Facility Products,PO2025002428,GRN2025002428,115.0,115,115,876.42,876.42,0.0,0.0,100788.3,105827.71,PASS,CLEAN,0.0
INV2025002429,V038,NexGen Components,PO2025002429,GRN2025002429,142.0,142,142,1481.54,1481.54,0.0,0.0,210378.68,248246.84,PASS,CLEAN,0.0
INV2026002429,V038,NexGen Components,PO2025002429,GRN2025002429,142.0,142,142,1481.54,1481.54,0.0,0.0,210378.68,248246.84,HOLD,DUPLICATE_AMOUNT_VENDOR,0.0
INV2025002430,V023,Westline Consumables,PO2025002430,GRN2025002430,115.0,97,97,1511.81,1511.81,0.0,0.0,146645.57,164243.04,PASS,CLEAN,0.0
INV2025002431,V039,Omkar Facility Products,PO2025002431,GRN2025002431,237.0,237,237,133.06,133.06,0.0,0.0,31535.22,33111.98,PASS,CLEAN,0.0
INV2025002432,V040,Pioneer Electrical Traders,PO2025002432,GRN2025002432,9.0,9,8,120.96,120.96,0.0,-11.11,967.68,1141.86,PASS,CLEAN,0.0
INV2025002433,V020,Trident Facility Services,PO2025002433,GRN2025002433,99.0,99,99,414.72,414.72,0.0,0.0,41057.28,45984.15,PASS,CLEAN,0.0
INV2025002434,V022,Vertex Automation,PO2025002434,GRN2025002434,58.0,58,61,807.08,807.08,0.0,5.17,49231.88,58093.62,HOLD,QTY_OVER_RECEIPT,2421.24
INV2025002435,V013,Metro Fasteners,PO2025002435,GRN2025002435,73.0,77,77,1120.96,1120.96,0.0,0.0,86313.92,101850.43,PASS,CLEAN,0.0
INV2025002436,V029,Eagle Stationery Solutions,PO2025002436,GRN2025002436,209.0,119,119,2916.12,2916.12,0.0,0.0,347018.28,409481.57,PASS,CLEAN,0.0
INV2025002437,V026,Bharat Industrial Stores,PO2025002437,GRN2025002437,235.0,235,235,1149.47,1149.47,0.0,0.0,270125.45,318748.03,PASS,CLEAN,0.0
INV2025002438,V025,Arun Safety & PPE,PO2025002438,GRN2025002438,185.0,187,187,388.88,388.88,0.0,0.0,72720.56,81447.03,PASS,CLEAN,0.0
INV2025002439,V009,Indus Mechanical Works,PO2025002439,GRN2025002439,128.0,128,128,215.48,215.48,0.0,0.0,27581.44,30891.21,PASS,CLEAN,0.0
INV2025002440,V024,Zenith Engineering Supplies,PO2025002440,GRN2025002440,221.0,221,221,1292.45,1292.45,0.0,0.0,285631.45,319907.22,PASS,CLEAN,0.0
INV2025002441,V017,Quantum Electricals,PO2025002441,GRN2025002441,98.0,98,98,444.84,444.84,0.0,0.0,43594.32,51441.3,PASS,CLEAN,0.0
INV2025002442,V017,Quantum Electricals,PO2025002442,GRN2025002442,81.0,81,81,550.41,550.41,0.0,0.0,44583.21,52608.19,PASS,CLEAN,0.0
INV2025002443,V001,Apex Industrial Supplies Pvt Ltd,PO2025002443,GRN2025002443,141.0,141,141,179.08,179.08,0.0,0.0,25250.28,26512.79,PASS,CLEAN,0.0
INV2025002444,V022,Vertex Automation,PO2025002444,GRN2025002444,39.0,39,39,640.34,640.34,0.0,0.0,24973.26,29468.45,PASS,CLEAN,0.0
INV2025002445,V019,Sigma Industrial Products,PO2025002445,GRN2025002445,180.0,180,193,797.65,797.65,0.0,7.22,153946.45,172420.02,HOLD,QTY_OVER_RECEIPT,10369.45
INV2025002446,V036,Lumina Office Technologies,PO2025002446,GRN2025002446,220.0,220,220,808.08,808.08,0.0,0.0,177777.6,209777.57,PASS,CLEAN,0.0
INV2025002447,V026,Bharat Industrial Stores,PO2025002447,GRN2025002447,50.0,50,50,925.52,925.52,0.0,0.0,46276.0,54605.68,PASS,CLEAN,0.0
INV2025002448,V026,Bharat Industrial Stores,PO2025002448,GRN2025002448,27.0,27,27,1041.43,1041.43,0.0,0.0,28118.61,33179.96,PASS,CLEAN,0.0
INV2025002449,V024,Zenith Engineering Supplies,PO2025002449,GRN2025002449,82.0,82,82,426.03,426.03,0.0,0.0,34934.46,39126.6,PASS,CLEAN,0.0
INV2025002451,V017,Quantum Electricals,PO2025002451,GRN2025002451,194.0,118,118,933.56,933.56,0.0,0.0,110160.08,129988.89,PASS,CLEAN,0.0
INV2025002452,V018,Ridgeway Bearings,PO2025002452,GRN2025002452,96.0,96,96,151.34,151.34,0.0,0.0,14528.64,15255.07,PASS,CLEAN,0.0
INV2025002453,V026,Bharat Industrial Stores,PO2025002453,GRN2025002453,146.0,146,146,7231.09,7231.09,0.0,0.0,1055739.14,1245772.19,PASS,CLEAN,0.0
INV2025002454,V040,Pioneer Electrical Traders,PO2025002454,GRN2025002454,206.0,206,206,950.13,950.13,0.0,0.0,195726.78,230957.6,PASS,CLEAN,0.0
INV2025002455,V010,Jupiter Office Products,PO2025002455,GRN2025002455,172.0,172,172,745.29,745.29,0.0,0.0,128189.88,151264.06,PASS,CLEAN,0.0
INV2025002457,V017,Quantum Electricals,PO2025002457,GRN2025002457,125.0,125,125,431.2,431.2,0.0,0.0,53900.0,63602.0,PASS,CLEAN,0.0
INV2025002458,V010,Jupiter Office Products,PO2025002458,GRN2025002458,4.0,4,4,442.54,442.54,0.0,0.0,1770.16,2088.79,PASS,CLEAN,0.0
INV2025002459,V005,Evergreen Facility Products,PO2025002459,GRN2025002459,221.0,221,221,130.43,130.43,0.0,0.0,28825.03,32284.03,PASS,CLEAN,0.0
INV2025002460,V004,Delta Engineering Components,PO2025002460,GRN2025002460,168.0,168,168,525.16,525.16,0.0,0.0,88226.88,98814.11,PASS,CLEAN,0.0
INV2025002461,V015,Orbit Maintenance Supplies,PO2025002461,GRN2025002461,226.0,226,226,778.13,778.13,0.0,0.0,175857.38,207511.71,PASS,CLEAN,0.0
INV2025002462,V019,Sigma Industrial Products,PO2025002462,GRN2025002462,203.0,203,203,620.31,620.31,0.0,0.0,125922.93,141033.68,PASS,CLEAN,0.0
INV2025002463,V016,Prime Tools & Components,PO2025002463,GRN2025002463,245.0,245,245,1257.5,1257.5,0.0,0.0,308087.5,345058.0,PASS,CLEAN,0.0
INV2025002464,V017,Quantum Electricals,PO2025002464,GRN2025002464,163.0,163,163,651.67,651.67,0.0,0.0,106222.21,125342.21,PASS,CLEAN,0.0
INV2025002465,V035,Keystone Industrial Products,PO2025002465,GRN2025002465,53.0,53,53,1015.41,1015.41,0.0,0.0,53816.73,60274.74,PASS,CLEAN,0.0
INV2025002467,V032,Helios Controls,PO2025002467,GRN2025002467,192.0,138,138,2973.85,2973.85,0.0,0.0,410391.3,484261.73,PASS,CLEAN,0.0
INV2025002468,V005,Evergreen Facility Products,PO2025002468,GRN2025002468,14.0,14,14,104.93,104.93,0.0,0.0,1469.02,1645.3,PASS,CLEAN,0.0
INV2025002469,V037,Magnus Tools,PO2025002469,GRN2025002469,212.0,134,134,738.15,738.15,0.0,0.0,98912.1,116716.28,PASS,CLEAN,0.0
INV2025002470,V034,Jade Logistics Supplies,PO2025002470,GRN2025002470,5.0,5,5,3902.17,3902.17,0.0,0.0,19510.85,23022.8,PASS,CLEAN,0.0
INV2025002471,V039,Omkar Facility Products,PO2025002471,GRN2025002471,115.0,115,115,1052.97,1052.97,0.0,0.0,121091.55,127146.13,PASS,CLEAN,0.0
INV2025002472,V035,Keystone Industrial Products,PO2025002472,GRN2025002472,178.0,178,181,166.3,166.3,0.0,1.69,30100.3,33712.34,HOLD,QTY_OVER_RECEIPT,498.9
INV2025002473,V038,NexGen Components,PO2025002473,GRN2025002473,157.0,103,102,237.81,237.81,0.0,-0.97,24256.62,28622.81,PASS,CLEAN,0.0
INV2025002474,V008,Horizon IT Distribution,PO2025002474,GRN2025002474,210.0,178,178,1451.26,1451.26,0.0,0.0,258324.28,304822.65,PASS,CLEAN,0.0
INV2025002475,V035,Keystone Industrial Products,PO2025002475,GRN2025002475,157.0,157,157,595.39,595.39,0.0,0.0,93476.23,104693.38,PASS,CLEAN,0.0
INV2025002476,V011,Kaveri Industrial Traders,PO2025002476,GRN2025002476,63.0,63,63,657.27,657.27,0.0,0.0,41408.01,48861.45,PASS,CLEAN,0.0
INV2025002478,V025,Arun Safety & PPE,PO2025002478,GRN2025002478,240.0,240,240,1933.1,1933.1,0.0,0.0,463944.0,519617.28,PASS,CLEAN,0.0
INV2025002479,V036,Lumina Office Technologies,PO2025002479,GRN2025002479,158.0,158,158,654.51,654.51,0.0,0.0,103412.58,122026.84,PASS,CLEAN,0.0
INV2025002480,V004,Delta Engineering Components,PO2025002480,GRN2025002480,196.0,196,196,130.62,130.62,0.0,0.0,25601.52,28673.7,PASS,CLEAN,0.0
INV2025002481,V024,Zenith Engineering Supplies,PO2025002481,GRN2025002481,164.0,164,164,910.07,910.07,0.0,0.0,149251.48,167161.66,PASS,CLEAN,0.0
INV2025002482,V015,Orbit Maintenance Supplies,PO2025002482,GRN2025002482,171.0,171,166,157.8,157.8,0.0,-2.92,26194.8,30909.86,PASS,CLEAN,0.0
INV2025002483,V015,Orbit Maintenance Supplies,PO2025002483,GRN2025002483,179.0,179,179,801.12,801.12,0.0,0.0,143400.48,169212.57,PASS,CLEAN,0.0
INV2025002484,V021,United Process Equipment,PO2025002484,,56.0,56,56,148.54,148.54,0.0,0.0,8318.24,9815.52,HOLD,MISSING_GRN,0.0
INV2025002486,V027,Crest Chemicals,PO2025002486,GRN2025002486,81.0,81,81,1851.93,1851.93,0.0,0.0,150006.33,168007.09,PASS,CLEAN,0.0
INV2025002487,V011,Kaveri Industrial Traders,PO2025002487,GRN2025002487,202.0,181,181,4883.24,5279.34,8.11,0.0,955560.54,1127561.44,HOLD,PRICE_VARIANCE,71694.1
INV2025002488,V039,Omkar Facility Products,PO2025002488,GRN2025002488,77.0,77,77,1347.13,1347.13,0.0,0.0,103729.01,108915.46,PASS,CLEAN,0.0
INV2025002490,V001,Apex Industrial Supplies Pvt Ltd,PO2025002490,GRN2025002490,125.0,125,125,884.72,884.72,0.0,0.0,110590.0,116119.5,PASS,CLEAN,0.0
INV2025002491,V038,NexGen Components,PO2025002491,GRN2025002491,110.0,110,110,1328.35,1328.35,0.0,0.0,146118.5,172419.83,PASS,CLEAN,0.0
INV2025002492,V034,Jade Logistics Supplies,PO2025002492,GRN2025002492,236.0,236,236,904.54,904.54,0.0,0.0,213471.44,251896.3,PASS,CLEAN,0.0
INV2025002493,V015,Orbit Maintenance Supplies,PO2025002493,GRN2025002493,58.0,58,58,202.23,202.23,0.0,0.0,11729.34,13840.62,PASS,CLEAN,0.0
INV2025002494,V016,Prime Tools & Components,PO2025002494,GRN2025002494,40.0,24,24,11289.93,11289.93,0.0,0.0,270958.32,303473.32,PASS,CLEAN,0.0
INV2025002495,V013,Metro Fasteners,PO2025002495,GRN2025002495,177.0,162,162,808.59,808.59,0.0,0.0,130991.58,154570.06,PASS,CLEAN,0.0
INV2026002495,V013,Metro Fasteners,PO2025002495,GRN2025002495,177.0,162,162,808.59,808.59,0.0,0.0,130991.58,154570.06,HOLD,DUPLICATE_AMOUNT_VENDOR,0.0
INV2025002496,V023,Westline Consumables,PO2025002496,GRN2025002496,53.0,48,48,627.54,627.54,0.0,0.0,30121.92,33736.55,PASS,CLEAN,0.0
INV2025002497,V021,United Process Equipment,PO2025002497,GRN2025002497,169.0,169,169,507.07,507.07,0.0,0.0,85694.83,101119.9,PASS,CLEAN,0.0
INV2025002498,V038,NexGen Components,PO2025002498,GRN2025002498,91.0,91,91,532.48,532.48,0.0,0.0,48455.68,57177.7,PASS,CLEAN,0.0
INV2025002499,V027,Crest Chemicals,PO2025002499,GRN2025002499,161.0,161,161,194.17,212.86,9.63,0.0,34270.46,38382.92,HOLD,PRICE_VARIANCE,3009.09
INV2025002500,V035,Keystone Industrial Products,PO2025002500,GRN2025002500,118.0,118,118,181.65,181.65,0.0,0.0,21434.7,24006.86,PASS,CLEAN,0.0
